t,q,ask_fee,bid_fee,spread,skew,value
0,-20000,0.04,0.01,0.05,0.03,-14878.19616291031
0,-19900,0.04,0.01,0.05,0.03,-14881.432827909899
0,-19800,0.04,0.01,0.05,0.03,-14884.652162812845
0,-19700,0.04,0.01,0.05,0.03,-14887.853717012602
0,-19600,0.04,0.01,0.05,0.03,-14891.03731026144
0,-19500,0.04,0.01,0.05,0.03,-14894.202904710162
0,-19400,0.04,0.01,0.05,0.03,-14897.35053820345
0,-19300,0.04,0.01,0.05,0.03,-14900.480292310402
0,-19200,0.04,0.01,0.05,0.03,-14903.592277857602
0,-19100,0.04,0.01,0.05,0.03,-14906.686627751862
0,-19000,0.04,0.01,0.05,0.03,-14909.76349153326
0,-18900,0.04,0.01,0.05,0.03,-14912.823028957326
0,-18800,0.04,0.01,0.05,0.03,-14915.865401629499
0,-18700,0.04,0.01,0.05,0.03,-14918.890762805626
0,-18600,0.04,0.01,0.05,0.03,-14921.899246219516
0,-18500,0.04,0.01,0.05,0.03,-14924.890955331566
0,-18400,0.04,0.01,0.05,0.03,-14927.865954734063
0,-18300,0.04,0.01,0.05,0.03,-14930.82426557126
0,-18200,0.04,0.01,0.05,0.03,-14933.765866688474
0,-18100,0.04,0.01,0.05,0.03,-14936.690702770791
0,-18000,0.04,0.01,0.05,0.03,-14939.59869994921
0,-17900,0.04,0.01,0.05,0.03,-14942.489788262696
0,-17800,0.04,0.01,0.05,0.03,-14945.363929051286
0,-17700,0.04,0.01,0.05,0.03,-14948.221143981604
0,-17600,0.04,0.01,0.05,0.03,-14951.061541215666
0,-17500,0.04,0.01,0.05,0.03,-14953.885333535853
0,-17400,0.04,0.01,0.05,0.03,-14956.692843349914
0,-17300,0.04,0.01,0.05,0.03,-14959.484490658067
0,-17200,0.04,0.01,0.05,0.03,-14962.26076232121
0,-17100,0.04,0.01,0.05,0.03,-14965.022164103146
0,-17000,0.04,0.01,0.05,0.03,-14967.769160444417
0,-16900,0.04,0.01,0.05,0.03,-14970.502110004001
0,-16800,0.04,0.01,0.05,0.03,-14973.221206861226
0,-16700,0.04,0.01,0.05,0.03,-14975.926437267597
0,-16600,0.04,0.01,0.05,0.03,-14978.617559751969
0,-16500,0.04,0.01,0.05,0.03,-14981.294112524087
0,-16400,0.04,0.01,0.05,0.03,-14983.955447303875
0,-16300,0.04,0.01,0.05,0.03,-14986.600784034978
0,-16200,0.04,0.01,0.05,0.03,-14989.22927750737
0,-16100,0.04,0.01,0.05,0.03,-14991.840085469279
0,-16000,0.04,0.01,0.05,0.03,-14994.432428564505
0,-15900,0.04,0.01,0.05,0.03,-14997.005635023512
0,-15800,0.04,0.01,0.05,0.03,-14999.559166674766
0,-15700,0.04,0.01,0.05,0.03,-15002.092626561453
0,-15600,0.04,0.01,0.05,0.03,-15004.605751405355
0,-15500,0.04,0.015,0.055,0.025,-15007.10389685897
0,-15400,0.04,0.015,0.055,0.025,-15009.627399564291
0,-15300,0.04,0.015,0.055,0.025,-15012.130359735454
0,-15200,0.04,0.015,0.055,0.025,-15014.612711244848
0,-15100,0.035,0.015,0.05,0.020000000000000004,-15017.10583135932
0,-15000,0.035,0.015,0.05,0.020000000000000004,-15019.598407121557
0,-14900,0.035,0.015,0.05,0.020000000000000004,-15022.070464477636
0,-14800,0.035,0.015,0.05,0.020000000000000004,-15024.52201617087
0,-14700,0.035,0.015,0.05,0.020000000000000004,-15026.953123368114
0,-14600,0.035,0.015,0.05,0.020000000000000004,-15029.363879794684
0,-14500,0.035,0.015,0.05,0.020000000000000004,-15031.754399917403
0,-14400,0.035,0.015,0.05,0.020000000000000004,-15034.12481074772
0,-14300,0.035,0.015,0.05,0.020000000000000004,-15036.475246513104
0,-14200,0.035,0.015,0.05,0.020000000000000004,-15038.805845399254
0,-14100,0.035,0.015,0.05,0.020000000000000004,-15041.116747675254
0,-14000,0.035,0.015,0.05,0.020000000000000004,-15043.408094682023
0,-13900,0.035,0.015,0.05,0.020000000000000004,-15045.680028327335
0,-13800,0.035,0.015,0.05,0.020000000000000004,-15047.932690858865
0,-13700,0.035,0.015,0.05,0.020000000000000004,-15050.166224775614
0,-13600,0.035,0.015,0.05,0.020000000000000004,-15052.380772793143
0,-13500,0.035,0.015,0.05,0.020000000000000004,-15054.576477810679
0,-13400,0.035,0.015,0.05,0.020000000000000004,-15056.753482848027
0,-13300,0.035,0.015,0.05,0.020000000000000004,-15058.911930935685
0,-13200,0.035,0.015,0.05,0.020000000000000004,-15061.05196495602
0,-13100,0.035,0.015,0.05,0.020000000000000004,-15063.173727450858
0,-13000,0.035,0.015,0.05,0.020000000000000004,-15065.277360428721
0,-12900,0.035,0.015,0.05,0.020000000000000004,-15067.363005222438
0,-12800,0.035,0.015,0.05,0.020000000000000004,-15069.430802458986
0,-12700,0.035,0.015,0.05,0.020000000000000004,-15071.480892203963
0,-12600,0.035,0.015,0.05,0.020000000000000004,-15073.513414326357
0,-12500,0.035,0.015,0.05,0.020000000000000004,-15075.528509093308
0,-12400,0.035,0.015,0.05,0.020000000000000004,-15077.52631794764
0,-12300,0.035,0.015,0.05,0.020000000000000004,-15079.506984349468
0,-12200,0.035,0.015,0.05,0.020000000000000004,-15081.470654488372
0,-12100,0.035,0.015,0.05,0.020000000000000004,-15083.417477612835
0,-12000,0.035,0.015,0.05,0.020000000000000004,-15085.347605702178
0,-11900,0.035,0.015,0.05,0.020000000000000004,-15087.261192248327
0,-11800,0.035,0.015,0.05,0.020000000000000004,-15089.158390039729
0,-11700,0.035,0.015,0.05,0.020000000000000004,-15091.039348057331
0,-11600,0.035,0.015,0.05,0.020000000000000004,-15092.90420788712
0,-11500,0.035,0.015,0.05,0.020000000000000004,-15094.753100385804
0,-11400,0.035,0.015,0.05,0.020000000000000004,-15096.586143628134
0,-11300,0.035,0.015,0.05,0.020000000000000004,-15098.403443315536
0,-11200,0.035,0.015,0.05,0.020000000000000004,-15100.205096717742
0,-11100,0.035,0.015,0.05,0.020000000000000004,-15101.991200757693
0,-11000,0.035,0.015,0.05,0.020000000000000004,-15103.761863993628
0,-10900,0.035,0.015,0.05,0.020000000000000004,-15105.517221069622
0,-10800,0.035,0.015,0.05,0.020000000000000004,-15107.257446893469
0,-10700,0.035,0.015,0.05,0.020000000000000004,-15108.982766687588
0,-10600,0.035,0.015,0.05,0.020000000000000004,-15110.693457547515
0,-10500,0.035,0.015,0.05,0.020000000000000004,-15112.389837600105
0,-10400,0.035,0.015,0.05,0.020000000000000004,-15114.07224047546
0,-10300,0.035,0.015,0.05,0.020000000000000004,-15115.74097548508
0,-10200,0.035,0.015,0.05,0.020000000000000004,-15117.396277171347
0,-10100,0.035,0.015,0.05,0.020000000000000004,-15119.038251004054
0,-10000,0.035,0.015,0.05,0.020000000000000004,-15120.66682408237
0,-9900,0.035,0.015,0.05,0.020000000000000004,-15122.281710043444
0,-9800,0.035,0.015,0.05,0.020000000000000004,-15123.882395678847
0,-9700,0.035,0.015,0.05,0.020000000000000004,-15125.468153258125
0,-9600,0.035,0.015,0.05,0.020000000000000004,-15127.038078016662
0,-9500,0.035,0.015,0.05,0.020000000000000004,-15128.591145751205
0,-9400,0.035,0.015,0.05,0.020000000000000004,-15130.126282052384
0,-9300,0.035,0.015,0.05,0.020000000000000004,-15131.642433147403
0,-9200,0.035,0.015,0.05,0.020000000000000004,-15133.138628876362
0,-9100,0.035,0.02,0.05500000000000001,0.015000000000000003,-15134.661671068057
0,-9000,0.035,0.02,0.05500000000000001,0.015000000000000003,-15136.169059204898
0,-8900,0.035,0.02,0.05500000000000001,0.015000000000000003,-15137.655840387153
0,-8800,0.03,0.02,0.05,0.009999999999999998,-15139.143186634019
0,-8700,0.03,0.02,0.05,0.009999999999999998,-15140.639257310471
0,-8600,0.03,0.02,0.05,0.009999999999999998,-15142.114518770966
0,-8500,0.03,0.02,0.05,0.009999999999999998,-15143.568307828462
0,-8400,0.03,0.02,0.05,0.009999999999999998,-15145.00012929081
0,-8300,0.03,0.02,0.05,0.009999999999999998,-15146.409649551873
0,-8200,0.03,0.02,0.05,0.009999999999999998,-15147.796679685922
0,-8100,0.03,0.02,0.05,0.009999999999999998,-15149.161152811643
0,-8000,0.03,0.02,0.05,0.009999999999999998,-15150.503099865191
0,-7900,0.03,0.02,0.05,0.009999999999999998,-15151.822626785139
0,-7800,0.03,0.02,0.05,0.009999999999999998,-15153.119894865145
0,-7700,0.03,0.02,0.05,0.009999999999999998,-15154.395104956631
0,-7600,0.03,0.02,0.05,0.009999999999999998,-15155.64848544524
0,-7500,0.03,0.02,0.05,0.009999999999999998,-15156.880283495706
0,-7400,0.03,0.02,0.05,0.009999999999999998,-15158.090758896207
0,-7300,0.03,0.02,0.05,0.009999999999999998,-15159.280179843965
0,-7200,0.03,0.02,0.05,0.009999999999999998,-15160.448820112993
0,-7100,0.03,0.02,0.05,0.009999999999999998,-15161.596957172807
0,-7000,0.03,0.02,0.05,0.009999999999999998,-15162.724870945318
0,-6900,0.03,0.02,0.05,0.009999999999999998,-15163.832842984544
0,-6800,0.03,0.02,0.05,0.009999999999999998,-15164.921155934364
0,-6700,0.03,0.02,0.05,0.009999999999999998,-15165.99009316918
0,-6600,0.03,0.02,0.05,0.009999999999999998,-15167.039938555155
0,-6500,0.03,0.02,0.05,0.009999999999999998,-15168.070976291436
0,-6400,0.03,0.02,0.05,0.009999999999999998,-15169.083490804383
0,-6300,0.03,0.02,0.05,0.009999999999999998,-15170.077766677143
0,-6200,0.03,0.02,0.05,0.009999999999999998,-15171.054088602461
0,-6100,0.03,0.02,0.05,0.009999999999999998,-15172.012741350462
0,-6000,0.03,0.02,0.05,0.009999999999999998,-15172.954009746001
0,-5900,0.03,0.02,0.05,0.009999999999999998,-15173.878178651692
0,-5800,0.03,0.02,0.05,0.009999999999999998,-15174.785532954407
0,-5700,0.03,0.02,0.05,0.009999999999999998,-15175.676357554636
0,-5600,0.03,0.02,0.05,0.009999999999999998,-15176.550937359178
0,-5500,0.03,0.02,0.05,0.009999999999999998,-15177.409557279427
0,-5400,0.03,0.02,0.05,0.009999999999999998,-15178.252502238045
0,-5300,0.03,0.02,0.05,0.009999999999999998,-15179.080057187033
0,-5200,0.03,0.02,0.05,0.009999999999999998,-15179.892507138009
0,-5100,0.03,0.02,0.05,0.009999999999999998,-15180.690137201555
0,-5000,0.03,0.02,0.05,0.009999999999999998,-15181.47323262508
0,-4900,0.03,0.02,0.05,0.009999999999999998,-15182.24207880977
0,-4800,0.03,0.02,0.05,0.009999999999999998,-15182.996961278755
0,-4700,0.03,0.02,0.05,0.009999999999999998,-15183.738165565002
0,-4600,0.03,0.02,0.05,0.009999999999999998,-15184.465976995227
0,-4500,0.03,0.02,0.05,0.009999999999999998,-15185.18068037269
0,-4400,0.03,0.02,0.05,0.009999999999999998,-15185.882559610916
0,-4300,0.03,0.02,0.05,0.009999999999999998,-15186.57189744191
0,-4200,0.03,0.02,0.05,0.009999999999999998,-15187.24897540121
0,-4100,0.03,0.02,0.05,0.009999999999999998,-15187.914074350854
0,-4000,0.03,0.02,0.05,0.009999999999999998,-15188.567475793709
0,-3900,0.03,0.02,0.05,0.009999999999999998,-15189.20946410726
0,-3800,0.03,0.02,0.05,0.009999999999999998,-15189.84032953831
0,-3700,0.03,0.02,0.05,0.009999999999999998,-15190.460371342571
0,-3600,0.03,0.02,0.05,0.009999999999999998,-15191.069899876064
0,-3500,0.03,0.02,0.05,0.009999999999999998,-15191.669235874695
0,-3400,0.03,0.02,0.05,0.009999999999999998,-15192.2587047856
0,-3300,0.03,0.02,0.05,0.009999999999999998,-15192.838624055747
0,-3200,0.03,0.02,0.05,0.009999999999999998,-15193.409281906304
0,-3100,0.03,0.02,0.05,0.009999999999999998,-15193.97090736677
0,-3000,0.03,0.02,0.05,0.009999999999999998,-15194.523633064318
0,-2900,0.03,0.02,0.05,0.009999999999999998,-15195.067454124463
0,-2800,0.03,0.02,0.05,0.009999999999999998,-15195.602188081193
0,-2700,0.03,0.02,0.05,0.009999999999999998,-15196.127441462388
0,-2600,0.03,0.02,0.05,0.009999999999999998,-15196.642588402292
0,-2500,0.03,0.02,0.05,0.009999999999999998,-15197.146765196323
0,-2400,0.03,0.025,0.055,0.0049999999999999975,-15197.649642986033
0,-2300,0.03,0.025,0.055,0.0049999999999999975,-15198.160772194879
0,-2200,0.03,0.025,0.055,0.0049999999999999975,-15198.660678022847
0,-2100,0.03,0.025,0.055,0.0049999999999999975,-15199.148113236872
0,-2000,0.025,0.025,0.05,0.0,-15199.647765708913
0,-1900,0.025,0.025,0.05,0.0,-15200.140029777202
0,-1800,0.025,0.025,0.05,0.0,-15200.61890866018
0,-1700,0.025,0.025,0.05,0.0,-15201.082956518647
0,-1600,0.025,0.025,0.05,0.0,-15201.530626002326
0,-1500,0.025,0.025,0.05,0.0,-15201.960318768639
0,-1400,0.025,0.025,0.05,0.0,-15202.370432312095
0,-1300,0.025,0.025,0.05,0.0,-15202.759399642628
0,-1200,0.025,0.025,0.05,0.0,-15203.125720106505
0,-1100,0.025,0.025,0.05,0.0,-15203.467981270187
0,-1000,0.025,0.025,0.05,0.0,-15203.784872983497
0,-900,0.025,0.025,0.05,0.0,-15204.075195379302
0,-800,0.025,0.025,0.05,0.0,-15204.33786269603
0,-700,0.025,0.025,0.05,0.0,-15204.571904575887
0,-600,0.025,0.025,0.05,0.0,-15204.7764660782
0,-500,0.025,0.025,0.05,0.0,-15204.950807207533
0,-400,0.025,0.025,0.05,0.0,-15205.0943023902
0,-300,0.025,0.025,0.05,0.0,-15205.206440077876
0,-200,0.025,0.025,0.05,0.0,-15205.286822510054
0,-100,0.025,0.025,0.05,0.0,-15205.335165601455
0,0,0.025,0.025,0.05,0.0,-15205.351298904045
0,100,0.025,0.025,0.05,0.0,-15205.335165601457
0,200,0.025,0.025,0.05,0.0,-15205.286822510052
0,300,0.025,0.025,0.05,0.0,-15205.206440077876
0,400,0.025,0.025,0.05,0.0,-15205.09430239021
0,500,0.025,0.025,0.05,0.0,-15204.950807207537
0,600,0.025,0.025,0.05,0.0,-15204.7764660782
0,700,0.025,0.025,0.05,0.0,-15204.571904575896
0,800,0.025,0.025,0.05,0.0,-15204.337862696044
0,900,0.025,0.025,0.05,0.0,-15204.075195379315
0,1000,0.025,0.025,0.05,0.0,-15203.784872983506
0,1100,0.025,0.025,0.05,0.0,-15203.467981270198
0,1200,0.025,0.025,0.05,0.0,-15203.125720106522
0,1300,0.025,0.025,0.05,0.0,-15202.75939964264
0,1400,0.025,0.025,0.05,0.0,-15202.370432312115
0,1500,0.025,0.025,0.05,0.0,-15201.960318768657
0,1600,0.025,0.025,0.05,0.0,-15201.530626002334
0,1700,0.025,0.025,0.05,0.0,-15201.082956518669
0,1800,0.025,0.025,0.05,0.0,-15200.618908660197
0,1900,0.025,0.025,0.05,0.0,-15200.14002977722
0,2000,0.025,0.025,0.05,0.0,-15199.647765708933
0,2100,0.025,0.03,0.055,-0.0049999999999999975,-15199.148113236895
0,2200,0.025,0.03,0.055,-0.0049999999999999975,-15198.660678022867
0,2300,0.025,0.03,0.055,-0.0049999999999999975,-15198.160772194908
0,2400,0.025,0.03,0.055,-0.0049999999999999975,-15197.649642986064
0,2500,0.02,0.03,0.05,-0.009999999999999998,-15197.146765196343
0,2600,0.02,0.03,0.05,-0.009999999999999998,-15196.642588402312
0,2700,0.02,0.03,0.05,-0.009999999999999998,-15196.127441462406
0,2800,0.02,0.03,0.05,-0.009999999999999998,-15195.602188081224
0,2900,0.02,0.03,0.05,-0.009999999999999998,-15195.067454124486
0,3000,0.02,0.03,0.05,-0.009999999999999998,-15194.523633064347
0,3100,0.02,0.03,0.05,-0.009999999999999998,-15193.970907366796
0,3200,0.02,0.03,0.05,-0.009999999999999998,-15193.409281906335
0,3300,0.02,0.03,0.05,-0.009999999999999998,-15192.838624055783
0,3400,0.02,0.03,0.05,-0.009999999999999998,-15192.258704785629
0,3500,0.02,0.03,0.05,-0.009999999999999998,-15191.669235874728
0,3600,0.02,0.03,0.05,-0.009999999999999998,-15191.069899876105
0,3700,0.02,0.03,0.05,-0.009999999999999998,-15190.460371342606
0,3800,0.02,0.03,0.05,-0.009999999999999998,-15189.840329538347
0,3900,0.02,0.03,0.05,-0.009999999999999998,-15189.209464107302
0,4000,0.02,0.03,0.05,-0.009999999999999998,-15188.567475793761
0,4100,0.02,0.03,0.05,-0.009999999999999998,-15187.9140743509
0,4200,0.02,0.03,0.05,-0.009999999999999998,-15187.248975401246
0,4300,0.02,0.03,0.05,-0.009999999999999998,-15186.571897441952
0,4400,0.02,0.03,0.05,-0.009999999999999998,-15185.882559610962
0,4500,0.02,0.03,0.05,-0.009999999999999998,-15185.18068037273
0,4600,0.02,0.03,0.05,-0.009999999999999998,-15184.46597699527
0,4700,0.02,0.03,0.05,-0.009999999999999998,-15183.738165565048
0,4800,0.02,0.03,0.05,-0.009999999999999998,-15182.996961278808
0,4900,0.02,0.03,0.05,-0.009999999999999998,-15182.242078809819
0,5000,0.02,0.03,0.05,-0.009999999999999998,-15181.473232625132
0,5100,0.02,0.03,0.05,-0.009999999999999998,-15180.690137201605
0,5200,0.02,0.03,0.05,-0.009999999999999998,-15179.892507138062
0,5300,0.02,0.03,0.05,-0.009999999999999998,-15179.080057187086
0,5400,0.02,0.03,0.05,-0.009999999999999998,-15178.252502238101
0,5500,0.02,0.03,0.05,-0.009999999999999998,-15177.40955727948
0,5600,0.02,0.03,0.05,-0.009999999999999998,-15176.550937359238
0,5700,0.02,0.03,0.05,-0.009999999999999998,-15175.676357554696
0,5800,0.02,0.03,0.05,-0.009999999999999998,-15174.785532954465
0,5900,0.02,0.03,0.05,-0.009999999999999998,-15173.878178651748
0,6000,0.02,0.03,0.05,-0.009999999999999998,-15172.954009746065
0,6100,0.02,0.03,0.05,-0.009999999999999998,-15172.012741350529
0,6200,0.02,0.03,0.05,-0.009999999999999998,-15171.054088602523
0,6300,0.02,0.03,0.05,-0.009999999999999998,-15170.077766677212
0,6400,0.02,0.03,0.05,-0.009999999999999998,-15169.08349080444
0,6500,0.02,0.03,0.05,-0.009999999999999998,-15168.070976291501
0,6600,0.02,0.03,0.05,-0.009999999999999998,-15167.039938555221
0,6700,0.02,0.03,0.05,-0.009999999999999998,-15165.990093169248
0,6800,0.02,0.03,0.05,-0.009999999999999998,-15164.921155934437
0,6900,0.02,0.03,0.05,-0.009999999999999998,-15163.832842984608
0,7000,0.02,0.03,0.05,-0.009999999999999998,-15162.72487094539
0,7100,0.02,0.03,0.05,-0.009999999999999998,-15161.596957172882
0,7200,0.02,0.03,0.05,-0.009999999999999998,-15160.448820113063
0,7300,0.02,0.03,0.05,-0.009999999999999998,-15159.280179844029
0,7400,0.02,0.03,0.05,-0.009999999999999998,-15158.090758896285
0,7500,0.02,0.03,0.05,-0.009999999999999998,-15156.880283495773
0,7600,0.02,0.03,0.05,-0.009999999999999998,-15155.648485445312
0,7700,0.02,0.03,0.05,-0.009999999999999998,-15154.3951049567
0,7800,0.02,0.03,0.05,-0.009999999999999998,-15153.119894865215
0,7900,0.02,0.03,0.05,-0.009999999999999998,-15151.822626785204
0,8000,0.02,0.03,0.05,-0.009999999999999998,-15150.50309986526
0,8100,0.02,0.03,0.05,-0.009999999999999998,-15149.161152811717
0,8200,0.02,0.03,0.05,-0.009999999999999998,-15147.796679685995
0,8300,0.02,0.03,0.05,-0.009999999999999998,-15146.409649551955
0,8400,0.02,0.03,0.05,-0.009999999999999998,-15145.000129290893
0,8500,0.02,0.03,0.05,-0.009999999999999998,-15143.56830782854
0,8600,0.02,0.03,0.05,-0.009999999999999998,-15142.11451877104
0,8700,0.02,0.03,0.05,-0.009999999999999998,-15140.63925731055
0,8800,0.02,0.03,0.05,-0.009999999999999998,-15139.143186634103
0,8900,0.02,0.035,0.05500000000000001,-0.015000000000000003,-15137.655840387222
0,9000,0.02,0.035,0.05500000000000001,-0.015000000000000003,-15136.16905920498
0,9100,0.02,0.035,0.05500000000000001,-0.015000000000000003,-15134.661671068128
0,9200,0.015,0.035,0.05,-0.020000000000000004,-15133.138628876435
0,9300,0.015,0.035,0.05,-0.020000000000000004,-15131.642433147483
0,9400,0.015,0.035,0.05,-0.020000000000000004,-15130.126282052466
0,9500,0.015,0.035,0.05,-0.020000000000000004,-15128.591145751278
0,9600,0.015,0.035,0.05,-0.020000000000000004,-15127.038078016736
0,9700,0.015,0.035,0.05,-0.020000000000000004,-15125.468153258209
0,9800,0.015,0.035,0.05,-0.020000000000000004,-15123.882395678933
0,9900,0.015,0.035,0.05,-0.020000000000000004,-15122.281710043522
0,10000,0.015,0.035,0.05,-0.020000000000000004,-15120.666824082447
0,10100,0.015,0.035,0.05,-0.020000000000000004,-15119.03825100413
0,10200,0.015,0.035,0.05,-0.020000000000000004,-15117.396277171412
0,10300,0.015,0.035,0.05,-0.020000000000000004,-15115.740975485152
0,10400,0.015,0.035,0.05,-0.020000000000000004,-15114.07224047553
0,10500,0.015,0.035,0.05,-0.020000000000000004,-15112.389837600182
0,10600,0.015,0.035,0.05,-0.020000000000000004,-15110.693457547595
0,10700,0.015,0.035,0.05,-0.020000000000000004,-15108.982766687655
0,10800,0.015,0.035,0.05,-0.020000000000000004,-15107.257446893533
0,10900,0.015,0.035,0.05,-0.020000000000000004,-15105.517221069696
0,11000,0.015,0.035,0.05,-0.020000000000000004,-15103.761863993695
0,11100,0.015,0.035,0.05,-0.020000000000000004,-15101.991200757771
0,11200,0.015,0.035,0.05,-0.020000000000000004,-15100.205096717811
0,11300,0.015,0.035,0.05,-0.020000000000000004,-15098.403443315592
0,11400,0.015,0.035,0.05,-0.020000000000000004,-15096.58614362821
0,11500,0.015,0.035,0.05,-0.020000000000000004,-15094.753100385873
0,11600,0.015,0.035,0.05,-0.020000000000000004,-15092.90420788719
0,11700,0.015,0.035,0.05,-0.020000000000000004,-15091.039348057395
0,11800,0.015,0.035,0.05,-0.020000000000000004,-15089.158390039798
0,11900,0.015,0.035,0.05,-0.020000000000000004,-15087.261192248397
0,12000,0.015,0.035,0.05,-0.020000000000000004,-15085.347605702244
0,12100,0.015,0.035,0.05,-0.020000000000000004,-15083.417477612898
0,12200,0.015,0.035,0.05,-0.020000000000000004,-15081.470654488438
0,12300,0.015,0.035,0.05,-0.020000000000000004,-15079.506984349533
0,12400,0.015,0.035,0.05,-0.020000000000000004,-15077.526317947712
0,12500,0.015,0.035,0.05,-0.020000000000000004,-15075.528509093376
0,12600,0.015,0.035,0.05,-0.020000000000000004,-15073.513414326422
0,12700,0.015,0.035,0.05,-0.020000000000000004,-15071.480892204028
0,12800,0.015,0.035,0.05,-0.020000000000000004,-15069.430802459054
0,12900,0.015,0.035,0.05,-0.020000000000000004,-15067.363005222498
0,13000,0.015,0.035,0.05,-0.020000000000000004,-15065.277360428792
0,13100,0.015,0.035,0.05,-0.020000000000000004,-15063.173727450925
0,13200,0.015,0.035,0.05,-0.020000000000000004,-15061.051964956081
0,13300,0.015,0.035,0.05,-0.020000000000000004,-15058.911930935745
0,13400,0.015,0.035,0.05,-0.020000000000000004,-15056.753482848095
0,13500,0.015,0.035,0.05,-0.020000000000000004,-15054.576477810744
0,13600,0.015,0.035,0.05,-0.020000000000000004,-15052.380772793207
0,13700,0.015,0.035,0.05,-0.020000000000000004,-15050.166224775674
0,13800,0.015,0.035,0.05,-0.020000000000000004,-15047.932690858926
0,13900,0.015,0.035,0.05,-0.020000000000000004,-15045.680028327408
0,14000,0.015,0.035,0.05,-0.020000000000000004,-15043.408094682092
0,14100,0.015,0.035,0.05,-0.020000000000000004,-15041.116747675313
0,14200,0.015,0.035,0.05,-0.020000000000000004,-15038.805845399316
0,14300,0.015,0.035,0.05,-0.020000000000000004,-15036.475246513155
0,14400,0.015,0.035,0.05,-0.020000000000000004,-15034.124810747775
0,14500,0.015,0.035,0.05,-0.020000000000000004,-15031.754399917463
0,14600,0.015,0.035,0.05,-0.020000000000000004,-15029.36387979474
0,14700,0.015,0.035,0.05,-0.020000000000000004,-15026.95312336818
0,14800,0.015,0.035,0.05,-0.020000000000000004,-15024.522016170922
0,14900,0.015,0.035,0.05,-0.020000000000000004,-15022.070464477705
0,15000,0.015,0.035,0.05,-0.020000000000000004,-15019.598407121615
0,15100,0.015,0.035,0.05,-0.020000000000000004,-15017.105831359388
0,15200,0.015,0.04,0.055,-0.025,-15014.612711244903
0,15300,0.015,0.04,0.055,-0.025,-15012.130359735518
0,15400,0.015,0.04,0.055,-0.025,-15009.62739956435
0,15500,0.015,0.04,0.055,-0.025,-15007.10389685903
0,15600,0.01,0.04,0.05,-0.03,-15004.605751405412
0,15700,0.01,0.04,0.05,-0.03,-15002.092626561505
0,15800,0.01,0.04,0.05,-0.03,-14999.559166674817
0,15900,0.01,0.04,0.05,-0.03,-14997.005635023568
0,16000,0.01,0.04,0.05,-0.03,-14994.43242856456
0,16100,0.01,0.04,0.05,-0.03,-14991.84008546934
0,16200,0.01,0.04,0.05,-0.03,-14989.229277507418
0,16300,0.01,0.04,0.05,-0.03,-14986.60078403504
0,16400,0.01,0.04,0.05,-0.03,-14983.955447303928
0,16500,0.01,0.04,0.05,-0.03,-14981.294112524143
0,16600,0.01,0.04,0.05,-0.03,-14978.617559752023
0,16700,0.01,0.04,0.05,-0.03,-14975.926437267648
0,16800,0.01,0.04,0.05,-0.03,-14973.221206861283
0,16900,0.01,0.04,0.05,-0.03,-14970.502110004054
0,17000,0.01,0.04,0.05,-0.03,-14967.769160444466
0,17100,0.01,0.04,0.05,-0.03,-14965.0221641032
0,17200,0.01,0.04,0.05,-0.03,-14962.26076232126
0,17300,0.01,0.04,0.05,-0.03,-14959.484490658124
0,17400,0.01,0.04,0.05,-0.03,-14956.692843349972
0,17500,0.01,0.04,0.05,-0.03,-14953.885333535909
0,17600,0.01,0.04,0.05,-0.03,-14951.061541215722
0,17700,0.01,0.04,0.05,-0.03,-14948.221143981647
0,17800,0.01,0.04,0.05,-0.03,-14945.363929051335
0,17900,0.01,0.04,0.05,-0.03,-14942.48978826275
0,18000,0.01,0.04,0.05,-0.03,-14939.598699949267
0,18100,0.01,0.04,0.05,-0.03,-14936.69070277084
0,18200,0.01,0.04,0.05,-0.03,-14933.765866688527
0,18300,0.01,0.04,0.05,-0.03,-14930.824265571306
0,18400,0.01,0.04,0.05,-0.03,-14927.865954734121
0,18500,0.01,0.04,0.05,-0.03,-14924.890955331623
0,18600,0.01,0.04,0.05,-0.03,-14921.899246219566
0,18700,0.01,0.04,0.05,-0.03,-14918.890762805675
0,18800,0.01,0.04,0.05,-0.03,-14915.865401629553
0,18900,0.01,0.04,0.05,-0.03,-14912.823028957378
0,19000,0.01,0.04,0.05,-0.03,-14909.763491533318
0,19100,0.01,0.04,0.05,-0.03,-14906.686627751908
0,19200,0.01,0.04,0.05,-0.03,-14903.592277857653
0,19300,0.01,0.04,0.05,-0.03,-14900.480292310456
0,19400,0.01,0.04,0.05,-0.03,-14897.350538203507
0,19500,0.01,0.04,0.05,-0.03,-14894.202904710219
0,19600,0.01,0.04,0.05,-0.03,-14891.037310261503
0,19700,0.01,0.04,0.05,-0.03,-14887.85371701267
0,19800,0.01,0.04,0.05,-0.03,-14884.652162812898
0,19900,0.01,0.04,0.05,-0.03,-14881.432827909954
0,20000,0.01,0.04,0.05,-0.03,-14878.196162910366
63,-20000,0.04,0.01,0.05,0.03,-11160.702226199097
63,-19900,0.04,0.01,0.05,0.03,-11163.938891198684
63,-19800,0.04,0.01,0.05,0.03,-11167.158226101628
63,-19700,0.04,0.01,0.05,0.03,-11170.359780301387
63,-19600,0.04,0.01,0.05,0.03,-11173.543373550223
63,-19500,0.04,0.01,0.05,0.03,-11176.70896799895
63,-19400,0.04,0.01,0.05,0.03,-11179.856601492233
63,-19300,0.04,0.01,0.05,0.03,-11182.986355599187
63,-19200,0.04,0.01,0.05,0.03,-11186.098341146386
63,-19100,0.04,0.01,0.05,0.03,-11189.192691040644
63,-19000,0.04,0.01,0.05,0.03,-11192.269554822045
63,-18900,0.04,0.01,0.05,0.03,-11195.32909224611
63,-18800,0.04,0.01,0.05,0.03,-11198.371464918284
63,-18700,0.04,0.01,0.05,0.03,-11201.396826094408
63,-18600,0.04,0.01,0.05,0.03,-11204.405309508293
63,-18500,0.04,0.01,0.05,0.03,-11207.397018620351
63,-18400,0.04,0.01,0.05,0.03,-11210.372018022847
63,-18300,0.04,0.01,0.05,0.03,-11213.33032886004
63,-18200,0.04,0.01,0.05,0.03,-11216.271929977258
63,-18100,0.04,0.01,0.05,0.03,-11219.196766059573
63,-18000,0.04,0.01,0.05,0.03,-11222.104763237996
63,-17900,0.04,0.01,0.05,0.03,-11224.995851551475
63,-17800,0.04,0.01,0.05,0.03,-11227.869992340067
63,-17700,0.04,0.01,0.05,0.03,-11230.727207270387
63,-17600,0.04,0.01,0.05,0.03,-11233.567604504458
63,-17500,0.04,0.01,0.05,0.03,-11236.391396824645
63,-17400,0.04,0.01,0.05,0.03,-11239.198906638707
63,-17300,0.04,0.01,0.05,0.03,-11241.99055394685
63,-17200,0.04,0.01,0.05,0.03,-11244.76682561
63,-17100,0.04,0.01,0.05,0.03,-11247.528227391935
63,-17000,0.04,0.01,0.05,0.03,-11250.27522373321
63,-16900,0.04,0.01,0.05,0.03,-11253.008173292792
63,-16800,0.04,0.01,0.05,0.03,-11255.72727015002
63,-16700,0.04,0.01,0.05,0.03,-11258.43250055639
63,-16600,0.04,0.01,0.05,0.03,-11261.12362304076
63,-16500,0.04,0.01,0.05,0.03,-11263.800175812874
63,-16400,0.04,0.01,0.05,0.03,-11266.461510592664
63,-16300,0.04,0.01,0.05,0.03,-11269.106847323777
63,-16200,0.04,0.01,0.05,0.03,-11271.735340796162
63,-16100,0.04,0.01,0.05,0.03,-11274.34614875807
63,-16000,0.04,0.01,0.05,0.03,-11276.938491853294
63,-15900,0.04,0.01,0.05,0.03,-11279.511698312297
63,-15800,0.04,0.01,0.05,0.03,-11282.065229963557
63,-15700,0.04,0.01,0.05,0.03,-11284.598689850241
63,-15600,0.04,0.01,0.05,0.03,-11287.111814694146
63,-15500,0.04,0.015,0.055,0.025,-11289.609960147767
63,-15400,0.04,0.015,0.055,0.025,-11292.133462853075
63,-15300,0.04,0.015,0.055,0.025,-11294.636423024245
63,-15200,0.04,0.015,0.055,0.025,-11297.118774533641
63,-15100,0.035,0.015,0.05,0.020000000000000004,-11299.61189464811
63,-15000,0.035,0.015,0.05,0.020000000000000004,-11302.104470410348
63,-14900,0.035,0.015,0.05,0.020000000000000004,-11304.576527766427
63,-14800,0.035,0.015,0.05,0.020000000000000004,-11307.028079459653
63,-14700,0.035,0.015,0.05,0.020000000000000004,-11309.459186656904
63,-14600,0.035,0.015,0.05,0.020000000000000004,-11311.86994308347
63,-14500,0.035,0.015,0.05,0.020000000000000004,-11314.260463206192
63,-14400,0.035,0.015,0.05,0.020000000000000004,-11316.630874036506
63,-14300,0.035,0.015,0.05,0.020000000000000004,-11318.981309801891
63,-14200,0.035,0.015,0.05,0.020000000000000004,-11321.311908688043
63,-14100,0.035,0.015,0.05,0.020000000000000004,-11323.622810964049
63,-14000,0.035,0.015,0.05,0.020000000000000004,-11325.91415797081
63,-13900,0.035,0.015,0.05,0.020000000000000004,-11328.186091616119
63,-13800,0.035,0.015,0.05,0.020000000000000004,-11330.438754147652
63,-13700,0.035,0.015,0.05,0.020000000000000004,-11332.672288064405
63,-13600,0.035,0.015,0.05,0.020000000000000004,-11334.886836081934
63,-13500,0.035,0.015,0.05,0.020000000000000004,-11337.082541099464
63,-13400,0.035,0.015,0.05,0.020000000000000004,-11339.259546136822
63,-13300,0.035,0.015,0.05,0.020000000000000004,-11341.417994224474
63,-13200,0.035,0.015,0.05,0.020000000000000004,-11343.558028244805
63,-13100,0.035,0.015,0.05,0.020000000000000004,-11345.67979073965
63,-13000,0.035,0.015,0.05,0.020000000000000004,-11347.783423717518
63,-12900,0.035,0.015,0.05,0.020000000000000004,-11349.869068511225
63,-12800,0.035,0.015,0.05,0.020000000000000004,-11351.93686574778
63,-12700,0.035,0.015,0.05,0.020000000000000004,-11353.986955492757
63,-12600,0.035,0.015,0.05,0.020000000000000004,-11356.019477615142
63,-12500,0.035,0.015,0.05,0.020000000000000004,-11358.034572382097
63,-12400,0.035,0.015,0.05,0.020000000000000004,-11360.032381236428
63,-12300,0.035,0.015,0.05,0.020000000000000004,-11362.013047638262
63,-12200,0.035,0.015,0.05,0.020000000000000004,-11363.97671777716
63,-12100,0.035,0.015,0.05,0.020000000000000004,-11365.923540901622
63,-12000,0.035,0.015,0.05,0.020000000000000004,-11367.853668990974
63,-11900,0.035,0.015,0.05,0.020000000000000004,-11369.767255537123
63,-11800,0.035,0.015,0.05,0.020000000000000004,-11371.66445332852
63,-11700,0.035,0.015,0.05,0.020000000000000004,-11373.545411346124
63,-11600,0.035,0.015,0.05,0.020000000000000004,-11375.410271175913
63,-11500,0.035,0.015,0.05,0.020000000000000004,-11377.259163674593
63,-11400,0.035,0.015,0.05,0.020000000000000004,-11379.092206916936
63,-11300,0.035,0.015,0.05,0.020000000000000004,-11380.909506604317
63,-11200,0.035,0.015,0.05,0.020000000000000004,-11382.711160006533
63,-11100,0.035,0.015,0.05,0.020000000000000004,-11384.497264046484
63,-11000,0.035,0.015,0.05,0.020000000000000004,-11386.267927282423
63,-10900,0.035,0.015,0.05,0.020000000000000004,-11388.023284358418
63,-10800,0.035,0.015,0.05,0.020000000000000004,-11389.763510182245
63,-10700,0.035,0.015,0.05,0.020000000000000004,-11391.488829976372
63,-10600,0.035,0.015,0.05,0.020000000000000004,-11393.199520836311
63,-10500,0.035,0.015,0.05,0.020000000000000004,-11394.895900888896
63,-10400,0.035,0.015,0.05,0.020000000000000004,-11396.578303764245
63,-10300,0.035,0.015,0.05,0.020000000000000004,-11398.247038773872
63,-10200,0.035,0.015,0.05,0.020000000000000004,-11399.902340460123
63,-10100,0.035,0.015,0.05,0.020000000000000004,-11401.544314292845
63,-10000,0.035,0.015,0.05,0.020000000000000004,-11403.172887371162
63,-9900,0.035,0.015,0.05,0.020000000000000004,-11404.787773332231
63,-9800,0.035,0.015,0.05,0.020000000000000004,-11406.38845896763
63,-9700,0.035,0.015,0.05,0.020000000000000004,-11407.974216546918
63,-9600,0.035,0.015,0.05,0.020000000000000004,-11409.544141305441
63,-9500,0.035,0.015,0.05,0.020000000000000004,-11411.097209039996
63,-9400,0.035,0.015,0.05,0.020000000000000004,-11412.632345341171
63,-9300,0.035,0.015,0.05,0.020000000000000004,-11414.148496436197
63,-9200,0.035,0.015,0.05,0.020000000000000004,-11415.644692165144
63,-9100,0.035,0.02,0.05500000000000001,0.015000000000000003,-11417.167734356844
63,-9000,0.035,0.02,0.05500000000000001,0.015000000000000003,-11418.675122493687
63,-8900,0.035,0.02,0.05500000000000001,0.015000000000000003,-11420.161903675935
63,-8800,0.03,0.02,0.05,0.009999999999999998,-11421.649249922808
63,-8700,0.03,0.02,0.05,0.009999999999999998,-11423.145320599253
63,-8600,0.03,0.02,0.05,0.009999999999999998,-11424.62058205974
63,-8500,0.03,0.02,0.05,0.009999999999999998,-11426.074371117244
63,-8400,0.03,0.02,0.05,0.009999999999999998,-11427.506192579589
63,-8300,0.03,0.02,0.05,0.009999999999999998,-11428.91571284066
63,-8200,0.03,0.02,0.05,0.009999999999999998,-11430.302742974698
63,-8100,0.03,0.02,0.05,0.009999999999999998,-11431.66721610043
63,-8000,0.03,0.02,0.05,0.009999999999999998,-11433.009163153967
63,-7900,0.03,0.02,0.05,0.009999999999999998,-11434.328690073913
63,-7800,0.03,0.02,0.05,0.009999999999999998,-11435.625958153916
63,-7700,0.03,0.02,0.05,0.009999999999999998,-11436.901168245415
63,-7600,0.03,0.02,0.05,0.009999999999999998,-11438.154548734019
63,-7500,0.03,0.02,0.05,0.009999999999999998,-11439.386346784486
63,-7400,0.03,0.02,0.05,0.009999999999999998,-11440.596822184989
63,-7300,0.03,0.02,0.05,0.009999999999999998,-11441.78624313273
63,-7200,0.03,0.02,0.05,0.009999999999999998,-11442.954883401775
63,-7100,0.03,0.02,0.05,0.009999999999999998,-11444.103020461593
63,-7000,0.03,0.02,0.05,0.009999999999999998,-11445.230934234101
63,-6900,0.03,0.02,0.05,0.009999999999999998,-11446.338906273324
63,-6800,0.03,0.02,0.05,0.009999999999999998,-11447.427219223147
63,-6700,0.03,0.02,0.05,0.009999999999999998,-11448.49615645796
63,-6600,0.03,0.02,0.05,0.009999999999999998,-11449.546001843935
63,-6500,0.03,0.02,0.05,0.009999999999999998,-11450.57703958021
63,-6400,0.03,0.02,0.05,0.009999999999999998,-11451.589554093156
63,-6300,0.03,0.02,0.05,0.009999999999999998,-11452.583829965924
63,-6200,0.03,0.02,0.05,0.009999999999999998,-11453.560151891237
63,-6100,0.03,0.02,0.05,0.009999999999999998,-11454.518804639238
63,-6000,0.03,0.02,0.05,0.009999999999999998,-11455.460073034776
63,-5900,0.03,0.02,0.05,0.009999999999999998,-11456.384241940461
63,-5800,0.03,0.02,0.05,0.009999999999999998,-11457.291596243174
63,-5700,0.03,0.02,0.05,0.009999999999999998,-11458.182420843406
63,-5600,0.03,0.02,0.05,0.009999999999999998,-11459.057000647945
63,-5500,0.03,0.02,0.05,0.009999999999999998,-11459.915620568196
63,-5400,0.03,0.02,0.05,0.009999999999999998,-11460.75856552682
63,-5300,0.03,0.02,0.05,0.009999999999999998,-11461.586120475802
63,-5200,0.03,0.02,0.05,0.009999999999999998,-11462.398570426774
63,-5100,0.03,0.02,0.05,0.009999999999999998,-11463.19620049033
63,-5000,0.03,0.02,0.05,0.009999999999999998,-11463.979295913856
63,-4900,0.03,0.02,0.05,0.009999999999999998,-11464.74814209854
63,-4800,0.03,0.02,0.05,0.009999999999999998,-11465.50302456753
63,-4700,0.03,0.02,0.05,0.009999999999999998,-11466.244228853771
63,-4600,0.03,0.02,0.05,0.009999999999999998,-11466.972040284
63,-4500,0.03,0.02,0.05,0.009999999999999998,-11467.686743661458
63,-4400,0.03,0.02,0.05,0.009999999999999998,-11468.388622899685
63,-4300,0.03,0.02,0.05,0.009999999999999998,-11469.07796073068
63,-4200,0.03,0.02,0.05,0.009999999999999998,-11469.755038689982
63,-4100,0.03,0.02,0.05,0.009999999999999998,-11470.420137639627
63,-4000,0.03,0.02,0.05,0.009999999999999998,-11471.07353908249
63,-3900,0.03,0.02,0.05,0.009999999999999998,-11471.715527396034
63,-3800,0.03,0.02,0.05,0.009999999999999998,-11472.346392827081
63,-3700,0.03,0.02,0.05,0.009999999999999998,-11472.966434631337
63,-3600,0.03,0.02,0.05,0.009999999999999998,-11473.575963164843
63,-3500,0.03,0.02,0.05,0.009999999999999998,-11474.175299163468
63,-3400,0.03,0.02,0.05,0.009999999999999998,-11474.764768074368
63,-3300,0.03,0.02,0.05,0.009999999999999998,-11475.344687344521
63,-3200,0.03,0.02,0.05,0.009999999999999998,-11475.915345195064
63,-3100,0.03,0.02,0.05,0.009999999999999998,-11476.47697065553
63,-3000,0.03,0.02,0.05,0.009999999999999998,-11477.029696353087
63,-2900,0.03,0.02,0.05,0.009999999999999998,-11477.573517413231
63,-2800,0.03,0.02,0.05,0.009999999999999998,-11478.108251369966
63,-2700,0.03,0.02,0.05,0.009999999999999998,-11478.633504751147
63,-2600,0.03,0.02,0.05,0.009999999999999998,-11479.14865169105
63,-2500,0.03,0.02,0.05,0.009999999999999998,-11479.65282848509
63,-2400,0.03,0.025,0.055,0.0049999999999999975,-11480.155706274812
63,-2300,0.03,0.025,0.055,0.0049999999999999975,-11480.66683548365
63,-2200,0.03,0.025,0.055,0.0049999999999999975,-11481.166741311612
63,-2100,0.03,0.025,0.055,0.0049999999999999975,-11481.654176525642
63,-2000,0.025,0.025,0.05,0.0,-11482.153828997678
63,-1900,0.025,0.025,0.05,0.0,-11482.646093065963
63,-1800,0.025,0.025,0.05,0.0,-11483.124971948948
63,-1700,0.025,0.025,0.05,0.0,-11483.589019807416
63,-1600,0.025,0.025,0.05,0.0,-11484.036689291093
63,-1500,0.025,0.025,0.05,0.0,-11484.466382057406
63,-1400,0.025,0.025,0.05,0.0,-11484.87649560086
63,-1300,0.025,0.025,0.05,0.0,-11485.265462931395
63,-1200,0.025,0.025,0.05,0.0,-11485.631783395269
63,-1100,0.025,0.025,0.05,0.0,-11485.974044558949
63,-1000,0.025,0.025,0.05,0.0,-11486.290936272258
63,-900,0.025,0.025,0.05,0.0,-11486.58125866807
63,-800,0.025,0.025,0.05,0.0,-11486.843925984784
63,-700,0.025,0.025,0.05,0.0,-11487.077967864654
63,-600,0.025,0.025,0.05,0.0,-11487.282529366963
63,-500,0.025,0.025,0.05,0.0,-11487.456870496291
63,-400,0.025,0.025,0.05,0.0,-11487.600365678956
63,-300,0.025,0.025,0.05,0.0,-11487.712503366627
63,-200,0.025,0.025,0.05,0.0,-11487.792885798814
63,-100,0.025,0.025,0.05,0.0,-11487.841228890218
63,0,0.025,0.025,0.05,0.0,-11487.857362192804
63,100,0.025,0.025,0.05,0.0,-11487.841228890218
63,200,0.025,0.025,0.05,0.0,-11487.792885798803
63,300,0.025,0.025,0.05,0.0,-11487.712503366625
63,400,0.025,0.025,0.05,0.0,-11487.600365678963
63,500,0.025,0.025,0.05,0.0,-11487.456870496293
63,600,0.025,0.025,0.05,0.0,-11487.282529366963
63,700,0.025,0.025,0.05,0.0,-11487.07796786465
63,800,0.025,0.025,0.05,0.0,-11486.843925984791
63,900,0.025,0.025,0.05,0.0,-11486.581258668066
63,1000,0.025,0.025,0.05,0.0,-11486.29093627226
63,1100,0.025,0.025,0.05,0.0,-11485.974044558952
63,1200,0.025,0.025,0.05,0.0,-11485.631783395267
63,1300,0.025,0.025,0.05,0.0,-11485.265462931393
63,1400,0.025,0.025,0.05,0.0,-11484.876495600867
63,1500,0.025,0.025,0.05,0.0,-11484.466382057411
63,1600,0.025,0.025,0.05,0.0,-11484.03668929109
63,1700,0.025,0.025,0.05,0.0,-11483.589019807416
63,1800,0.025,0.025,0.05,0.0,-11483.124971948951
63,1900,0.025,0.025,0.05,0.0,-11482.646093065974
63,2000,0.025,0.025,0.05,0.0,-11482.15382899769
63,2100,0.025,0.03,0.055,-0.0049999999999999975,-11481.654176525653
63,2200,0.025,0.03,0.055,-0.0049999999999999975,-11481.166741311623
63,2300,0.025,0.03,0.055,-0.0049999999999999975,-11480.666835483662
63,2400,0.025,0.03,0.055,-0.0049999999999999975,-11480.155706274812
63,2500,0.02,0.03,0.05,-0.009999999999999998,-11479.652828485103
63,2600,0.02,0.03,0.05,-0.009999999999999998,-11479.148651691066
63,2700,0.02,0.03,0.05,-0.009999999999999998,-11478.633504751164
63,2800,0.02,0.03,0.05,-0.009999999999999998,-11478.108251369975
63,2900,0.02,0.03,0.05,-0.009999999999999998,-11477.573517413244
63,3000,0.02,0.03,0.05,-0.009999999999999998,-11477.029696353105
63,3100,0.02,0.03,0.05,-0.009999999999999998,-11476.476970655549
63,3200,0.02,0.03,0.05,-0.009999999999999998,-11475.915345195088
63,3300,0.02,0.03,0.05,-0.009999999999999998,-11475.344687344537
63,3400,0.02,0.03,0.05,-0.009999999999999998,-11474.764768074387
63,3500,0.02,0.03,0.05,-0.009999999999999998,-11474.175299163488
63,3600,0.02,0.03,0.05,-0.009999999999999998,-11473.575963164862
63,3700,0.02,0.03,0.05,-0.009999999999999998,-11472.966434631362
63,3800,0.02,0.03,0.05,-0.009999999999999998,-11472.346392827105
63,3900,0.02,0.03,0.05,-0.009999999999999998,-11471.715527396063
63,4000,0.02,0.03,0.05,-0.009999999999999998,-11471.073539082508
63,4100,0.02,0.03,0.05,-0.009999999999999998,-11470.420137639658
63,4200,0.02,0.03,0.05,-0.009999999999999998,-11469.755038690006
63,4300,0.02,0.03,0.05,-0.009999999999999998,-11469.077960730705
63,4400,0.02,0.03,0.05,-0.009999999999999998,-11468.388622899725
63,4500,0.02,0.03,0.05,-0.009999999999999998,-11467.686743661488
63,4600,0.02,0.03,0.05,-0.009999999999999998,-11466.972040284038
63,4700,0.02,0.03,0.05,-0.009999999999999998,-11466.244228853808
63,4800,0.02,0.03,0.05,-0.009999999999999998,-11465.503024567564
63,4900,0.02,0.03,0.05,-0.009999999999999998,-11464.748142098579
63,5000,0.02,0.03,0.05,-0.009999999999999998,-11463.979295913892
63,5100,0.02,0.03,0.05,-0.009999999999999998,-11463.19620049037
63,5200,0.02,0.03,0.05,-0.009999999999999998,-11462.398570426814
63,5300,0.02,0.03,0.05,-0.009999999999999998,-11461.586120475844
63,5400,0.02,0.03,0.05,-0.009999999999999998,-11460.758565526863
63,5500,0.02,0.03,0.05,-0.009999999999999998,-11459.915620568243
63,5600,0.02,0.03,0.05,-0.009999999999999998,-11459.057000647996
63,5700,0.02,0.03,0.05,-0.009999999999999998,-11458.182420843455
63,5800,0.02,0.03,0.05,-0.009999999999999998,-11457.291596243225
63,5900,0.02,0.03,0.05,-0.009999999999999998,-11456.384241940508
63,6000,0.02,0.03,0.05,-0.009999999999999998,-11455.460073034825
63,6100,0.02,0.03,0.05,-0.009999999999999998,-11454.518804639281
63,6200,0.02,0.03,0.05,-0.009999999999999998,-11453.560151891286
63,6300,0.02,0.03,0.05,-0.009999999999999998,-11452.583829965977
63,6400,0.02,0.03,0.05,-0.009999999999999998,-11451.58955409321
63,6500,0.02,0.03,0.05,-0.009999999999999998,-11450.577039580257
63,6600,0.02,0.03,0.05,-0.009999999999999998,-11449.54600184399
63,6700,0.02,0.03,0.05,-0.009999999999999998,-11448.496156458014
63,6800,0.02,0.03,0.05,-0.009999999999999998,-11447.427219223197
63,6900,0.02,0.03,0.05,-0.009999999999999998,-11446.338906273377
63,7000,0.02,0.03,0.05,-0.009999999999999998,-11445.23093423415
63,7100,0.02,0.03,0.05,-0.009999999999999998,-11444.103020461645
63,7200,0.02,0.03,0.05,-0.009999999999999998,-11442.954883401831
63,7300,0.02,0.03,0.05,-0.009999999999999998,-11441.786243132792
63,7400,0.02,0.03,0.05,-0.009999999999999998,-11440.596822185047
63,7500,0.02,0.03,0.05,-0.009999999999999998,-11439.386346784544
63,7600,0.02,0.03,0.05,-0.009999999999999998,-11438.154548734083
63,7700,0.02,0.03,0.05,-0.009999999999999998,-11436.901168245477
63,7800,0.02,0.03,0.05,-0.009999999999999998,-11435.625958153987
63,7900,0.02,0.03,0.05,-0.009999999999999998,-11434.328690073968
63,8000,0.02,0.03,0.05,-0.009999999999999998,-11433.009163154038
63,8100,0.02,0.03,0.05,-0.009999999999999998,-11431.667216100492
63,8200,0.02,0.03,0.05,-0.009999999999999998,-11430.302742974767
63,8300,0.02,0.03,0.05,-0.009999999999999998,-11428.915712840726
63,8400,0.02,0.03,0.05,-0.009999999999999998,-11427.506192579658
63,8500,0.02,0.03,0.05,-0.009999999999999998,-11426.074371117324
63,8600,0.02,0.03,0.05,-0.009999999999999998,-11424.62058205982
63,8700,0.02,0.03,0.05,-0.009999999999999998,-11423.145320599318
63,8800,0.02,0.03,0.05,-0.009999999999999998,-11421.649249922877
63,8900,0.02,0.035,0.05500000000000001,-0.015000000000000003,-11420.161903675997
63,9000,0.02,0.035,0.05500000000000001,-0.015000000000000003,-11418.67512249375
63,9100,0.02,0.035,0.05500000000000001,-0.015000000000000003,-11417.167734356908
63,9200,0.015,0.035,0.05,-0.020000000000000004,-11415.644692165208
63,9300,0.015,0.035,0.05,-0.020000000000000004,-11414.148496436255
63,9400,0.015,0.035,0.05,-0.020000000000000004,-11412.632345341235
63,9500,0.015,0.035,0.05,-0.020000000000000004,-11411.097209040056
63,9600,0.015,0.035,0.05,-0.020000000000000004,-11409.54414130551
63,9700,0.015,0.035,0.05,-0.020000000000000004,-11407.974216546983
63,9800,0.015,0.035,0.05,-0.020000000000000004,-11406.3884589677
63,9900,0.015,0.035,0.05,-0.020000000000000004,-11404.787773332297
63,10000,0.015,0.035,0.05,-0.020000000000000004,-11403.172887371224
63,10100,0.015,0.035,0.05,-0.020000000000000004,-11401.544314292902
63,10200,0.015,0.035,0.05,-0.020000000000000004,-11399.90234046019
63,10300,0.015,0.035,0.05,-0.020000000000000004,-11398.247038773934
63,10400,0.015,0.035,0.05,-0.020000000000000004,-11396.57830376431
63,10500,0.015,0.035,0.05,-0.020000000000000004,-11394.895900888958
63,10600,0.015,0.035,0.05,-0.020000000000000004,-11393.199520836368
63,10700,0.015,0.035,0.05,-0.020000000000000004,-11391.488829976437
63,10800,0.015,0.035,0.05,-0.020000000000000004,-11389.763510182314
63,10900,0.015,0.035,0.05,-0.020000000000000004,-11388.023284358465
63,11000,0.015,0.035,0.05,-0.020000000000000004,-11386.267927282479
63,11100,0.015,0.035,0.05,-0.020000000000000004,-11384.497264046546
63,11200,0.015,0.035,0.05,-0.020000000000000004,-11382.711160006595
63,11300,0.015,0.035,0.05,-0.020000000000000004,-11380.909506604386
63,11400,0.015,0.035,0.05,-0.020000000000000004,-11379.092206916985
63,11500,0.015,0.035,0.05,-0.020000000000000004,-11377.259163674651
63,11600,0.015,0.035,0.05,-0.020000000000000004,-11375.410271175973
63,11700,0.015,0.035,0.05,-0.020000000000000004,-11373.545411346171
63,11800,0.015,0.035,0.05,-0.020000000000000004,-11371.664453328578
63,11900,0.015,0.035,0.05,-0.020000000000000004,-11369.76725553718
63,12000,0.015,0.035,0.05,-0.020000000000000004,-11367.85366899104
63,12100,0.015,0.035,0.05,-0.020000000000000004,-11365.923540901684
63,12200,0.015,0.035,0.05,-0.020000000000000004,-11363.976717777216
63,12300,0.015,0.035,0.05,-0.020000000000000004,-11362.013047638316
63,12400,0.015,0.035,0.05,-0.020000000000000004,-11360.03238123649
63,12500,0.015,0.035,0.05,-0.020000000000000004,-11358.03457238216
63,12600,0.015,0.035,0.05,-0.020000000000000004,-11356.019477615202
63,12700,0.015,0.035,0.05,-0.020000000000000004,-11353.986955492815
63,12800,0.015,0.035,0.05,-0.020000000000000004,-11351.93686574784
63,12900,0.015,0.035,0.05,-0.020000000000000004,-11349.869068511282
63,13000,0.015,0.035,0.05,-0.020000000000000004,-11347.783423717572
63,13100,0.015,0.035,0.05,-0.020000000000000004,-11345.679790739705
63,13200,0.015,0.035,0.05,-0.020000000000000004,-11343.558028244866
63,13300,0.015,0.035,0.05,-0.020000000000000004,-11341.417994224526
63,13400,0.015,0.035,0.05,-0.020000000000000004,-11339.259546136875
63,13500,0.015,0.035,0.05,-0.020000000000000004,-11337.082541099524
63,13600,0.015,0.035,0.05,-0.020000000000000004,-11334.886836081998
63,13700,0.015,0.035,0.05,-0.020000000000000004,-11332.672288064461
63,13800,0.015,0.035,0.05,-0.020000000000000004,-11330.438754147703
63,13900,0.015,0.035,0.05,-0.020000000000000004,-11328.18609161618
63,14000,0.015,0.035,0.05,-0.020000000000000004,-11325.914157970865
63,14100,0.015,0.035,0.05,-0.020000000000000004,-11323.622810964092
63,14200,0.015,0.035,0.05,-0.020000000000000004,-11321.311908688103
63,14300,0.015,0.035,0.05,-0.020000000000000004,-11318.981309801944
63,14400,0.015,0.035,0.05,-0.020000000000000004,-11316.630874036562
63,14500,0.015,0.035,0.05,-0.020000000000000004,-11314.260463206248
63,14600,0.015,0.035,0.05,-0.020000000000000004,-11311.869943083522
63,14700,0.015,0.035,0.05,-0.020000000000000004,-11309.459186656964
63,14800,0.015,0.035,0.05,-0.020000000000000004,-11307.028079459707
63,14900,0.015,0.035,0.05,-0.020000000000000004,-11304.576527766489
63,15000,0.015,0.035,0.05,-0.020000000000000004,-11302.104470410402
63,15100,0.015,0.035,0.05,-0.020000000000000004,-11299.611894648171
63,15200,0.015,0.04,0.055,-0.025,-11297.118774533692
63,15300,0.015,0.04,0.055,-0.025,-11294.6364230243
63,15400,0.015,0.04,0.055,-0.025,-11292.133462853133
63,15500,0.015,0.04,0.055,-0.025,-11289.609960147813
63,15600,0.01,0.04,0.05,-0.03,-11287.1118146942
63,15700,0.01,0.04,0.05,-0.03,-11284.598689850296
63,15800,0.01,0.04,0.05,-0.03,-11282.065229963604
63,15900,0.01,0.04,0.05,-0.03,-11279.51169831236
63,16000,0.01,0.04,0.05,-0.03,-11276.938491853354
63,16100,0.01,0.04,0.05,-0.03,-11274.346148758126
63,16200,0.01,0.04,0.05,-0.03,-11271.735340796211
63,16300,0.01,0.04,0.05,-0.03,-11269.106847323823
63,16400,0.01,0.04,0.05,-0.03,-11266.461510592717
63,16500,0.01,0.04,0.05,-0.03,-11263.800175812927
63,16600,0.01,0.04,0.05,-0.03,-11261.123623040816
63,16700,0.01,0.04,0.05,-0.03,-11258.432500556437
63,16800,0.01,0.04,0.05,-0.03,-11255.72727015007
63,16900,0.01,0.04,0.05,-0.03,-11253.008173292843
63,17000,0.01,0.04,0.05,-0.03,-11250.275223733266
63,17100,0.01,0.04,0.05,-0.03,-11247.528227391993
63,17200,0.01,0.04,0.05,-0.03,-11244.766825610055
63,17300,0.01,0.04,0.05,-0.03,-11241.990553946913
63,17400,0.01,0.04,0.05,-0.03,-11239.19890663877
63,17500,0.01,0.04,0.05,-0.03,-11236.391396824703
63,17600,0.01,0.04,0.05,-0.03,-11233.567604504507
63,17700,0.01,0.04,0.05,-0.03,-11230.727207270447
63,17800,0.01,0.04,0.05,-0.03,-11227.869992340125
63,17900,0.01,0.04,0.05,-0.03,-11224.995851551537
63,18000,0.01,0.04,0.05,-0.03,-11222.104763238054
63,18100,0.01,0.04,0.05,-0.03,-11219.196766059635
63,18200,0.01,0.04,0.05,-0.03,-11216.271929977318
63,18300,0.01,0.04,0.05,-0.03,-11213.330328860104
63,18400,0.01,0.04,0.05,-0.03,-11210.372018022908
63,18500,0.01,0.04,0.05,-0.03,-11207.397018620413
63,18600,0.01,0.04,0.05,-0.03,-11204.405309508355
63,18700,0.01,0.04,0.05,-0.03,-11201.39682609447
63,18800,0.01,0.04,0.05,-0.03,-11198.371464918342
63,18900,0.01,0.04,0.05,-0.03,-11195.329092246167
63,19000,0.01,0.04,0.05,-0.03,-11192.2695548221
63,19100,0.01,0.04,0.05,-0.03,-11189.192691040702
63,19200,0.01,0.04,0.05,-0.03,-11186.098341146442
63,19300,0.01,0.04,0.05,-0.03,-11182.986355599243
63,19400,0.01,0.04,0.05,-0.03,-11179.856601492293
63,19500,0.01,0.04,0.05,-0.03,-11176.708967999013
63,19600,0.01,0.04,0.05,-0.03,-11173.543373550283
63,19700,0.01,0.04,0.05,-0.03,-11170.359780301453
63,19800,0.01,0.04,0.05,-0.03,-11167.158226101688
63,19900,0.01,0.04,0.05,-0.03,-11163.938891198735
63,20000,0.01,0.04,0.05,-0.03,-11160.702226199153
126,-20000,0.04,0.01,0.05,0.03,-7388.658355332584
126,-19900,0.04,0.01,0.05,0.03,-7391.895020332102
126,-19800,0.04,0.01,0.05,0.03,-7395.114355234973
126,-19700,0.04,0.01,0.05,0.03,-7398.315909434667
126,-19600,0.04,0.01,0.05,0.03,-7401.49950268343
126,-19500,0.04,0.01,0.05,0.03,-7404.665097132082
126,-19400,0.04,0.01,0.05,0.03,-7407.8127306253045
126,-19300,0.04,0.01,0.05,0.03,-7410.94248473219
126,-19200,0.04,0.01,0.05,0.03,-7414.054470279326
126,-19100,0.04,0.01,0.05,0.03,-7417.148820173517
126,-19000,0.04,0.01,0.05,0.03,-7420.225683954859
126,-18900,0.04,0.01,0.05,0.03,-7423.285221378859
126,-18800,0.04,0.01,0.05,0.03,-7426.327594050972
126,-18700,0.04,0.01,0.05,0.03,-7429.352955227037
126,-18600,0.04,0.01,0.05,0.03,-7432.361438640866
126,-18500,0.04,0.01,0.05,0.03,-7435.353147752867
126,-18400,0.04,0.01,0.05,0.03,-7438.328147155302
126,-18300,0.04,0.01,0.05,0.03,-7441.286457992435
126,-18200,0.04,0.01,0.05,0.03,-7444.228059109601
126,-18100,0.04,0.01,0.05,0.03,-7447.152895191862
126,-18000,0.04,0.01,0.05,0.03,-7450.060892370231
126,-17900,0.04,0.01,0.05,0.03,-7452.951980683654
126,-17800,0.04,0.01,0.05,0.03,-7455.826121472188
126,-17700,0.04,0.01,0.05,0.03,-7458.683336402453
126,-17600,0.04,0.01,0.05,0.03,-7461.523733636469
126,-17500,0.04,0.01,0.05,0.03,-7464.347525956602
126,-17400,0.04,0.01,0.05,0.03,-7467.15503577062
126,-17300,0.04,0.01,0.05,0.03,-7469.946683078719
126,-17200,0.04,0.01,0.05,0.03,-7472.722954741812
126,-17100,0.04,0.01,0.05,0.03,-7475.484356523707
126,-17000,0.04,0.01,0.05,0.03,-7478.231352864932
126,-16900,0.04,0.01,0.05,0.03,-7480.964302424475
126,-16800,0.04,0.01,0.05,0.03,-7483.68339928166
126,-16700,0.04,0.01,0.05,0.03,-7486.388629687987
126,-16600,0.04,0.01,0.05,0.03,-7489.079752172323
126,-16500,0.04,0.01,0.05,0.03,-7491.756304944391
126,-16400,0.04,0.01,0.05,0.03,-7494.417639724139
126,-16300,0.04,0.01,0.05,0.03,-7497.062976455204
126,-16200,0.04,0.01,0.05,0.03,-7499.691469927534
126,-16100,0.04,0.01,0.05,0.03,-7502.302277889402
126,-16000,0.04,0.01,0.05,0.03,-7504.894620984573
126,-15900,0.04,0.01,0.05,0.03,-7507.467827443525
126,-15800,0.04,0.01,0.05,0.03,-7510.0213590947205
126,-15700,0.04,0.01,0.05,0.03,-7512.5548189813535
126,-15600,0.04,0.01,0.05,0.03,-7515.067943825203
126,-15500,0.04,0.015,0.055,0.025,-7517.566089278898
126,-15400,0.04,0.015,0.055,0.025,-7520.089591984162
126,-15300,0.04,0.015,0.055,0.025,-7522.5925521552745
126,-15200,0.04,0.015,0.055,0.025,-7525.074903664614
126,-15100,0.035,0.015,0.05,0.020000000000000004,-7527.568023779172
126,-15000,0.035,0.015,0.05,0.020000000000000004,-7530.060599541351
126,-14900,0.035,0.015,0.05,0.020000000000000004,-7532.532656897384
126,-14800,0.035,0.015,0.05,0.020000000000000004,-7534.984208590551
126,-14700,0.035,0.015,0.05,0.020000000000000004,-7537.415315787754
126,-14600,0.035,0.015,0.05,0.020000000000000004,-7539.826072214263
126,-14500,0.035,0.015,0.05,0.020000000000000004,-7542.216592336944
126,-14400,0.035,0.015,0.05,0.020000000000000004,-7544.587003167201
126,-14300,0.035,0.015,0.05,0.020000000000000004,-7546.937438932538
126,-14200,0.035,0.015,0.05,0.020000000000000004,-7549.268037818644
126,-14100,0.035,0.015,0.05,0.020000000000000004,-7551.578940094602
126,-14000,0.035,0.015,0.05,0.020000000000000004,-7553.87028710133
126,-13900,0.035,0.015,0.05,0.020000000000000004,-7556.1422207465985
126,-13800,0.035,0.015,0.05,0.020000000000000004,-7558.394883278082
126,-13700,0.035,0.015,0.05,0.020000000000000004,-7560.628417194788
126,-13600,0.035,0.015,0.05,0.020000000000000004,-7562.842965212282
126,-13500,0.035,0.015,0.05,0.020000000000000004,-7565.038670229777
126,-13400,0.035,0.015,0.05,0.020000000000000004,-7567.215675267093
126,-13300,0.035,0.015,0.05,0.020000000000000004,-7569.374123354708
126,-13200,0.035,0.015,0.05,0.020000000000000004,-7571.51415737501
126,-13100,0.035,0.015,0.05,0.020000000000000004,-7573.635919869811
126,-13000,0.035,0.015,0.05,0.020000000000000004,-7575.739552847639
126,-12900,0.035,0.015,0.05,0.020000000000000004,-7577.825197641314
126,-12800,0.035,0.015,0.05,0.020000000000000004,-7579.892994877836
126,-12700,0.035,0.015,0.05,0.020000000000000004,-7581.943084622777
126,-12600,0.035,0.015,0.05,0.020000000000000004,-7583.975606745134
126,-12500,0.035,0.015,0.05,0.020000000000000004,-7585.990701512058
126,-12400,0.035,0.015,0.05,0.020000000000000004,-7587.988510366359
126,-12300,0.035,0.015,0.05,0.020000000000000004,-7589.969176768155
126,-12200,0.035,0.015,0.05,0.020000000000000004,-7591.932846907034
126,-12100,0.035,0.015,0.05,0.020000000000000004,-7593.879670031461
126,-12000,0.035,0.015,0.05,0.020000000000000004,-7595.809798120787
126,-11900,0.035,0.015,0.05,0.020000000000000004,-7597.723384666904
126,-11800,0.035,0.015,0.05,0.020000000000000004,-7599.6205824582785
126,-11700,0.035,0.015,0.05,0.020000000000000004,-7601.501540475849
126,-11600,0.035,0.015,0.05,0.020000000000000004,-7603.366400305618
126,-11500,0.035,0.015,0.05,0.020000000000000004,-7605.215292804273
126,-11400,0.035,0.015,0.05,0.020000000000000004,-7607.048336046586
126,-11300,0.035,0.015,0.05,0.020000000000000004,-7608.865635733951
126,-11200,0.035,0.015,0.05,0.020000000000000004,-7610.667289136141
126,-11100,0.035,0.015,0.05,0.020000000000000004,-7612.4533931760725
126,-11000,0.035,0.015,0.05,0.020000000000000004,-7614.224056411982
126,-10900,0.035,0.015,0.05,0.020000000000000004,-7615.9794134879585
126,-10800,0.035,0.015,0.05,0.020000000000000004,-7617.7196393117765
126,-10700,0.035,0.015,0.05,0.020000000000000004,-7619.444959105875
126,-10600,0.035,0.015,0.05,0.020000000000000004,-7621.15564996579
126,-10500,0.035,0.015,0.05,0.020000000000000004,-7622.852030018355
126,-10400,0.035,0.015,0.05,0.020000000000000004,-7624.5344328936935
126,-10300,0.035,0.015,0.05,0.020000000000000004,-7626.203167903292
126,-10200,0.035,0.015,0.05,0.020000000000000004,-7627.858469589534
126,-10100,0.035,0.015,0.05,0.020000000000000004,-7629.500443422231
126,-10000,0.035,0.015,0.05,0.020000000000000004,-7631.12901650053
126,-9900,0.035,0.015,0.05,0.020000000000000004,-7632.743902461588
126,-9800,0.035,0.015,0.05,0.020000000000000004,-7634.344588096972
126,-9700,0.035,0.015,0.05,0.020000000000000004,-7635.930345676238
126,-9600,0.035,0.015,0.05,0.020000000000000004,-7637.500270434745
126,-9500,0.035,0.015,0.05,0.020000000000000004,-7639.05333816927
126,-9400,0.035,0.015,0.05,0.020000000000000004,-7640.588474470429
126,-9300,0.035,0.015,0.05,0.020000000000000004,-7642.104625565426
126,-9200,0.035,0.015,0.05,0.020000000000000004,-7643.600821294355
126,-9100,0.035,0.02,0.05500000000000001,0.015000000000000003,-7645.12386348609
126,-9000,0.035,0.02,0.05500000000000001,0.015000000000000003,-7646.631251622908
126,-8900,0.035,0.02,0.05500000000000001,0.015000000000000003,-7648.118032805131
126,-8800,0.03,0.02,0.05,0.009999999999999998,-7649.605379052041
126,-8700,0.03,0.02,0.05,0.009999999999999998,-7651.101449728463
126,-8600,0.03,0.02,0.05,0.009999999999999998,-7652.5767111889345
126,-8500,0.03,0.02,0.05,0.009999999999999998,-7654.030500246407
126,-8400,0.03,0.02,0.05,0.009999999999999998,-7655.46232170873
126,-8300,0.03,0.02,0.05,0.009999999999999998,-7656.871841969773
126,-8200,0.03,0.02,0.05,0.009999999999999998,-7658.258872103789
126,-8100,0.03,0.02,0.05,0.009999999999999998,-7659.623345229491
126,-8000,0.03,0.02,0.05,0.009999999999999998,-7660.965292283012
126,-7900,0.03,0.02,0.05,0.009999999999999998,-7662.284819202935
126,-7800,0.03,0.02,0.05,0.009999999999999998,-7663.582087282924
126,-7700,0.03,0.02,0.05,0.009999999999999998,-7664.85729737439
126,-7600,0.03,0.02,0.05,0.009999999999999998,-7666.110677862986
126,-7500,0.03,0.02,0.05,0.009999999999999998,-7667.342475913426
126,-7400,0.03,0.02,0.05,0.009999999999999998,-7668.552951313916
126,-7300,0.03,0.02,0.05,0.009999999999999998,-7669.742372261643
126,-7200,0.03,0.02,0.05,0.009999999999999998,-7670.91101253067
126,-7100,0.03,0.02,0.05,0.009999999999999998,-7672.059149590468
126,-7000,0.03,0.02,0.05,0.009999999999999998,-7673.1870633629605
126,-6900,0.03,0.02,0.05,0.009999999999999998,-7674.295035402172
126,-6800,0.03,0.02,0.05,0.009999999999999998,-7675.383348351983
126,-6700,0.03,0.02,0.05,0.009999999999999998,-7676.452285586786
126,-6600,0.03,0.02,0.05,0.009999999999999998,-7677.502130972753
126,-6500,0.03,0.02,0.05,0.009999999999999998,-7678.533168709011
126,-6400,0.03,0.02,0.05,0.009999999999999998,-7679.545683221941
126,-6300,0.03,0.02,0.05,0.009999999999999998,-7680.539959094704
126,-6200,0.03,0.02,0.05,0.009999999999999998,-7681.516281020009
126,-6100,0.03,0.02,0.05,0.009999999999999998,-7682.474933767999
126,-6000,0.03,0.02,0.05,0.009999999999999998,-7683.416202163532
126,-5900,0.03,0.02,0.05,0.009999999999999998,-7684.340371069207
126,-5800,0.03,0.02,0.05,0.009999999999999998,-7685.247725371918
126,-5700,0.03,0.02,0.05,0.009999999999999998,-7686.138549972136
126,-5600,0.03,0.02,0.05,0.009999999999999998,-7687.013129776675
126,-5500,0.03,0.02,0.05,0.009999999999999998,-7687.87174969691
126,-5400,0.03,0.02,0.05,0.009999999999999998,-7688.714694655531
126,-5300,0.03,0.02,0.05,0.009999999999999998,-7689.5422496045085
126,-5200,0.03,0.02,0.05,0.009999999999999998,-7690.354699555474
126,-5100,0.03,0.02,0.05,0.009999999999999998,-7691.152329619016
126,-5000,0.03,0.02,0.05,0.009999999999999998,-7691.93542504254
126,-4900,0.03,0.02,0.05,0.009999999999999998,-7692.704271227223
126,-4800,0.03,0.02,0.05,0.009999999999999998,-7693.459153696205
126,-4700,0.03,0.02,0.05,0.009999999999999998,-7694.200357982445
126,-4600,0.03,0.02,0.05,0.009999999999999998,-7694.928169412665
126,-4500,0.03,0.02,0.05,0.009999999999999998,-7695.64287279012
126,-4400,0.03,0.02,0.05,0.009999999999999998,-7696.34475202835
126,-4300,0.03,0.02,0.05,0.009999999999999998,-7697.034089859337
126,-4200,0.03,0.02,0.05,0.009999999999999998,-7697.711167818626
126,-4100,0.03,0.02,0.05,0.009999999999999998,-7698.376266768274
126,-4000,0.03,0.02,0.05,0.009999999999999998,-7699.029668211129
126,-3900,0.03,0.02,0.05,0.009999999999999998,-7699.671656524674
126,-3800,0.03,0.02,0.05,0.009999999999999998,-7700.3025219557185
126,-3700,0.03,0.02,0.05,0.009999999999999998,-7700.922563759974
126,-3600,0.03,0.02,0.05,0.009999999999999998,-7701.532092293471
126,-3500,0.03,0.02,0.05,0.009999999999999998,-7702.131428292095
126,-3400,0.03,0.02,0.05,0.009999999999999998,-7702.720897202997
126,-3300,0.03,0.02,0.05,0.009999999999999998,-7703.300816473145
126,-3200,0.03,0.02,0.05,0.009999999999999998,-7703.871474323692
126,-3100,0.03,0.02,0.05,0.009999999999999998,-7704.433099784155
126,-3000,0.03,0.02,0.05,0.009999999999999998,-7704.985825481709
126,-2900,0.03,0.02,0.05,0.009999999999999998,-7705.529646541844
126,-2800,0.03,0.02,0.05,0.009999999999999998,-7706.06438049858
126,-2700,0.03,0.02,0.05,0.009999999999999998,-7706.589633879763
126,-2600,0.03,0.02,0.05,0.009999999999999998,-7707.104780819665
126,-2500,0.03,0.02,0.05,0.009999999999999998,-7707.6089576136965
126,-2400,0.03,0.025,0.055,0.0049999999999999975,-7708.111835403415
126,-2300,0.03,0.025,0.055,0.0049999999999999975,-7708.622964612261
126,-2200,0.03,0.025,0.055,0.0049999999999999975,-7709.122870440218
126,-2100,0.03,0.025,0.055,0.0049999999999999975,-7709.6103056542415
126,-2000,0.025,0.025,0.05,0.0,-7710.109958126287
126,-1900,0.025,0.025,0.05,0.0,-7710.602222194569
126,-1800,0.025,0.025,0.05,0.0,-7711.081101077543
126,-1700,0.025,0.025,0.05,0.0,-7711.545148936014
126,-1600,0.025,0.025,0.05,0.0,-7711.992818419682
126,-1500,0.025,0.025,0.05,0.0,-7712.422511185999
126,-1400,0.025,0.025,0.05,0.0,-7712.832624729444
126,-1300,0.025,0.025,0.05,0.0,-7713.221592059972
126,-1200,0.025,0.025,0.05,0.0,-7713.587912523845
126,-1100,0.025,0.025,0.05,0.0,-7713.930173687525
126,-1000,0.025,0.025,0.05,0.0,-7714.247065400829
126,-900,0.025,0.025,0.05,0.0,-7714.537387796635
126,-800,0.025,0.025,0.05,0.0,-7714.800055113353
126,-700,0.025,0.025,0.05,0.0,-7715.034096993212
126,-600,0.025,0.025,0.05,0.0,-7715.23865849552
126,-500,0.025,0.025,0.05,0.0,-7715.412999624847
126,-400,0.025,0.025,0.05,0.0,-7715.556494807513
126,-300,0.025,0.025,0.05,0.0,-7715.668632495185
126,-200,0.025,0.025,0.05,0.0,-7715.749014927357
126,-100,0.025,0.025,0.05,0.0,-7715.7973580187645
126,0,0.025,0.025,0.05,0.0,-7715.813491321349
126,100,0.025,0.025,0.05,0.0,-7715.797358018766
126,200,0.025,0.025,0.05,0.0,-7715.74901492736
126,300,0.025,0.025,0.05,0.0,-7715.6686324951825
126,400,0.025,0.025,0.05,0.0,-7715.556494807513
126,500,0.025,0.025,0.05,0.0,-7715.412999624847
126,600,0.025,0.025,0.05,0.0,-7715.23865849552
126,700,0.025,0.025,0.05,0.0,-7715.034096993214
126,800,0.025,0.025,0.05,0.0,-7714.800055113355
126,900,0.025,0.025,0.05,0.0,-7714.53738779664
126,1000,0.025,0.025,0.05,0.0,-7714.247065400833
126,1100,0.025,0.025,0.05,0.0,-7713.9301736875295
126,1200,0.025,0.025,0.05,0.0,-7713.587912523851
126,1300,0.025,0.025,0.05,0.0,-7713.221592059981
126,1400,0.025,0.025,0.05,0.0,-7712.83262472945
126,1500,0.025,0.025,0.05,0.0,-7712.422511186002
126,1600,0.025,0.025,0.05,0.0,-7711.992818419686
126,1700,0.025,0.025,0.05,0.0,-7711.545148936017
126,1800,0.025,0.025,0.05,0.0,-7711.081101077551
126,1900,0.025,0.025,0.05,0.0,-7710.602222194577
126,2000,0.025,0.025,0.05,0.0,-7710.109958126293
126,2100,0.025,0.03,0.055,-0.0049999999999999975,-7709.610305654255
126,2200,0.025,0.03,0.055,-0.0049999999999999975,-7709.122870440228
126,2300,0.025,0.03,0.055,-0.0049999999999999975,-7708.622964612269
126,2400,0.025,0.03,0.055,-0.0049999999999999975,-7708.111835403425
126,2500,0.02,0.03,0.05,-0.009999999999999998,-7707.6089576137065
126,2600,0.02,0.03,0.05,-0.009999999999999998,-7707.104780819674
126,2700,0.02,0.03,0.05,-0.009999999999999998,-7706.589633879771
126,2800,0.02,0.03,0.05,-0.009999999999999998,-7706.064380498593
126,2900,0.02,0.03,0.05,-0.009999999999999998,-7705.529646541856
126,3000,0.02,0.03,0.05,-0.009999999999999998,-7704.985825481722
126,3100,0.02,0.03,0.05,-0.009999999999999998,-7704.433099784169
126,3200,0.02,0.03,0.05,-0.009999999999999998,-7703.871474323706
126,3300,0.02,0.03,0.05,-0.009999999999999998,-7703.300816473157
126,3400,0.02,0.03,0.05,-0.009999999999999998,-7702.720897203008
126,3500,0.02,0.03,0.05,-0.009999999999999998,-7702.131428292112
126,3600,0.02,0.03,0.05,-0.009999999999999998,-7701.532092293491
126,3700,0.02,0.03,0.05,-0.009999999999999998,-7700.922563759991
126,3800,0.02,0.03,0.05,-0.009999999999999998,-7700.3025219557385
126,3900,0.02,0.03,0.05,-0.009999999999999998,-7699.671656524693
126,4000,0.02,0.03,0.05,-0.009999999999999998,-7699.02966821115
126,4100,0.02,0.03,0.05,-0.009999999999999998,-7698.376266768293
126,4200,0.02,0.03,0.05,-0.009999999999999998,-7697.711167818651
126,4300,0.02,0.03,0.05,-0.009999999999999998,-7697.034089859359
126,4400,0.02,0.03,0.05,-0.009999999999999998,-7696.344752028373
126,4500,0.02,0.03,0.05,-0.009999999999999998,-7695.642872790139
126,4600,0.02,0.03,0.05,-0.009999999999999998,-7694.9281694126885
126,4700,0.02,0.03,0.05,-0.009999999999999998,-7694.200357982468
126,4800,0.02,0.03,0.05,-0.009999999999999998,-7693.459153696229
126,4900,0.02,0.03,0.05,-0.009999999999999998,-7692.704271227245
126,5000,0.02,0.03,0.05,-0.009999999999999998,-7691.935425042562
126,5100,0.02,0.03,0.05,-0.009999999999999998,-7691.152329619041
126,5200,0.02,0.03,0.05,-0.009999999999999998,-7690.354699555498
126,5300,0.02,0.03,0.05,-0.009999999999999998,-7689.542249604529
126,5400,0.02,0.03,0.05,-0.009999999999999998,-7688.714694655555
126,5500,0.02,0.03,0.05,-0.009999999999999998,-7687.871749696935
126,5600,0.02,0.03,0.05,-0.009999999999999998,-7687.0131297766975
126,5700,0.02,0.03,0.05,-0.009999999999999998,-7686.138549972167
126,5800,0.02,0.03,0.05,-0.009999999999999998,-7685.247725371941
126,5900,0.02,0.03,0.05,-0.009999999999999998,-7684.3403710692355
126,6000,0.02,0.03,0.05,-0.009999999999999998,-7683.4162021635575
126,6100,0.02,0.03,0.05,-0.009999999999999998,-7682.474933768028
126,6200,0.02,0.03,0.05,-0.009999999999999998,-7681.5162810200345
126,6300,0.02,0.03,0.05,-0.009999999999999998,-7680.539959094731
126,6400,0.02,0.03,0.05,-0.009999999999999998,-7679.54568322197
126,6500,0.02,0.03,0.05,-0.009999999999999998,-7678.533168709037
126,6600,0.02,0.03,0.05,-0.009999999999999998,-7677.502130972777
126,6700,0.02,0.03,0.05,-0.009999999999999998,-7676.452285586814
126,6800,0.02,0.03,0.05,-0.009999999999999998,-7675.383348352008
126,6900,0.02,0.03,0.05,-0.009999999999999998,-7674.295035402203
126,7000,0.02,0.03,0.05,-0.009999999999999998,-7673.187063362992
126,7100,0.02,0.03,0.05,-0.009999999999999998,-7672.0591495905
126,7200,0.02,0.03,0.05,-0.009999999999999998,-7670.911012530695
126,7300,0.02,0.03,0.05,-0.009999999999999998,-7669.742372261675
126,7400,0.02,0.03,0.05,-0.009999999999999998,-7668.552951313948
126,7500,0.02,0.03,0.05,-0.009999999999999998,-7667.342475913456
126,7600,0.02,0.03,0.05,-0.009999999999999998,-7666.1106778630165
126,7700,0.02,0.03,0.05,-0.009999999999999998,-7664.857297374428
126,7800,0.02,0.03,0.05,-0.009999999999999998,-7663.582087282951
126,7900,0.02,0.03,0.05,-0.009999999999999998,-7662.284819202965
126,8000,0.02,0.03,0.05,-0.009999999999999998,-7660.965292283046
126,8100,0.02,0.03,0.05,-0.009999999999999998,-7659.623345229521
126,8200,0.02,0.03,0.05,-0.009999999999999998,-7658.258872103824
126,8300,0.02,0.03,0.05,-0.009999999999999998,-7656.871841969808
126,8400,0.02,0.03,0.05,-0.009999999999999998,-7655.46232170876
126,8500,0.02,0.03,0.05,-0.009999999999999998,-7654.030500246441
126,8600,0.02,0.03,0.05,-0.009999999999999998,-7652.57671118897
126,8700,0.02,0.03,0.05,-0.009999999999999998,-7651.101449728498
126,8800,0.02,0.03,0.05,-0.009999999999999998,-7649.605379052076
126,8900,0.02,0.035,0.05500000000000001,-0.015000000000000003,-7648.118032805164
126,9000,0.02,0.035,0.05500000000000001,-0.015000000000000003,-7646.63125162294
126,9100,0.02,0.035,0.05500000000000001,-0.015000000000000003,-7645.123863486123
126,9200,0.015,0.035,0.05,-0.020000000000000004,-7643.600821294383
126,9300,0.015,0.035,0.05,-0.020000000000000004,-7642.1046255654555
126,9400,0.015,0.035,0.05,-0.020000000000000004,-7640.588474470462
126,9500,0.015,0.035,0.05,-0.020000000000000004,-7639.053338169299
126,9600,0.015,0.035,0.05,-0.020000000000000004,-7637.500270434775
126,9700,0.015,0.035,0.05,-0.020000000000000004,-7635.930345676274
126,9800,0.015,0.035,0.05,-0.020000000000000004,-7634.344588097005
126,9900,0.015,0.035,0.05,-0.020000000000000004,-7632.7439024616215
126,10000,0.015,0.035,0.05,-0.020000000000000004,-7631.12901650056
126,10100,0.015,0.035,0.05,-0.020000000000000004,-7629.500443422262
126,10200,0.015,0.035,0.05,-0.020000000000000004,-7627.8584695895615
126,10300,0.015,0.035,0.05,-0.020000000000000004,-7626.203167903321
126,10400,0.015,0.035,0.05,-0.020000000000000004,-7624.53443289372
126,10500,0.015,0.035,0.05,-0.020000000000000004,-7622.8520300183845
126,10600,0.015,0.035,0.05,-0.020000000000000004,-7621.155649965815
126,10700,0.015,0.035,0.05,-0.020000000000000004,-7619.444959105908
126,10800,0.015,0.035,0.05,-0.020000000000000004,-7617.719639311801
126,10900,0.015,0.035,0.05,-0.020000000000000004,-7615.979413487984
126,11000,0.015,0.035,0.05,-0.020000000000000004,-7614.224056412014
126,11100,0.015,0.035,0.05,-0.020000000000000004,-7612.4533931761025
126,11200,0.015,0.035,0.05,-0.020000000000000004,-7610.667289136171
126,11300,0.015,0.035,0.05,-0.020000000000000004,-7608.865635733985
126,11400,0.015,0.035,0.05,-0.020000000000000004,-7607.048336046614
126,11500,0.015,0.035,0.05,-0.020000000000000004,-7605.215292804305
126,11600,0.015,0.035,0.05,-0.020000000000000004,-7603.36640030565
126,11700,0.015,0.035,0.05,-0.020000000000000004,-7601.501540475879
126,11800,0.015,0.035,0.05,-0.020000000000000004,-7599.620582458312
126,11900,0.015,0.035,0.05,-0.020000000000000004,-7597.723384666933
126,12000,0.015,0.035,0.05,-0.020000000000000004,-7595.8097981208175
126,12100,0.015,0.035,0.05,-0.020000000000000004,-7593.879670031493
126,12200,0.015,0.035,0.05,-0.020000000000000004,-7591.9328469070615
126,12300,0.015,0.035,0.05,-0.020000000000000004,-7589.969176768184
126,12400,0.015,0.035,0.05,-0.020000000000000004,-7587.988510366388
126,12500,0.015,0.035,0.05,-0.020000000000000004,-7585.990701512088
126,12600,0.015,0.035,0.05,-0.020000000000000004,-7583.975606745168
126,12700,0.015,0.035,0.05,-0.020000000000000004,-7581.943084622806
126,12800,0.015,0.035,0.05,-0.020000000000000004,-7579.892994877866
126,12900,0.015,0.035,0.05,-0.020000000000000004,-7577.825197641347
126,13000,0.015,0.035,0.05,-0.020000000000000004,-7575.73955284767
126,13100,0.015,0.035,0.05,-0.020000000000000004,-7573.63591986984
126,13200,0.015,0.035,0.05,-0.020000000000000004,-7571.514157375035
126,13300,0.015,0.035,0.05,-0.020000000000000004,-7569.374123354734
126,13400,0.015,0.035,0.05,-0.020000000000000004,-7567.215675267118
126,13500,0.015,0.035,0.05,-0.020000000000000004,-7565.038670229804
126,13600,0.015,0.035,0.05,-0.020000000000000004,-7562.84296521231
126,13700,0.015,0.035,0.05,-0.020000000000000004,-7560.628417194814
126,13800,0.015,0.035,0.05,-0.020000000000000004,-7558.394883278109
126,13900,0.015,0.035,0.05,-0.020000000000000004,-7556.142220746627
126,14000,0.015,0.035,0.05,-0.020000000000000004,-7553.870287101356
126,14100,0.015,0.035,0.05,-0.020000000000000004,-7551.578940094628
126,14200,0.015,0.035,0.05,-0.020000000000000004,-7549.268037818677
126,14300,0.015,0.035,0.05,-0.020000000000000004,-7546.937438932565
126,14400,0.015,0.035,0.05,-0.020000000000000004,-7544.587003167228
126,14500,0.015,0.035,0.05,-0.020000000000000004,-7542.216592336967
126,14600,0.015,0.035,0.05,-0.020000000000000004,-7539.826072214292
126,14700,0.015,0.035,0.05,-0.020000000000000004,-7537.415315787781
126,14800,0.015,0.035,0.05,-0.020000000000000004,-7534.9842085905775
126,14900,0.015,0.035,0.05,-0.020000000000000004,-7532.532656897408
126,15000,0.015,0.035,0.05,-0.020000000000000004,-7530.060599541377
126,15100,0.015,0.035,0.05,-0.020000000000000004,-7527.568023779197
126,15200,0.015,0.04,0.055,-0.025,-7525.074903664645
126,15300,0.015,0.04,0.055,-0.025,-7522.592552155306
126,15400,0.015,0.04,0.055,-0.025,-7520.089591984192
126,15500,0.015,0.04,0.055,-0.025,-7517.56608927893
126,15600,0.01,0.04,0.05,-0.03,-7515.067943825229
126,15700,0.01,0.04,0.05,-0.03,-7512.554818981381
126,15800,0.01,0.04,0.05,-0.03,-7510.021359094745
126,15900,0.01,0.04,0.05,-0.03,-7507.467827443553
126,16000,0.01,0.04,0.05,-0.03,-7504.894620984594
126,16100,0.01,0.04,0.05,-0.03,-7502.302277889427
126,16200,0.01,0.04,0.05,-0.03,-7499.691469927561
126,16300,0.01,0.04,0.05,-0.03,-7497.06297645523
126,16400,0.01,0.04,0.05,-0.03,-7494.417639724165
126,16500,0.01,0.04,0.05,-0.03,-7491.756304944419
126,16600,0.01,0.04,0.05,-0.03,-7489.079752172351
126,16700,0.01,0.04,0.05,-0.03,-7486.388629688017
126,16800,0.01,0.04,0.05,-0.03,-7483.68339928169
126,16900,0.01,0.04,0.05,-0.03,-7480.964302424503
126,17000,0.01,0.04,0.05,-0.03,-7478.231352864959
126,17100,0.01,0.04,0.05,-0.03,-7475.484356523736
126,17200,0.01,0.04,0.05,-0.03,-7472.722954741835
126,17300,0.01,0.04,0.05,-0.03,-7469.946683078751
126,17400,0.01,0.04,0.05,-0.03,-7467.155035770649
126,17500,0.01,0.04,0.05,-0.03,-7464.347525956634
126,17600,0.01,0.04,0.05,-0.03,-7461.523733636496
126,17700,0.01,0.04,0.05,-0.03,-7458.6833364024815
126,17800,0.01,0.04,0.05,-0.03,-7455.826121472213
126,17900,0.01,0.04,0.05,-0.03,-7452.951980683682
126,18000,0.01,0.04,0.05,-0.03,-7450.060892370256
126,18100,0.01,0.04,0.05,-0.03,-7447.15289519189
126,18200,0.01,0.04,0.05,-0.03,-7444.22805910963
126,18300,0.01,0.04,0.05,-0.03,-7441.286457992465
126,18400,0.01,0.04,0.05,-0.03,-7438.328147155333
126,18500,0.01,0.04,0.05,-0.03,-7435.353147752893
126,18600,0.01,0.04,0.05,-0.03,-7432.361438640895
126,18700,0.01,0.04,0.05,-0.03,-7429.352955227061
126,18800,0.01,0.04,0.05,-0.03,-7426.327594051001
126,18900,0.01,0.04,0.05,-0.03,-7423.285221378886
126,19000,0.01,0.04,0.05,-0.03,-7420.225683954884
126,19100,0.01,0.04,0.05,-0.03,-7417.148820173545
126,19200,0.01,0.04,0.05,-0.03,-7414.054470279353
126,19300,0.01,0.04,0.05,-0.03,-7410.942484732217
126,19400,0.01,0.04,0.05,-0.03,-7407.812730625328
126,19500,0.01,0.04,0.05,-0.03,-7404.665097132115
126,19600,0.01,0.04,0.05,-0.03,-7401.499502683459
126,19700,0.01,0.04,0.05,-0.03,-7398.315909434696
126,19800,0.01,0.04,0.05,-0.03,-7395.114355235002
126,19900,0.01,0.04,0.05,-0.03,-7391.895020332124
126,20000,0.01,0.04,0.05,-0.03,-7388.658355332611
189,-20000,0.04,0.01,0.05,0.03,-3561.2689055250817
189,-19900,0.04,0.01,0.05,0.03,-3564.505500301869
189,-19800,0.04,0.01,0.05,0.03,-3567.724765872654
189,-19700,0.04,0.01,0.05,0.03,-3570.9262516268172
189,-19600,0.04,0.01,0.05,0.03,-3574.1097773214988
189,-19500,0.04,0.01,0.05,0.03,-3577.275305126429
189,-19400,0.04,0.01,0.05,0.03,-3580.422872920141
189,-19300,0.04,0.01,0.05,0.03,-3583.5525623176995
189,-19200,0.04,0.01,0.05,0.03,-3586.6644841975735
189,-19100,0.04,0.01,0.05,0.03,-3589.7587715156355
189,-19000,0.04,0.01,0.05,0.03,-3592.8355738478976
189,-18900,0.04,0.01,0.05,0.03,-3595.8950509621764
189,-18800,0.04,0.01,0.05,0.03,-3598.9373644435796
189,-18700,0.04,0.01,0.05,0.03,-3601.9626674890806
189,-18600,0.04,0.01,0.05,0.03,-3604.971093734069
189,-18500,0.04,0.01,0.05,0.03,-3607.962746505842
189,-18400,0.04,0.01,0.05,0.03,-3610.937690240331
189,-18300,0.04,0.01,0.05,0.03,-3613.8959459199173
189,-18200,0.04,0.01,0.05,0.03,-3616.8374922450867
189,-18100,0.04,0.01,0.05,0.03,-3619.7622737980996
189,-18000,0.04,0.01,0.05,0.03,-3622.6702166731393
189,-17900,0.04,0.01,0.05,0.03,-3625.561250956978
189,-17800,0.04,0.01,0.05,0.03,-3628.435338131008
189,-17700,0.04,0.01,0.05,0.03,-3631.292500091954
189,-17600,0.04,0.01,0.05,0.03,-3634.1328452998246
189,-17500,0.04,0.01,0.05,0.03,-3636.956586865936
189,-17400,0.04,0.01,0.05,0.03,-3639.7640475080825
189,-17300,0.04,0.01,0.05,0.03,-3642.5556474612954
189,-17200,0.04,0.01,0.05,0.03,-3645.3318736923884
189,-17100,0.04,0.01,0.05,0.03,-3648.0932319013023
189,-17000,0.04,0.01,0.05,0.03,-3650.8401862761343
189,-16900,0.04,0.01,0.05,0.03,-3653.573095044126
189,-16800,0.04,0.01,0.05,0.03,-3656.2921517117593
189,-16700,0.04,0.01,0.05,0.03,-3658.997341878983
189,-16600,0.04,0.01,0.05,0.03,-3661.688423421131
189,-16500,0.04,0.01,0.05,0.03,-3664.364933970662
189,-16400,0.04,0.01,0.05,0.03,-3667.026224813059
189,-16300,0.04,0.01,0.05,0.03,-3669.6715156445007
189,-16200,0.04,0.01,0.05,0.03,-3672.299961210256
189,-16100,0.04,0.01,0.05,0.03,-3674.910719403625
189,-16000,0.04,0.01,0.05,0.03,-3677.503011166227
189,-15900,0.04,0.01,0.05,0.03,-3680.0761651272446
189,-15800,0.04,0.01,0.05,0.03,-3682.6296435581726
189,-15700,0.04,0.01,0.05,0.03,-3685.163049938383
189,-15600,0.04,0.01,0.05,0.03,-3687.676121380042
189,-15500,0.04,0.015,0.055,0.025,-3690.1743468780746
189,-15400,0.04,0.015,0.055,0.025,-3692.6977956636088
189,-15300,0.04,0.015,0.055,0.025,-3695.2007022951934
189,-15200,0.04,0.015,0.055,0.025,-3697.6830009209125
189,-15100,0.035,0.015,0.05,0.020000000000000004,-3700.1762011022656
189,-15000,0.035,0.015,0.05,0.020000000000000004,-3702.6687239505
189,-14900,0.035,0.015,0.05,0.020000000000000004,-3705.1407290552556
189,-14800,0.035,0.015,0.05,0.020000000000000004,-3707.592229326768
189,-14700,0.035,0.015,0.05,0.020000000000000004,-3710.0232860400793
189,-14600,0.035,0.015,0.05,0.020000000000000004,-3712.433992983043
189,-14500,0.035,0.015,0.05,0.020000000000000004,-3714.824464652442
189,-14400,0.035,0.015,0.05,0.020000000000000004,-3717.1948280677816
189,-14300,0.035,0.015,0.05,0.020000000000000004,-3719.5452174510106
189,-14200,0.035,0.015,0.05,0.020000000000000004,-3721.8757709743672
189,-14100,0.035,0.015,0.05,0.020000000000000004,-3724.186628889208
189,-14000,0.035,0.015,0.05,0.020000000000000004,-3726.477932516728
189,-13900,0.035,0.015,0.05,0.020000000000000004,-3728.749823744205
189,-13800,0.035,0.015,0.05,0.020000000000000004,-3731.0024447987535
189,-13700,0.035,0.015,0.05,0.020000000000000004,-3733.2359381590877
189,-13600,0.035,0.015,0.05,0.020000000000000004,-3735.4504465208847
189,-13500,0.035,0.015,0.05,0.020000000000000004,-3737.6461127638718
189,-13400,0.035,0.015,0.05,0.020000000000000004,-3739.823079888741
189,-13300,0.035,0.015,0.05,0.020000000000000004,-3741.981490907094
189,-13200,0.035,0.015,0.05,0.020000000000000004,-3744.1214886825483
189,-13100,0.035,0.015,0.05,0.020000000000000004,-3746.243215738186
189,-13000,0.035,0.015,0.05,0.020000000000000004,-3748.346814063764
189,-12900,0.035,0.015,0.05,0.020000000000000004,-3750.4324249733736
189,-12800,0.035,0.015,0.05,0.020000000000000004,-3752.5001890754847
189,-12700,0.035,0.015,0.05,0.020000000000000004,-3754.5502464176684
189,-12600,0.035,0.015,0.05,0.020000000000000004,-3756.582736851841
189,-12500,0.035,0.015,0.05,0.020000000000000004,-3758.5978006294513
189,-12400,0.035,0.015,0.05,0.020000000000000004,-3760.595579179407
189,-12300,0.035,0.015,0.05,0.020000000000000004,-3762.5762159498904
189,-12200,0.035,0.015,0.05,0.020000000000000004,-3764.539857120382
189,-12100,0.035,0.015,0.05,0.020000000000000004,-3766.486651930464
189,-12000,0.035,0.015,0.05,0.020000000000000004,-3768.4167523506726
189,-11900,0.035,0.015,0.05,0.020000000000000004,-3770.3303118625977
189,-11800,0.035,0.015,0.05,0.020000000000000004,-3772.2274832410903
189,-11700,0.035,0.015,0.05,0.020000000000000004,-3774.108415448473
189,-11600,0.035,0.015,0.05,0.020000000000000004,-3775.973250046137
189,-11500,0.035,0.015,0.05,0.020000000000000004,-3777.8221178603917
189,-11400,0.035,0.015,0.05,0.020000000000000004,-3779.6551369318713
189,-11300,0.035,0.015,0.05,0.020000000000000004,-3781.472412928075
189,-11200,0.035,0.015,0.05,0.020000000000000004,-3783.2740430909885
189,-11100,0.035,0.015,0.05,0.020000000000000004,-3785.060124328779
189,-11000,0.035,0.015,0.05,0.020000000000000004,-3786.830765204442
189,-10900,0.035,0.015,0.05,0.020000000000000004,-3788.586100390509
189,-10800,0.035,0.015,0.05,0.020000000000000004,-3790.3263048464505
189,-10700,0.035,0.015,0.05,0.020000000000000004,-3792.0516038629557
189,-10600,0.035,0.015,0.05,0.020000000000000004,-3793.762274606593
189,-10500,0.035,0.015,0.05,0.020000000000000004,-3795.4586352582287
189,-10400,0.035,0.015,0.05,0.020000000000000004,-3797.1410194619693
189,-10300,0.035,0.015,0.05,0.020000000000000004,-3798.8097364817027
189,-10200,0.035,0.015,0.05,0.020000000000000004,-3800.465020735916
189,-10100,0.035,0.015,0.05,0.020000000000000004,-3802.1069774914226
189,-10000,0.035,0.015,0.05,0.020000000000000004,-3803.7355335771817
189,-9900,0.035,0.015,0.05,0.020000000000000004,-3805.3504023194996
189,-9800,0.035,0.015,0.05,0.020000000000000004,-3806.9510701956847
189,-9700,0.035,0.015,0.05,0.020000000000000004,-3808.536809198996
189,-9600,0.035,0.015,0.05,0.020000000000000004,-3810.1067143638957
189,-9500,0.035,0.015,0.05,0.020000000000000004,-3811.6597613879144
189,-9400,0.035,0.015,0.05,0.020000000000000004,-3813.194875874421
189,-9300,0.035,0.015,0.05,0.020000000000000004,-3814.7110041687656
189,-9200,0.035,0.015,0.05,0.020000000000000004,-3816.207176313721
189,-9100,0.035,0.02,0.05500000000000001,0.015000000000000003,-3817.7302546717037
189,-9000,0.035,0.02,0.05500000000000001,0.015000000000000003,-3819.2376192438414
189,-8900,0.035,0.02,0.05500000000000001,0.015000000000000003,-3820.7243761716613
189,-8800,0.03,0.02,0.05,0.009999999999999998,-3822.2117574575545
189,-8700,0.03,0.02,0.05,0.009999999999999998,-3823.707804519957
189,-8600,0.03,0.02,0.05,0.009999999999999998,-3825.183041866285
189,-8500,0.03,0.02,0.05,0.009999999999999998,-3826.6368065845277
189,-8400,0.03,0.02,0.05,0.009999999999999998,-3828.0686037487962
189,-8300,0.03,0.02,0.05,0.009999999999999998,-3829.4780999903746
189,-8200,0.03,0.02,0.05,0.009999999999999998,-3830.865106580245
189,-8100,0.03,0.02,0.05,0.009999999999999998,-3832.229556789019
189,-8000,0.03,0.02,0.05,0.009999999999999998,-3833.5714816615805
189,-7900,0.03,0.02,0.05,0.009999999999999998,-3834.8909872074214
189,-7800,0.03,0.02,0.05,0.009999999999999998,-3836.1882347602827
189,-7700,0.03,0.02,0.05,0.009999999999999998,-3837.4634251879224
189,-7600,0.03,0.02,0.05,0.009999999999999998,-3838.716786875008
189,-7500,0.03,0.02,0.05,0.009999999999999998,-3839.9485669732153
189,-7400,0.03,0.02,0.05,0.009999999999999998,-3841.15902524963
189,-7300,0.03,0.02,0.05,0.009999999999999998,-3842.348429875232
189,-7200,0.03,0.02,0.05,0.009999999999999998,-3843.517054594871
189,-7100,0.03,0.02,0.05,0.009999999999999998,-3844.6651768472548
189,-7000,0.03,0.02,0.05,0.009999999999999998,-3845.7930765229653
189,-6900,0.03,0.02,0.05,0.009999999999999998,-3846.9010351447614
189,-6800,0.03,0.02,0.05,0.009999999999999998,-3847.989335325781
189,-6700,0.03,0.02,0.05,0.009999999999999998,-3849.058260410467
189,-6600,0.03,0.02,0.05,0.009999999999999998,-3850.1080942359954
189,-6500,0.03,0.02,0.05,0.009999999999999998,-3851.139120973577
189,-6400,0.03,0.02,0.05,0.009999999999999998,-3852.1516250227755
189,-6300,0.03,0.02,0.05,0.009999999999999998,-3853.1458909410717
189,-6200,0.03,0.02,0.05,0.009999999999999998,-3854.122203396645
189,-6100,0.03,0.02,0.05,0.009999999999999998,-3855.080847136202
189,-6000,0.03,0.02,0.05,0.009999999999999998,-3856.0221069622444
189,-5900,0.03,0.02,0.05,0.009999999999999998,-3856.946267716081
189,-5800,0.03,0.02,0.05,0.009999999999999998,-3857.8536142642956
189,-5700,0.03,0.02,0.05,0.009999999999999998,-3858.7444314880427
189,-5600,0.03,0.02,0.05,0.009999999999999998,-3859.6190042757216
189,-5500,0.03,0.02,0.05,0.009999999999999998,-3860.4776175212123
189,-5400,0.03,0.02,0.05,0.009999999999999998,-3861.320556130519
189,-5300,0.03,0.02,0.05,0.009999999999999998,-3862.1481050397674
189,-5200,0.03,0.02,0.05,0.009999999999999998,-3862.960549245522
189,-5100,0.03,0.02,0.05,0.009999999999999998,-3863.758173844035
189,-5000,0.03,0.02,0.05,0.009999999999999998,-3864.5412640690893
189,-4900,0.03,0.02,0.05,0.009999999999999998,-3865.3101053089126
189,-4800,0.03,0.02,0.05,0.009999999999999998,-3866.064983074311
189,-4700,0.03,0.02,0.05,0.009999999999999998,-3866.8061828864643
189,-4600,0.03,0.02,0.05,0.009999999999999998,-3867.5339900608365
189,-4500,0.03,0.02,0.05,0.009999999999999998,-3868.2486893898745
189,-4400,0.03,0.02,0.05,0.009999999999999998,-3868.950564776747
189,-4300,0.03,0.02,0.05,0.009999999999999998,-3869.6398989434992
189,-4200,0.03,0.02,0.05,0.009999999999999998,-3870.316973416251
189,-4100,0.03,0.02,0.05,0.009999999999999998,-3870.982069048268
189,-4000,0.03,0.02,0.05,0.009999999999999998,-3871.635467334451
189,-3900,0.03,0.02,0.05,0.009999999999999998,-3872.2774526453454
189,-3800,0.03,0.02,0.05,0.009999999999999998,-3872.9083152219255
189,-3700,0.03,0.02,0.05,0.009999999999999998,-3873.528354315077
189,-3600,0.03,0.02,0.05,0.009999999999999998,-3874.137880276556
189,-3500,0.03,0.02,0.05,0.009999999999999998,-3874.737213837638
189,-3400,0.03,0.02,0.05,0.009999999999999998,-3875.32668043919
189,-3300,0.03,0.02,0.05,0.009999999999999998,-3875.9065975185176
189,-3200,0.03,0.02,0.05,0.009999999999999998,-3876.4772532818806
189,-3100,0.03,0.02,0.05,0.009999999999999998,-3877.038876737063
189,-3000,0.03,0.02,0.05,0.009999999999999998,-3877.5916004816927
189,-2900,0.03,0.02,0.05,0.009999999999999998,-3878.1354196038988
189,-2800,0.03,0.02,0.05,0.009999999999999998,-3878.670151593763
189,-2700,0.03,0.02,0.05,0.009999999999999998,-3879.195402931171
189,-2600,0.03,0.02,0.05,0.009999999999999998,-3879.7105477019672
189,-2500,0.03,0.02,0.05,0.009999999999999998,-3880.214722156887
189,-2400,0.03,0.025,0.055,0.0049999999999999975,-3880.7176036002984
189,-2300,0.03,0.025,0.055,0.0049999999999999975,-3881.228730611328
189,-2200,0.03,0.025,0.055,0.0049999999999999975,-3881.7286340368023
189,-2100,0.03,0.025,0.055,0.0049999999999999975,-3882.216066608601
189,-2000,0.025,0.025,0.05,0.0,-3882.7157226952527
189,-1900,0.025,0.025,0.05,0.0,-3883.2079842064813
189,-1800,0.025,0.025,0.05,0.0,-3883.686860299317
189,-1700,0.025,0.025,0.05,0.0,-3884.150905125523
189,-1600,0.025,0.025,0.05,0.0,-3884.5985713416694
189,-1500,0.025,0.025,0.05,0.0,-3885.028260627668
189,-1400,0.025,0.025,0.05,0.0,-3885.438370514561
189,-1300,0.025,0.025,0.05,0.0,-3885.8273340605256
189,-1200,0.025,0.025,0.05,0.0,-3886.193650668822
189,-1100,0.025,0.025,0.05,0.0,-3886.535907968674
189,-1000,0.025,0.025,0.05,0.0,-3886.852795875627
189,-900,0.025,0.025,0.05,0.0,-3887.1431145888014
189,-800,0.025,0.025,0.05,0.0,-3887.4057784113484
189,-700,0.025,0.025,0.05,0.0,-3887.6398170471207
189,-600,0.025,0.025,0.05,0.0,-3887.8443756126076
189,-500,0.025,0.025,0.05,0.0,-3888.0187141640395
189,-400,0.025,0.025,0.05,0.0,-3888.162207172999
189,-300,0.025,0.025,0.05,0.0,-3888.2743431292433
189,-200,0.025,0.025,0.05,0.0,-3888.3547243025905
189,-100,0.025,0.025,0.05,0.0,-3888.403066629786
189,0,0.025,0.025,0.05,0.0,-3888.4191996761415
189,100,0.025,0.025,0.05,0.0,-3888.4030666297867
189,200,0.025,0.025,0.05,0.0,-3888.35472430259
189,300,0.025,0.025,0.05,0.0,-3888.274343129245
189,400,0.025,0.025,0.05,0.0,-3888.1622071729994
189,500,0.025,0.025,0.05,0.0,-3888.01871416404
189,600,0.025,0.025,0.05,0.0,-3887.8443756126067
189,700,0.025,0.025,0.05,0.0,-3887.6398170471225
189,800,0.025,0.025,0.05,0.0,-3887.40577841135
189,900,0.025,0.025,0.05,0.0,-3887.1431145888
189,1000,0.025,0.025,0.05,0.0,-3886.8527958756285
189,1100,0.025,0.025,0.05,0.0,-3886.535907968675
189,1200,0.025,0.025,0.05,0.0,-3886.1936506688253
189,1300,0.025,0.025,0.05,0.0,-3885.8273340605283
189,1400,0.025,0.025,0.05,0.0,-3885.4383705145638
189,1500,0.025,0.025,0.05,0.0,-3885.0282606276696
189,1600,0.025,0.025,0.05,0.0,-3884.5985713416712
189,1700,0.025,0.025,0.05,0.0,-3884.150905125522
189,1800,0.025,0.025,0.05,0.0,-3883.6868602993172
189,1900,0.025,0.025,0.05,0.0,-3883.2079842064845
189,2000,0.025,0.025,0.05,0.0,-3882.715722695254
189,2100,0.025,0.03,0.055,-0.0049999999999999975,-3882.216066608602
189,2200,0.025,0.03,0.055,-0.0049999999999999975,-3881.7286340368073
189,2300,0.025,0.03,0.055,-0.0049999999999999975,-3881.22873061133
189,2400,0.025,0.03,0.055,-0.0049999999999999975,-3880.7176036003025
189,2500,0.02,0.03,0.05,-0.009999999999999998,-3880.2147221568907
189,2600,0.02,0.03,0.05,-0.009999999999999998,-3879.710547701971
189,2700,0.02,0.03,0.05,-0.009999999999999998,-3879.195402931175
189,2800,0.02,0.03,0.05,-0.009999999999999998,-3878.670151593768
189,2900,0.02,0.03,0.05,-0.009999999999999998,-3878.1354196039038
189,3000,0.02,0.03,0.05,-0.009999999999999998,-3877.591600481698
189,3100,0.02,0.03,0.05,-0.009999999999999998,-3877.0388767370705
189,3200,0.02,0.03,0.05,-0.009999999999999998,-3876.4772532818884
189,3300,0.02,0.03,0.05,-0.009999999999999998,-3875.9065975185244
189,3400,0.02,0.03,0.05,-0.009999999999999998,-3875.326680439198
189,3500,0.02,0.03,0.05,-0.009999999999999998,-3874.7372138376463
189,3600,0.02,0.03,0.05,-0.009999999999999998,-3874.1378802765635
189,3700,0.02,0.03,0.05,-0.009999999999999998,-3873.528354315085
189,3800,0.02,0.03,0.05,-0.009999999999999998,-3872.908315221934
189,3900,0.02,0.03,0.05,-0.009999999999999998,-3872.277452645352
189,4000,0.02,0.03,0.05,-0.009999999999999998,-3871.635467334458
189,4100,0.02,0.03,0.05,-0.009999999999999998,-3870.9820690482743
189,4200,0.02,0.03,0.05,-0.009999999999999998,-3870.316973416259
189,4300,0.02,0.03,0.05,-0.009999999999999998,-3869.639898943507
189,4400,0.02,0.03,0.05,-0.009999999999999998,-3868.950564776757
189,4500,0.02,0.03,0.05,-0.009999999999999998,-3868.248689389885
189,4600,0.02,0.03,0.05,-0.009999999999999998,-3867.5339900608437
189,4700,0.02,0.03,0.05,-0.009999999999999998,-3866.8061828864707
189,4800,0.02,0.03,0.05,-0.009999999999999998,-3866.0649830743178
189,4900,0.02,0.03,0.05,-0.009999999999999998,-3865.3101053089213
189,5000,0.02,0.03,0.05,-0.009999999999999998,-3864.5412640690975
189,5100,0.02,0.03,0.05,-0.009999999999999998,-3863.758173844045
189,5200,0.02,0.03,0.05,-0.009999999999999998,-3862.96054924553
189,5300,0.02,0.03,0.05,-0.009999999999999998,-3862.148105039776
189,5400,0.02,0.03,0.05,-0.009999999999999998,-3861.3205561305263
189,5500,0.02,0.03,0.05,-0.009999999999999998,-3860.47761752122
189,5600,0.02,0.03,0.05,-0.009999999999999998,-3859.6190042757316
189,5700,0.02,0.03,0.05,-0.009999999999999998,-3858.744431488052
189,5800,0.02,0.03,0.05,-0.009999999999999998,-3857.853614264309
189,5900,0.02,0.03,0.05,-0.009999999999999998,-3856.9462677160896
189,6000,0.02,0.03,0.05,-0.009999999999999998,-3856.022106962255
189,6100,0.02,0.03,0.05,-0.009999999999999998,-3855.080847136211
189,6200,0.02,0.03,0.05,-0.009999999999999998,-3854.122203396657
189,6300,0.02,0.03,0.05,-0.009999999999999998,-3853.145890941081
189,6400,0.02,0.03,0.05,-0.009999999999999998,-3852.151625022785
189,6500,0.02,0.03,0.05,-0.009999999999999998,-3851.1391209735866
189,6600,0.02,0.03,0.05,-0.009999999999999998,-3850.108094236006
189,6700,0.02,0.03,0.05,-0.009999999999999998,-3849.0582604104798
189,6800,0.02,0.03,0.05,-0.009999999999999998,-3847.9893353257944
189,6900,0.02,0.03,0.05,-0.009999999999999998,-3846.901035144772
189,7000,0.02,0.03,0.05,-0.009999999999999998,-3845.793076522976
189,7100,0.02,0.03,0.05,-0.009999999999999998,-3844.665176847266
189,7200,0.02,0.03,0.05,-0.009999999999999998,-3843.5170545948804
189,7300,0.02,0.03,0.05,-0.009999999999999998,-3842.348429875244
189,7400,0.02,0.03,0.05,-0.009999999999999998,-3841.1590252496426
189,7500,0.02,0.03,0.05,-0.009999999999999998,-3839.9485669732276
189,7600,0.02,0.03,0.05,-0.009999999999999998,-3838.716786875021
189,7700,0.02,0.03,0.05,-0.009999999999999998,-3837.4634251879356
189,7800,0.02,0.03,0.05,-0.009999999999999998,-3836.1882347602946
189,7900,0.02,0.03,0.05,-0.009999999999999998,-3834.8909872074355
189,8000,0.02,0.03,0.05,-0.009999999999999998,-3833.5714816615923
189,8100,0.02,0.03,0.05,-0.009999999999999998,-3832.2295567890337
189,8200,0.02,0.03,0.05,-0.009999999999999998,-3830.865106580259
189,8300,0.02,0.03,0.05,-0.009999999999999998,-3829.4780999903887
189,8400,0.02,0.03,0.05,-0.009999999999999998,-3828.0686037488113
189,8500,0.02,0.03,0.05,-0.009999999999999998,-3826.636806584543
189,8600,0.02,0.03,0.05,-0.009999999999999998,-3825.1830418663
189,8700,0.02,0.03,0.05,-0.009999999999999998,-3823.707804519969
189,8800,0.02,0.03,0.05,-0.009999999999999998,-3822.21175745757
189,8900,0.02,0.035,0.05500000000000001,-0.015000000000000003,-3820.724376171674
189,9000,0.02,0.035,0.05500000000000001,-0.015000000000000003,-3819.2376192438546
189,9100,0.02,0.035,0.05500000000000001,-0.015000000000000003,-3817.730254671717
189,9200,0.015,0.035,0.05,-0.020000000000000004,-3816.2071763137346
189,9300,0.015,0.035,0.05,-0.020000000000000004,-3814.711004168777
189,9400,0.015,0.035,0.05,-0.020000000000000004,-3813.1948758744334
189,9500,0.015,0.035,0.05,-0.020000000000000004,-3811.659761387929
189,9600,0.015,0.035,0.05,-0.020000000000000004,-3810.1067143639093
189,9700,0.015,0.035,0.05,-0.020000000000000004,-3808.536809199007
189,9800,0.015,0.035,0.05,-0.020000000000000004,-3806.951070195697
189,9900,0.015,0.035,0.05,-0.020000000000000004,-3805.350402319511
189,10000,0.015,0.035,0.05,-0.020000000000000004,-3803.735533577195
189,10100,0.015,0.035,0.05,-0.020000000000000004,-3802.1069774914336
189,10200,0.015,0.035,0.05,-0.020000000000000004,-3800.46502073593
189,10300,0.015,0.035,0.05,-0.020000000000000004,-3798.8097364817163
189,10400,0.015,0.035,0.05,-0.020000000000000004,-3797.1410194619825
189,10500,0.015,0.035,0.05,-0.020000000000000004,-3795.458635258244
189,10600,0.015,0.035,0.05,-0.020000000000000004,-3793.7622746066086
189,10700,0.015,0.035,0.05,-0.020000000000000004,-3792.05160386297
189,10800,0.015,0.035,0.05,-0.020000000000000004,-3790.326304846464
189,10900,0.015,0.035,0.05,-0.020000000000000004,-3788.5861003905225
189,11000,0.015,0.035,0.05,-0.020000000000000004,-3786.830765204455
189,11100,0.015,0.035,0.05,-0.020000000000000004,-3785.0601243287906
189,11200,0.015,0.035,0.05,-0.020000000000000004,-3783.274043091003
189,11300,0.015,0.035,0.05,-0.020000000000000004,-3781.4724129280885
189,11400,0.015,0.035,0.05,-0.020000000000000004,-3779.6551369318836
189,11500,0.015,0.035,0.05,-0.020000000000000004,-3777.8221178604063
189,11600,0.015,0.035,0.05,-0.020000000000000004,-3775.973250046151
189,11700,0.015,0.035,0.05,-0.020000000000000004,-3774.108415448485
189,11800,0.015,0.035,0.05,-0.020000000000000004,-3772.227483241104
189,11900,0.015,0.035,0.05,-0.020000000000000004,-3770.3303118626113
189,12000,0.015,0.035,0.05,-0.020000000000000004,-3768.416752350686
189,12100,0.015,0.035,0.05,-0.020000000000000004,-3766.486651930478
189,12200,0.015,0.035,0.05,-0.020000000000000004,-3764.539857120394
189,12300,0.015,0.035,0.05,-0.020000000000000004,-3762.5762159499027
189,12400,0.015,0.035,0.05,-0.020000000000000004,-3760.59557917942
189,12500,0.015,0.035,0.05,-0.020000000000000004,-3758.597800629465
189,12600,0.015,0.035,0.05,-0.020000000000000004,-3756.5827368518553
189,12700,0.015,0.035,0.05,-0.020000000000000004,-3754.550246417682
189,12800,0.015,0.035,0.05,-0.020000000000000004,-3752.5001890754993
189,12900,0.015,0.035,0.05,-0.020000000000000004,-3750.4324249733863
189,13000,0.015,0.035,0.05,-0.020000000000000004,-3748.3468140637788
189,13100,0.015,0.035,0.05,-0.020000000000000004,-3746.2432157381973
189,13200,0.015,0.035,0.05,-0.020000000000000004,-3744.121488682563
189,13300,0.015,0.035,0.05,-0.020000000000000004,-3741.9814909071083
189,13400,0.015,0.035,0.05,-0.020000000000000004,-3739.8230798887544
189,13500,0.015,0.035,0.05,-0.020000000000000004,-3737.6461127638845
189,13600,0.015,0.035,0.05,-0.020000000000000004,-3735.4504465209006
189,13700,0.015,0.035,0.05,-0.020000000000000004,-3733.235938159103
189,13800,0.015,0.035,0.05,-0.020000000000000004,-3731.0024447987657
189,13900,0.015,0.035,0.05,-0.020000000000000004,-3728.7498237442187
189,14000,0.015,0.035,0.05,-0.020000000000000004,-3726.4779325167433
189,14100,0.015,0.035,0.05,-0.020000000000000004,-3724.186628889222
189,14200,0.015,0.035,0.05,-0.020000000000000004,-3721.875770974382
189,14300,0.015,0.035,0.05,-0.020000000000000004,-3719.5452174510265
189,14400,0.015,0.035,0.05,-0.020000000000000004,-3717.1948280677943
189,14500,0.015,0.035,0.05,-0.020000000000000004,-3714.824464652454
189,14600,0.015,0.035,0.05,-0.020000000000000004,-3712.4339929830567
189,14700,0.015,0.035,0.05,-0.020000000000000004,-3710.0232860400915
189,14800,0.015,0.035,0.05,-0.020000000000000004,-3707.5922293267827
189,14900,0.015,0.035,0.05,-0.020000000000000004,-3705.140729055269
189,15000,0.015,0.035,0.05,-0.020000000000000004,-3702.6687239505136
189,15100,0.015,0.035,0.05,-0.020000000000000004,-3700.17620110228
189,15200,0.015,0.04,0.055,-0.025,-3697.683000920925
189,15300,0.015,0.04,0.055,-0.025,-3695.200702295209
189,15400,0.015,0.04,0.055,-0.025,-3692.6977956636233
189,15500,0.015,0.04,0.055,-0.025,-3690.174346878087
189,15600,0.01,0.04,0.05,-0.03,-3687.676121380055
189,15700,0.01,0.04,0.05,-0.03,-3685.163049938395
189,15800,0.01,0.04,0.05,-0.03,-3682.629643558186
189,15900,0.01,0.04,0.05,-0.03,-3680.076165127259
189,16000,0.01,0.04,0.05,-0.03,-3677.503011166242
189,16100,0.01,0.04,0.05,-0.03,-3674.9107194036387
189,16200,0.01,0.04,0.05,-0.03,-3672.2999612102685
189,16300,0.01,0.04,0.05,-0.03,-3669.671515644516
189,16400,0.01,0.04,0.05,-0.03,-3667.0262248130716
189,16500,0.01,0.04,0.05,-0.03,-3664.364933970676
189,16600,0.01,0.04,0.05,-0.03,-3661.6884234211443
189,16700,0.01,0.04,0.05,-0.03,-3658.997341878996
189,16800,0.01,0.04,0.05,-0.03,-3656.292151711772
189,16900,0.01,0.04,0.05,-0.03,-3653.57309504414
189,17000,0.01,0.04,0.05,-0.03,-3650.8401862761493
189,17100,0.01,0.04,0.05,-0.03,-3648.093231901317
189,17200,0.01,0.04,0.05,-0.03,-3645.3318736924016
189,17300,0.01,0.04,0.05,-0.03,-3642.5556474613104
189,17400,0.01,0.04,0.05,-0.03,-3639.764047508097
189,17500,0.01,0.04,0.05,-0.03,-3636.9565868659506
189,17600,0.01,0.04,0.05,-0.03,-3634.132845299839
189,17700,0.01,0.04,0.05,-0.03,-3631.2925000919686
189,17800,0.01,0.04,0.05,-0.03,-3628.435338131021
189,17900,0.01,0.04,0.05,-0.03,-3625.5612509569937
189,18000,0.01,0.04,0.05,-0.03,-3622.6702166731525
189,18100,0.01,0.04,0.05,-0.03,-3619.7622737981123
189,18200,0.01,0.04,0.05,-0.03,-3616.837492245101
189,18300,0.01,0.04,0.05,-0.03,-3613.8959459199314
189,18400,0.01,0.04,0.05,-0.03,-3610.937690240346
189,18500,0.01,0.04,0.05,-0.03,-3607.962746505856
189,18600,0.01,0.04,0.05,-0.03,-3604.9710937340856
189,18700,0.01,0.04,0.05,-0.03,-3601.9626674890947
189,18800,0.01,0.04,0.05,-0.03,-3598.9373644435923
189,18900,0.01,0.04,0.05,-0.03,-3595.895050962192
189,19000,0.01,0.04,0.05,-0.03,-3592.835573847913
189,19100,0.01,0.04,0.05,-0.03,-3589.7587715156487
189,19200,0.01,0.04,0.05,-0.03,-3586.6644841975863
189,19300,0.01,0.04,0.05,-0.03,-3583.5525623177155
189,19400,0.01,0.04,0.05,-0.03,-3580.422872920156
189,19500,0.01,0.04,0.05,-0.03,-3577.2753051264394
189,19600,0.01,0.04,0.05,-0.03,-3574.109777321512
189,19700,0.01,0.04,0.05,-0.03,-3570.9262516268313
189,19800,0.01,0.04,0.05,-0.03,-3567.7247658726674
189,19900,0.01,0.04,0.05,-0.03,-3564.5055003018833
189,20000,0.01,0.04,0.05,-0.03,-3561.2689055250967
251,-20000,0.025,0.025,0.05,0.0,-33.91071428571428
251,-19900,0.025,0.025,0.05,0.0,-34.195714285714274
251,-19800,0.025,0.025,0.05,0.0,-34.47928571428572
251,-19700,0.025,0.025,0.05,0.0,-34.761428571428574
251,-19600,0.025,0.025,0.05,0.0,-35.04214285714285
251,-19500,0.025,0.025,0.05,0.0,-35.321428571428584
251,-19400,0.025,0.025,0.05,0.0,-35.59928571428571
251,-19300,0.025,0.025,0.05,0.0,-35.875714285714274
251,-19200,0.025,0.025,0.05,0.0,-36.150714285714294
251,-19100,0.025,0.025,0.05,0.0,-36.4242857142857
251,-19000,0.025,0.025,0.05,0.0,-36.69642857142857
251,-18900,0.025,0.025,0.05,0.0,-36.96714285714286
251,-18800,0.025,0.025,0.05,0.0,-37.23642857142856
251,-18700,0.025,0.025,0.05,0.0,-37.50428571428571
251,-18600,0.025,0.025,0.05,0.0,-37.77071428571429
251,-18500,0.025,0.025,0.05,0.0,-38.03571428571429
251,-18400,0.025,0.025,0.05,0.0,-38.2992857142857
251,-18300,0.025,0.025,0.05,0.0,-38.56142857142858
251,-18200,0.025,0.025,0.05,0.0,-38.82214285714285
251,-18100,0.025,0.025,0.05,0.0,-39.081428571428575
251,-18000,0.025,0.025,0.05,0.0,-39.33928571428571
251,-17900,0.025,0.025,0.05,0.0,-39.59571428571428
251,-17800,0.025,0.025,0.05,0.0,-39.85071428571429
251,-17700,0.025,0.025,0.05,0.0,-40.104285714285716
251,-17600,0.025,0.025,0.05,0.0,-40.35642857142856
251,-17500,0.025,0.025,0.05,0.0,-40.60714285714285
251,-17400,0.025,0.025,0.05,0.0,-40.85642857142856
251,-17300,0.025,0.025,0.05,0.0,-41.10428571428571
251,-17200,0.025,0.025,0.05,0.0,-41.35071428571429
251,-17100,0.025,0.025,0.05,0.0,-41.595714285714294
251,-17000,0.025,0.025,0.05,0.0,-41.83928571428571
251,-16900,0.025,0.025,0.05,0.0,-42.081428571428575
251,-16800,0.025,0.025,0.05,0.0,-42.322142857142865
251,-16700,0.025,0.025,0.05,0.0,-42.56142857142858
251,-16600,0.025,0.025,0.05,0.0,-42.7992857142857
251,-16500,0.025,0.025,0.05,0.0,-43.03571428571428
251,-16400,0.025,0.025,0.05,0.0,-43.27071428571429
251,-16300,0.025,0.025,0.05,0.0,-43.50428571428571
251,-16200,0.025,0.025,0.05,0.0,-43.736428571428576
251,-16100,0.025,0.025,0.05,0.0,-43.96714285714285
251,-16000,0.025,0.025,0.05,0.0,-44.19642857142857
251,-15900,0.025,0.025,0.05,0.0,-44.42428571428571
251,-15800,0.025,0.025,0.05,0.0,-44.65071428571429
251,-15700,0.025,0.025,0.05,0.0,-44.87571428571428
251,-15600,0.025,0.025,0.05,0.0,-45.099285714285706
251,-15500,0.025,0.025,0.05,0.0,-45.32142857142856
251,-15400,0.025,0.025,0.05,0.0,-45.54214285714285
251,-15300,0.025,0.025,0.05,0.0,-45.76142857142857
251,-15200,0.025,0.025,0.05,0.0,-45.97928571428571
251,-15100,0.025,0.025,0.05,0.0,-46.19571428571428
251,-15000,0.025,0.025,0.05,0.0,-46.41071428571429
251,-14900,0.025,0.025,0.05,0.0,-46.62428571428571
251,-14800,0.025,0.025,0.05,0.0,-46.83642857142857
251,-14700,0.025,0.025,0.05,0.0,-47.04714285714285
251,-14600,0.025,0.025,0.05,0.0,-47.256428571428565
251,-14500,0.025,0.025,0.05,0.0,-47.46428571428571
251,-14400,0.025,0.025,0.05,0.0,-47.67071428571429
251,-14300,0.025,0.025,0.05,0.0,-47.87571428571429
251,-14200,0.025,0.025,0.05,0.0,-48.07928571428572
251,-14100,0.025,0.025,0.05,0.0,-48.28142857142856
251,-14000,0.025,0.025,0.05,0.0,-48.48214285714285
251,-13900,0.025,0.025,0.05,0.0,-48.68142857142857
251,-13800,0.025,0.025,0.05,0.0,-48.879285714285714
251,-13700,0.025,0.025,0.05,0.0,-49.075714285714284
251,-13600,0.025,0.025,0.05,0.0,-49.270714285714284
251,-13500,0.025,0.025,0.05,0.0,-49.46428571428571
251,-13400,0.025,0.025,0.05,0.0,-49.65642857142857
251,-13300,0.025,0.025,0.05,0.0,-49.847142857142856
251,-13200,0.025,0.025,0.05,0.0,-50.036428571428566
251,-13100,0.025,0.025,0.05,0.0,-50.224285714285706
251,-13000,0.025,0.025,0.05,0.0,-50.410714285714285
251,-12900,0.025,0.025,0.05,0.0,-50.59571428571429
251,-12800,0.025,0.025,0.05,0.0,-50.77928571428572
251,-12700,0.025,0.025,0.05,0.0,-50.96142857142858
251,-12600,0.025,0.025,0.05,0.0,-51.14214285714286
251,-12500,0.025,0.025,0.05,0.0,-51.32142857142857
251,-12400,0.025,0.025,0.05,0.0,-51.49928571428571
251,-12300,0.025,0.025,0.05,0.0,-51.67571428571428
251,-12200,0.025,0.025,0.05,0.0,-51.85071428571429
251,-12100,0.025,0.025,0.05,0.0,-52.02428571428571
251,-12000,0.025,0.025,0.05,0.0,-52.19642857142857
251,-11900,0.025,0.025,0.05,0.0,-52.36714285714286
251,-11800,0.025,0.025,0.05,0.0,-52.53642857142857
251,-11700,0.025,0.025,0.05,0.0,-52.70428571428572
251,-11600,0.025,0.025,0.05,0.0,-52.87071428571428
251,-11500,0.025,0.025,0.05,0.0,-53.03571428571428
251,-11400,0.025,0.025,0.05,0.0,-53.19928571428571
251,-11300,0.025,0.025,0.05,0.0,-53.361428571428576
251,-11200,0.025,0.025,0.05,0.0,-53.52214285714285
251,-11100,0.025,0.025,0.05,0.0,-53.681428571428576
251,-11000,0.025,0.025,0.05,0.0,-53.83928571428571
251,-10900,0.025,0.025,0.05,0.0,-53.995714285714286
251,-10800,0.025,0.025,0.05,0.0,-54.150714285714294
251,-10700,0.025,0.025,0.05,0.0,-54.30428571428571
251,-10600,0.025,0.025,0.05,0.0,-54.45642857142856
251,-10500,0.025,0.025,0.05,0.0,-54.60714285714286
251,-10400,0.025,0.025,0.05,0.0,-54.75642857142857
251,-10300,0.025,0.025,0.05,0.0,-54.90428571428571
251,-10200,0.025,0.025,0.05,0.0,-55.050714285714285
251,-10100,0.025,0.025,0.05,0.0,-55.19571428571429
251,-10000,0.025,0.025,0.05,0.0,-55.33928571428571
251,-9900,0.025,0.025,0.05,0.0,-55.48142857142857
251,-9800,0.025,0.025,0.05,0.0,-55.622142857142855
251,-9700,0.025,0.025,0.05,0.0,-55.761428571428574
251,-9600,0.025,0.025,0.05,0.0,-55.89928571428571
251,-9500,0.025,0.025,0.05,0.0,-56.035714285714285
251,-9400,0.025,0.025,0.05,0.0,-56.17071428571428
251,-9300,0.025,0.025,0.05,0.0,-56.30428571428571
251,-9200,0.025,0.025,0.05,0.0,-56.43642857142857
251,-9100,0.025,0.025,0.05,0.0,-56.567142857142855
251,-9000,0.025,0.025,0.05,0.0,-56.69642857142857
251,-8900,0.025,0.025,0.05,0.0,-56.824285714285715
251,-8800,0.025,0.025,0.05,0.0,-56.950714285714284
251,-8700,0.025,0.025,0.05,0.0,-57.075714285714284
251,-8600,0.025,0.025,0.05,0.0,-57.199285714285715
251,-8500,0.025,0.025,0.05,0.0,-57.32142857142857
251,-8400,0.025,0.025,0.05,0.0,-57.442142857142855
251,-8300,0.025,0.025,0.05,0.0,-57.56142857142857
251,-8200,0.025,0.025,0.05,0.0,-57.67928571428571
251,-8100,0.025,0.025,0.05,0.0,-57.79571428571428
251,-8000,0.025,0.025,0.05,0.0,-57.910714285714285
251,-7900,0.025,0.025,0.05,0.0,-58.02428571428572
251,-7800,0.025,0.025,0.05,0.0,-58.136428571428574
251,-7700,0.025,0.025,0.05,0.0,-58.247142857142855
251,-7600,0.025,0.025,0.05,0.0,-58.356428571428566
251,-7500,0.025,0.025,0.05,0.0,-58.464285714285715
251,-7400,0.025,0.025,0.05,0.0,-58.57071428571428
251,-7300,0.025,0.025,0.05,0.0,-58.675714285714285
251,-7200,0.025,0.025,0.05,0.0,-58.77928571428571
251,-7100,0.025,0.025,0.05,0.0,-58.88142857142857
251,-7000,0.025,0.025,0.05,0.0,-58.982142857142854
251,-6900,0.025,0.025,0.05,0.0,-59.08142857142857
251,-6800,0.025,0.025,0.05,0.0,-59.17928571428571
251,-6700,0.025,0.025,0.05,0.0,-59.27571428571429
251,-6600,0.025,0.025,0.05,0.0,-59.370714285714286
251,-6500,0.025,0.025,0.05,0.0,-59.464285714285715
251,-6400,0.025,0.025,0.05,0.0,-59.55642857142857
251,-6300,0.025,0.025,0.05,0.0,-59.64714285714285
251,-6200,0.025,0.025,0.05,0.0,-59.73642857142857
251,-6100,0.025,0.025,0.05,0.0,-59.824285714285715
251,-6000,0.025,0.025,0.05,0.0,-59.910714285714285
251,-5900,0.025,0.025,0.05,0.0,-59.995714285714286
251,-5800,0.025,0.025,0.05,0.0,-60.07928571428571
251,-5700,0.025,0.025,0.05,0.0,-60.16142857142857
251,-5600,0.025,0.025,0.05,0.0,-60.24214285714286
251,-5500,0.025,0.025,0.05,0.0,-60.32142857142857
251,-5400,0.025,0.025,0.05,0.0,-60.39928571428571
251,-5300,0.025,0.025,0.05,0.0,-60.47571428571429
251,-5200,0.025,0.025,0.05,0.0,-60.550714285714285
251,-5100,0.025,0.025,0.05,0.0,-60.62428571428571
251,-5000,0.025,0.025,0.05,0.0,-60.69642857142857
251,-4900,0.025,0.025,0.05,0.0,-60.76714285714286
251,-4800,0.025,0.025,0.05,0.0,-60.83642857142857
251,-4700,0.025,0.025,0.05,0.0,-60.90428571428571
251,-4600,0.025,0.025,0.05,0.0,-60.97071428571429
251,-4500,0.025,0.025,0.05,0.0,-61.035714285714285
251,-4400,0.025,0.025,0.05,0.0,-61.09928571428571
251,-4300,0.025,0.025,0.05,0.0,-61.16142857142857
251,-4200,0.025,0.025,0.05,0.0,-61.222142857142856
251,-4100,0.025,0.025,0.05,0.0,-61.28142857142857
251,-4000,0.025,0.025,0.05,0.0,-61.339285714285715
251,-3900,0.025,0.025,0.05,0.0,-61.395714285714284
251,-3800,0.025,0.025,0.05,0.0,-61.450714285714284
251,-3700,0.025,0.025,0.05,0.0,-61.504285714285714
251,-3600,0.025,0.025,0.05,0.0,-61.55642857142857
251,-3500,0.025,0.025,0.05,0.0,-61.607142857142854
251,-3400,0.025,0.025,0.05,0.0,-61.65642857142857
251,-3300,0.025,0.025,0.05,0.0,-61.70428571428572
251,-3200,0.025,0.025,0.05,0.0,-61.75071428571429
251,-3100,0.025,0.025,0.05,0.0,-61.79571428571428
251,-3000,0.025,0.025,0.05,0.0,-61.839285714285715
251,-2900,0.025,0.025,0.05,0.0,-61.88142857142857
251,-2800,0.025,0.025,0.05,0.0,-61.92214285714286
251,-2700,0.025,0.025,0.05,0.0,-61.96142857142857
251,-2600,0.025,0.025,0.05,0.0,-61.99928571428571
251,-2500,0.025,0.025,0.05,0.0,-62.035714285714285
251,-2400,0.025,0.025,0.05,0.0,-62.07071428571429
251,-2300,0.025,0.025,0.05,0.0,-62.104285714285716
251,-2200,0.025,0.025,0.05,0.0,-62.136428571428574
251,-2100,0.025,0.025,0.05,0.0,-62.167142857142856
251,-2000,0.025,0.025,0.05,0.0,-62.19642857142857
251,-1900,0.025,0.025,0.05,0.0,-62.22428571428571
251,-1800,0.025,0.025,0.05,0.0,-62.25071428571429
251,-1700,0.025,0.025,0.05,0.0,-62.27571428571429
251,-1600,0.025,0.025,0.05,0.0,-62.299285714285716
251,-1500,0.025,0.025,0.05,0.0,-62.32142857142857
251,-1400,0.025,0.025,0.05,0.0,-62.34214285714286
251,-1300,0.025,0.025,0.05,0.0,-62.36142857142857
251,-1200,0.025,0.025,0.05,0.0,-62.379285714285714
251,-1100,0.025,0.025,0.05,0.0,-62.395714285714284
251,-1000,0.025,0.025,0.05,0.0,-62.410714285714285
251,-900,0.025,0.025,0.05,0.0,-62.424285714285716
251,-800,0.025,0.025,0.05,0.0,-62.43642857142857
251,-700,0.025,0.025,0.05,0.0,-62.44714285714286
251,-600,0.025,0.025,0.05,0.0,-62.456428571428575
251,-500,0.025,0.025,0.05,0.0,-62.464285714285715
251,-400,0.025,0.025,0.05,0.0,-62.47071428571429
251,-300,0.025,0.025,0.05,0.0,-62.47571428571428
251,-200,0.025,0.025,0.05,0.0,-62.479285714285716
251,-100,0.025,0.025,0.05,0.0,-62.48142857142857
251,0,0.025,0.025,0.05,0.0,-62.482142857142854
251,100,0.025,0.025,0.05,0.0,-62.48142857142857
251,200,0.025,0.025,0.05,0.0,-62.479285714285716
251,300,0.025,0.025,0.05,0.0,-62.47571428571428
251,400,0.025,0.025,0.05,0.0,-62.47071428571429
251,500,0.025,0.025,0.05,0.0,-62.464285714285715
251,600,0.025,0.025,0.05,0.0,-62.456428571428575
251,700,0.025,0.025,0.05,0.0,-62.44714285714286
251,800,0.025,0.025,0.05,0.0,-62.43642857142857
251,900,0.025,0.025,0.05,0.0,-62.424285714285716
251,1000,0.025,0.025,0.05,0.0,-62.410714285714285
251,1100,0.025,0.025,0.05,0.0,-62.395714285714284
251,1200,0.025,0.025,0.05,0.0,-62.379285714285714
251,1300,0.025,0.025,0.05,0.0,-62.36142857142857
251,1400,0.025,0.025,0.05,0.0,-62.34214285714285
251,1500,0.025,0.025,0.05,0.0,-62.32142857142857
251,1600,0.025,0.025,0.05,0.0,-62.299285714285716
251,1700,0.025,0.025,0.05,0.0,-62.27571428571429
251,1800,0.025,0.025,0.05,0.0,-62.25071428571429
251,1900,0.025,0.025,0.05,0.0,-62.22428571428571
251,2000,0.025,0.025,0.05,0.0,-62.19642857142857
251,2100,0.025,0.025,0.05,0.0,-62.167142857142856
251,2200,0.025,0.025,0.05,0.0,-62.136428571428574
251,2300,0.025,0.025,0.05,0.0,-62.104285714285716
251,2400,0.025,0.025,0.05,0.0,-62.07071428571429
251,2500,0.025,0.025,0.05,0.0,-62.035714285714285
251,2600,0.025,0.025,0.05,0.0,-61.99928571428571
251,2700,0.025,0.025,0.05,0.0,-61.96142857142857
251,2800,0.025,0.025,0.05,0.0,-61.92214285714286
251,2900,0.025,0.025,0.05,0.0,-61.88142857142857
251,3000,0.025,0.025,0.05,0.0,-61.839285714285715
251,3100,0.025,0.025,0.05,0.0,-61.79571428571428
251,3200,0.025,0.025,0.05,0.0,-61.75071428571429
251,3300,0.025,0.025,0.05,0.0,-61.70428571428572
251,3400,0.025,0.025,0.05,0.0,-61.65642857142857
251,3500,0.025,0.025,0.05,0.0,-61.607142857142854
251,3600,0.025,0.025,0.05,0.0,-61.55642857142857
251,3700,0.025,0.025,0.05,0.0,-61.504285714285714
251,3800,0.025,0.025,0.05,0.0,-61.450714285714284
251,3900,0.025,0.025,0.05,0.0,-61.395714285714284
251,4000,0.025,0.025,0.05,0.0,-61.339285714285715
251,4100,0.025,0.025,0.05,0.0,-61.28142857142857
251,4200,0.025,0.025,0.05,0.0,-61.222142857142856
251,4300,0.025,0.025,0.05,0.0,-61.16142857142857
251,4400,0.025,0.025,0.05,0.0,-61.09928571428571
251,4500,0.025,0.025,0.05,0.0,-61.035714285714285
251,4600,0.025,0.025,0.05,0.0,-60.97071428571429
251,4700,0.025,0.025,0.05,0.0,-60.90428571428571
251,4800,0.025,0.025,0.05,0.0,-60.83642857142857
251,4900,0.025,0.025,0.05,0.0,-60.76714285714286
251,5000,0.025,0.025,0.05,0.0,-60.69642857142857
251,5100,0.025,0.025,0.05,0.0,-60.62428571428571
251,5200,0.025,0.025,0.05,0.0,-60.550714285714285
251,5300,0.025,0.025,0.05,0.0,-60.47571428571429
251,5400,0.025,0.025,0.05,0.0,-60.39928571428571
251,5500,0.025,0.025,0.05,0.0,-60.32142857142857
251,5600,0.025,0.025,0.05,0.0,-60.24214285714286
251,5700,0.025,0.025,0.05,0.0,-60.16142857142857
251,5800,0.025,0.025,0.05,0.0,-60.07928571428571
251,5900,0.025,0.025,0.05,0.0,-59.995714285714286
251,6000,0.025,0.025,0.05,0.0,-59.910714285714285
251,6100,0.025,0.025,0.05,0.0,-59.824285714285715
251,6200,0.025,0.025,0.05,0.0,-59.73642857142857
251,6300,0.025,0.025,0.05,0.0,-59.64714285714285
251,6400,0.025,0.025,0.05,0.0,-59.55642857142857
251,6500,0.025,0.025,0.05,0.0,-59.464285714285715
251,6600,0.025,0.025,0.05,0.0,-59.370714285714286
251,6700,0.025,0.025,0.05,0.0,-59.27571428571429
251,6800,0.025,0.025,0.05,0.0,-59.17928571428571
251,6900,0.025,0.025,0.05,0.0,-59.08142857142857
251,7000,0.025,0.025,0.05,0.0,-58.98214285714286
251,7100,0.025,0.025,0.05,0.0,-58.88142857142857
251,7200,0.025,0.025,0.05,0.0,-58.77928571428571
251,7300,0.025,0.025,0.05,0.0,-58.675714285714285
251,7400,0.025,0.025,0.05,0.0,-58.57071428571429
251,7500,0.025,0.025,0.05,0.0,-58.464285714285715
251,7600,0.025,0.025,0.05,0.0,-58.35642857142857
251,7700,0.025,0.025,0.05,0.0,-58.247142857142855
251,7800,0.025,0.025,0.05,0.0,-58.136428571428574
251,7900,0.025,0.025,0.05,0.0,-58.02428571428571
251,8000,0.025,0.025,0.05,0.0,-57.91071428571429
251,8100,0.025,0.025,0.05,0.0,-57.79571428571428
251,8200,0.025,0.025,0.05,0.0,-57.67928571428571
251,8300,0.025,0.025,0.05,0.0,-57.56142857142857
251,8400,0.025,0.025,0.05,0.0,-57.44214285714286
251,8500,0.025,0.025,0.05,0.0,-57.32142857142857
251,8600,0.025,0.025,0.05,0.0,-57.199285714285715
251,8700,0.025,0.025,0.05,0.0,-57.07571428571429
251,8800,0.025,0.025,0.05,0.0,-56.950714285714284
251,8900,0.025,0.025,0.05,0.0,-56.824285714285715
251,9000,0.025,0.025,0.05,0.0,-56.69642857142857
251,9100,0.025,0.025,0.05,0.0,-56.567142857142855
251,9200,0.025,0.025,0.05,0.0,-56.43642857142857
251,9300,0.025,0.025,0.05,0.0,-56.30428571428572
251,9400,0.025,0.025,0.05,0.0,-56.17071428571428
251,9500,0.025,0.025,0.05,0.0,-56.035714285714285
251,9600,0.025,0.025,0.05,0.0,-55.89928571428571
251,9700,0.025,0.025,0.05,0.0,-55.76142857142857
251,9800,0.025,0.025,0.05,0.0,-55.622142857142855
251,9900,0.025,0.025,0.05,0.0,-55.481428571428566
251,10000,0.025,0.025,0.05,0.0,-55.339285714285715
251,10100,0.025,0.025,0.05,0.0,-55.19571428571429
251,10200,0.025,0.025,0.05,0.0,-55.05071428571428
251,10300,0.025,0.025,0.05,0.0,-54.90428571428571
251,10400,0.025,0.025,0.05,0.0,-54.75642857142857
251,10500,0.025,0.025,0.05,0.0,-54.607142857142854
251,10600,0.025,0.025,0.05,0.0,-54.456428571428575
251,10700,0.025,0.025,0.05,0.0,-54.30428571428571
251,10800,0.025,0.025,0.05,0.0,-54.15071428571429
251,10900,0.025,0.025,0.05,0.0,-53.995714285714286
251,11000,0.025,0.025,0.05,0.0,-53.839285714285715
251,11100,0.025,0.025,0.05,0.0,-53.68142857142857
251,11200,0.025,0.025,0.05,0.0,-53.52214285714285
251,11300,0.025,0.025,0.05,0.0,-53.36142857142857
251,11400,0.025,0.025,0.05,0.0,-53.19928571428571
251,11500,0.025,0.025,0.05,0.0,-53.035714285714285
251,11600,0.025,0.025,0.05,0.0,-52.87071428571428
251,11700,0.025,0.025,0.05,0.0,-52.70428571428571
251,11800,0.025,0.025,0.05,0.0,-52.536428571428566
251,11900,0.025,0.025,0.05,0.0,-52.36714285714285
251,12000,0.025,0.025,0.05,0.0,-52.19642857142857
251,12100,0.025,0.025,0.05,0.0,-52.02428571428571
251,12200,0.025,0.025,0.05,0.0,-51.850714285714275
251,12300,0.025,0.025,0.05,0.0,-51.67571428571428
251,12400,0.025,0.025,0.05,0.0,-51.49928571428571
251,12500,0.025,0.025,0.05,0.0,-51.32142857142857
251,12600,0.025,0.025,0.05,0.0,-51.14214285714286
251,12700,0.025,0.025,0.05,0.0,-50.96142857142856
251,12800,0.025,0.025,0.05,0.0,-50.77928571428572
251,12900,0.025,0.025,0.05,0.0,-50.59571428571429
251,13000,0.025,0.025,0.05,0.0,-50.41071428571429
251,13100,0.025,0.025,0.05,0.0,-50.22428571428571
251,13200,0.025,0.025,0.05,0.0,-50.036428571428566
251,13300,0.025,0.025,0.05,0.0,-49.84714285714285
251,13400,0.025,0.025,0.05,0.0,-49.65642857142858
251,13500,0.025,0.025,0.05,0.0,-49.46428571428571
251,13600,0.025,0.025,0.05,0.0,-49.270714285714284
251,13700,0.025,0.025,0.05,0.0,-49.07571428571428
251,13800,0.025,0.025,0.05,0.0,-48.879285714285714
251,13900,0.025,0.025,0.05,0.0,-48.68142857142857
251,14000,0.025,0.025,0.05,0.0,-48.48214285714286
251,14100,0.025,0.025,0.05,0.0,-48.28142857142856
251,14200,0.025,0.025,0.05,0.0,-48.07928571428572
251,14300,0.025,0.025,0.05,0.0,-47.87571428571428
251,14400,0.025,0.025,0.05,0.0,-47.67071428571428
251,14500,0.025,0.025,0.05,0.0,-47.46428571428571
251,14600,0.025,0.025,0.05,0.0,-47.25642857142857
251,14700,0.025,0.025,0.05,0.0,-47.04714285714286
251,14800,0.025,0.025,0.05,0.0,-46.83642857142856
251,14900,0.025,0.025,0.05,0.0,-46.624285714285705
251,15000,0.025,0.025,0.05,0.0,-46.41071428571428
251,15100,0.025,0.025,0.05,0.0,-46.19571428571429
251,15200,0.025,0.025,0.05,0.0,-45.97928571428571
251,15300,0.025,0.025,0.05,0.0,-45.76142857142857
251,15400,0.025,0.025,0.05,0.0,-45.54214285714285
251,15500,0.025,0.025,0.05,0.0,-45.32142857142857
251,15600,0.025,0.025,0.05,0.0,-45.09928571428571
251,15700,0.025,0.025,0.05,0.0,-44.87571428571428
251,15800,0.025,0.025,0.05,0.0,-44.65071428571429
251,15900,0.025,0.025,0.05,0.0,-44.424285714285716
251,16000,0.025,0.025,0.05,0.0,-44.19642857142856
251,16100,0.025,0.025,0.05,0.0,-43.967142857142846
251,16200,0.025,0.025,0.05,0.0,-43.73642857142859
251,16300,0.025,0.025,0.05,0.0,-43.50428571428571
251,16400,0.025,0.025,0.05,0.0,-43.27071428571428
251,16500,0.025,0.025,0.05,0.0,-43.03571428571428
251,16600,0.025,0.025,0.05,0.0,-42.799285714285716
251,16700,0.025,0.025,0.05,0.0,-42.56142857142858
251,16800,0.025,0.025,0.05,0.0,-42.322142857142865
251,16900,0.025,0.025,0.05,0.0,-42.081428571428575
251,17000,0.025,0.025,0.05,0.0,-41.839285714285694
251,17100,0.025,0.025,0.05,0.0,-41.59571428571428
251,17200,0.025,0.025,0.05,0.0,-41.35071428571429
251,17300,0.025,0.025,0.05,0.0,-41.10428571428571
251,17400,0.025,0.025,0.05,0.0,-40.856428571428566
251,17500,0.025,0.025,0.05,0.0,-40.60714285714285
251,17600,0.025,0.025,0.05,0.0,-40.356428571428566
251,17700,0.025,0.025,0.05,0.0,-40.10428571428571
251,17800,0.025,0.025,0.05,0.0,-39.8507142857143
251,17900,0.025,0.025,0.05,0.0,-39.59571428571429
251,18000,0.025,0.025,0.05,0.0,-39.339285714285715
251,18100,0.025,0.025,0.05,0.0,-39.081428571428575
251,18200,0.025,0.025,0.05,0.0,-38.822142857142865
251,18300,0.025,0.025,0.05,0.0,-38.56142857142857
251,18400,0.025,0.025,0.05,0.0,-38.299285714285716
251,18500,0.025,0.025,0.05,0.0,-38.03571428571428
251,18600,0.025,0.025,0.05,0.0,-37.77071428571428
251,18700,0.025,0.025,0.05,0.0,-37.50428571428571
251,18800,0.025,0.025,0.05,0.0,-37.23642857142855
251,18900,0.025,0.025,0.05,0.0,-36.967142857142846
251,19000,0.025,0.025,0.05,0.0,-36.696428571428555
251,19100,0.025,0.025,0.05,0.0,-36.4242857142857
251,19200,0.025,0.025,0.05,0.0,-36.15071428571427
251,19300,0.025,0.025,0.05,0.0,-35.875714285714274
251,19400,0.025,0.025,0.05,0.0,-35.59928571428571
251,19500,0.025,0.025,0.05,0.0,-35.321428571428555
251,19600,0.025,0.025,0.05,0.0,-35.04214285714285
251,19700,0.025,0.025,0.05,0.0,-34.76142857142855
251,19800,0.025,0.025,0.05,0.0,-34.47928571428571
251,19900,0.025,0.025,0.05,0.0,-34.19571428571429
251,20000,0.025,0.025,0.05,0.0,-33.910714285714285
