sim_id,cumulative_cost,cumulative_profit,total_fee_income,total_risk_charge,terminal_inventory,terminal_cash,terminal_wealth
0,-15164.48417105692,15164.48417105692,15676.0,64.04857142857144,100.0,1013676.0,2015676.0
1,-14985.917825700602,14985.917825700602,15493.5,66.15357142857144,-1500.0,1045493.5,2015493.5
2,-15188.673728956257,15188.673728956257,15711.5,74.72000000000001,3400.0,947711.5,2015711.5
3,-15420.978849342648,15420.978849342648,15926.5,51.20785714285715,-3200.0,1079926.5,2015926.5
4,-15093.083300943712,15093.083300943712,15594.0,59.60857142857144,1200.0,991594.0,2015594.0
5,-15109.560369518687,15109.560369518687,15625.5,69.19857142857143,1200.0,991625.5,2015625.5
6,-15157.051428631064,15157.051428631064,15692.5,88.45285714285716,-4100.0,1097692.5,2015692.5
7,-15176.263855642865,15176.263855642865,15709.5,84.40857142857143,-2300.0,1061709.5,2015709.5
8,-14954.684775668255,14954.684775668255,15466.5,69.5757142857143,-200.0,1019466.5,2015466.5
9,-15201.118572230647,15201.118572230647,15702.0,57.60785714285715,0.0,1015702.0,2015702.0
10,-15122.73078921606,15122.73078921606,15653.0,82.72857142857146,-3300.0,1081653.0,2015653.0
11,-15230.688877879731,15230.688877879731,15748.5,65.82642857142858,800.0,999748.5,2015748.5
12,-15160.147162162673,15160.147162162673,15682.5,73.26500000000001,-3500.0,1085682.5,2015682.5
13,-15208.852113084775,15208.852113084775,15730.0,72.37428571428572,-3000.0,1075730.0,2015730.0
14,-15165.76453585556,15165.76453585556,15665.0,52.42642857142859,3500.0,945665.0,2015665.0
15,-15010.003142970407,15010.003142970407,15511.0,58.51642857142858,-200.0,1019511.0,2015511.0
16,-14777.560645013751,14777.560645013751,15295.0,78.81928571428573,-400.0,1023295.0,2015295.0
17,-14643.631699023128,14643.631699023128,15145.5,70.7607142857143,-1100.0,1037145.5,2015145.5
18,-15211.641953802937,15211.641953802937,15742.0,83.3557142857143,2000.0,975742.0,2015742.0
19,-15334.263300644858,15334.263300644858,15850.0,66.11071428571431,0.0,1015850.0,2015850.0
20,-14819.108026189326,14819.108026189326,15340.0,84.07428571428574,1900.0,977340.0,2015340.0
21,-15436.557716330557,15436.557716330557,15950.0,56.99214285714286,-500.0,1025950.0,2015950.0
22,-15273.86957553585,15273.86957553585,15797.5,71.04428571428573,3200.0,951797.5,2015797.5
23,-14674.2394057913,14674.2394057913,15205.0,96.63142857142859,800.0,999205.0,2015205.0
24,-15236.879417491798,15236.879417491798,15756.0,71.60857142857145,400.0,1007756.0,2015756.0
25,-14960.563315417076,14960.563315417076,15481.5,81.50928571428574,-2600.0,1067481.5,2015481.5
26,-15360.910941614933,15360.910941614933,15875.0,60.40357142857144,1600.0,983875.0,2015875.0
27,-14870.360462579447,14870.360462579447,15385.0,79.22428571428573,-1700.0,1049385.0,2015385.0
28,-14980.610460830207,14980.610460830207,15495.0,71.66428571428574,-1600.0,1047495.0,2015495.0
29,-15115.665919348763,15115.665919348763,15631.0,62.9757142857143,-1100.0,1037631.0,2015631.0
30,-15242.568571646181,15242.568571646181,15762.5,71.37857142857143,100.0,1013762.5,2015762.5
31,-14992.125489305154,14992.125489305154,15517.0,80.39785714285716,3300.0,949517.0,2015517.0
32,-15317.428877546452,15317.428877546452,15823.0,57.86357142857144,0.0,1015823.0,2015823.0
33,-15095.021837854478,15095.021837854478,15631.5,93.68214285714288,-5600.0,1127631.5,2015631.5
34,-15013.102036342676,15013.102036342676,15527.5,71.36642857142859,100.0,1013527.5,2015527.5
35,-15333.294558048823,15333.294558048823,15838.0,59.38642857142859,700.0,1001838.0,2015838.0
36,-15343.060990333313,15343.060990333313,15857.5,62.70785714285715,200.0,1011857.5,2015857.5
37,-14881.416948510356,14881.416948510356,15380.5,62.385000000000005,-3200.0,1079380.5,2015380.5
38,-15043.863748565982,15043.863748565982,15567.0,81.92357142857145,-2500.0,1065567.0,2015567.0
39,-15316.617982081563,15316.617982081563,15852.0,72.75714285714287,-4100.0,1097852.0,2015852.0
40,-15338.28654570751,15338.28654570751,15895.5,100.50714285714288,-900.0,1033895.5,2015895.5
41,-15245.91112914279,15245.91112914279,15758.0,67.1307142857143,-2500.0,1065758.0,2015758.0
42,-15251.52877418981,15251.52877418981,15775.0,79.69000000000003,2700.0,961775.0,2015775.0
43,-14696.188897248903,14696.188897248903,15227.5,94.08285714285716,-2800.0,1071227.5,2015227.5
44,-15265.501109402665,15265.501109402665,15772.0,56.291428571428575,-1500.0,1045772.0,2015772.0
45,-15022.717229785872,15022.717229785872,15530.0,65.13642857142858,2400.0,967530.0,2015530.0
46,-15387.382883817563,15387.382883817563,15920.5,84.66214285714287,400.0,1007920.5,2015920.5
47,-15308.75376252698,15308.75376252698,15792.5,31.041428571428575,700.0,1001792.5,2015792.5
48,-15156.750076727923,15156.750076727923,15694.5,90.92714285714288,-1900.0,1053694.5,2015694.5
49,-15045.101256229373,15045.101256229373,15584.5,95.53285714285715,3100.0,953584.5,2015584.5
50,-15098.319659453635,15098.319659453635,15617.5,70.69928571428572,-1500.0,1045617.5,2015617.5
51,-15077.874127478957,15077.874127478957,15595.0,77.20928571428573,1600.0,983595.0,2015595.0
52,-15297.874790807755,15297.874790807755,15822.5,73.3807142857143,3000.0,955822.5,2015822.5
53,-14982.785189754599,14982.785189754599,15494.0,73.22071428571431,3000.0,955494.0,2015494.0
54,-15100.86081683335,15100.86081683335,15619.0,76.31000000000002,3700.0,941619.0,2015619.0
55,-15393.52662367972,15393.52662367972,15895.5,51.665000000000006,-900.0,1033895.5,2015895.5
56,-15179.674056609714,15179.674056609714,15714.0,88.08785714285715,-2400.0,1063714.0,2015714.0
57,-15199.182017135827,15199.182017135827,15722.0,73.60000000000001,400.0,1007722.0,2015722.0
58,-15013.021966777123,15013.021966777123,15548.5,93.89857142857144,5800.0,899548.5,2015548.5
59,-15041.977120373973,15041.977120373973,15558.0,75.55642857142858,-2600.0,1067558.0,2015558.0
60,-14762.819078643679,14762.819078643679,15250.0,54.75857142857144,1700.0,981250.0,2015250.0
61,-15192.84840858116,15192.84840858116,15709.0,73.86285714285715,-1200.0,1039709.0,2015709.0
62,-15406.440082418896,15406.440082418896,15917.5,64.22000000000001,-700.0,1029917.5,2015917.5
63,-14822.726485502433,14822.726485502433,15353.0,89.02714285714288,-1200.0,1039353.0,2015353.0
64,-15265.428646190776,15265.428646190776,15780.0,66.92571428571429,4600.0,923780.0,2015780.0
65,-15492.596780156113,15492.596780156113,16049.0,97.15,3100.0,954049.0,2016049.0
66,-15250.509882772089,15250.509882772089,15801.5,96.5707142857143,1300.0,989801.5,2015801.5
67,-15480.982192280897,15480.982192280897,15983.0,48.89714285714287,800.0,999983.0,2015983.0
68,-14940.516847009265,14940.516847009265,15457.5,74.14428571428573,0.0,1015457.5,2015457.5
69,-15240.503778294262,15240.503778294262,15740.5,58.275714285714294,-1800.0,1051740.5,2015740.5
70,-15144.646194970683,15144.646194970683,15661.5,67.18642857142859,-1000.0,1035661.5,2015661.5
71,-15299.353594654578,15299.353594654578,15819.0,67.62785714285715,2700.0,961819.0,2015819.0
72,-15063.795147749799,15063.795147749799,15568.5,60.913571428571444,500.0,1005568.5,2015568.5
73,-15349.180594202393,15349.180594202393,15872.5,76.52214285714287,1800.0,979872.5,2015872.5
74,-14729.18373494022,14729.18373494022,15223.0,61.67500000000001,-400.0,1023223.0,2015223.0
75,-14990.336807416159,14990.336807416159,15503.5,69.32642857142858,-2800.0,1071503.5,2015503.5
76,-14896.25174728068,14896.25174728068,15395.0,60.694285714285726,-300.0,1021395.0,2015395.0
77,-15220.526123066109,15220.526123066109,15746.5,77.15714285714287,-200.0,1019746.5,2015746.5
78,-15304.209744112795,15304.209744112795,15806.0,59.204285714285724,1400.0,987806.0,2015806.0
79,-14788.211588154638,14788.211588154638,15296.0,61.923571428571435,3100.0,953296.0,2015296.0
80,-15396.169792294,15396.169792294,15915.5,72.91500000000002,2100.0,973915.5,2015915.5
81,-15104.538719269958,15104.538719269958,15621.5,73.05785714285716,700.0,1001621.5,2015621.5
82,-15022.281698279105,15022.281698279105,15519.0,52.36214285714287,-1300.0,1041519.0,2015519.0
83,-15058.044530677029,15058.044530677029,15585.0,83.25071428571431,-4900.0,1113585.0,2015585.0
84,-14972.851958480223,14972.851958480223,15478.5,65.45642857142857,-2000.0,1055478.5,2015478.5
85,-15151.19711013607,15151.19711013607,15669.5,69.45357142857145,-1300.0,1041669.5,2015669.5
86,-14806.571610769563,14806.571610769563,15312.0,71.31428571428573,-1300.0,1041312.0,2015312.0
87,-15332.819627168321,15332.819627168321,15865.5,85.17714285714288,-5000.0,1115865.5,2015865.5
88,-15142.316645795683,15142.316645795683,15672.0,78.87285714285716,5100.0,913672.0,2015672.0
89,-14673.035674724233,14673.035674724233,15166.0,57.610714285714295,0.0,1015166.0,2015166.0
90,-15175.152167606893,15175.152167606893,15697.5,77.67642857142859,-1400.0,1043697.5,2015697.5
91,-15178.1141881283,15178.1141881283,15719.0,93.49000000000001,-3400.0,1083719.0,2015719.0
92,-14996.862173716308,14996.862173716308,15500.5,60.343571428571444,-500.0,1025500.5,2015500.5
93,-15215.712464999413,15215.712464999413,15726.5,63.55928571428572,1500.0,985726.5,2015726.5
94,-15166.18555734346,15166.18555734346,15705.0,97.7407142857143,2700.0,961705.0,2015705.0
95,-14850.109912105447,14850.109912105447,15389.5,99.95214285714287,1400.0,987389.5,2015389.5
96,-15068.683904781788,15068.683904781788,15587.0,77.44857142857144,-1900.0,1053587.0,2015587.0
97,-15406.477022466272,15406.477022466272,15923.5,64.7857142857143,-200.0,1019923.5,2015923.5
98,-14890.292103600616,14890.292103600616,15435.5,108.50142857142859,-600.0,1027435.5,2015435.5
99,-15238.657744999113,15238.657744999113,15786.0,99.70000000000002,1000.0,995786.0,2015786.0
100,-15448.199034244133,15448.199034244133,15966.0,61.67,1000.0,995966.0,2015966.0
101,-15462.113906375773,15462.113906375773,15989.5,77.28357142857143,-300.0,1021989.5,2015989.5
102,-15304.25742567176,15304.25742567176,15820.5,67.35500000000002,-3100.0,1077820.5,2015820.5
103,-15362.912061518167,15362.912061518167,15917.0,101.87785714285715,-1100.0,1037917.0,2015917.0
104,-15125.491366522438,15125.491366522438,15684.5,111.54857142857146,2100.0,973684.5,2015684.5
105,-15228.887726020837,15228.887726020837,15754.0,72.47142857142859,0.0,1015754.0,2015754.0
106,-15157.74096836058,15157.74096836058,15717.5,110.67928571428573,4500.0,925717.5,2015717.5
107,-14975.92495759613,14975.92495759613,15505.0,88.8707142857143,4100.0,933505.0,2015505.0
108,-14910.725530915613,14910.725530915613,15439.5,79.41428571428574,600.0,1003439.5,2015439.5
109,-15247.974317794891,15247.974317794891,15765.0,72.40142857142858,-4700.0,1109765.0,2015765.0
110,-15306.000971185022,15306.000971185022,15831.5,78.45928571428573,2600.0,963831.5,2015831.5
111,-15179.3510822713,15179.3510822713,15702.0,71.41285714285715,1700.0,981702.0,2015702.0
112,-14971.37976867771,14971.37976867771,15492.5,84.63857142857145,1200.0,991492.5,2015492.5
113,-14915.460439179631,14915.460439179631,15437.5,76.28785714285715,-1000.0,1035437.5,2015437.5
114,-15196.849043197028,15196.849043197028,15737.0,93.23857142857145,-2700.0,1069737.0,2015737.0
115,-15242.633306585216,15242.633306585216,15757.5,71.53285714285715,-1000.0,1035757.5,2015757.5
116,-15239.89253925358,15239.89253925358,15786.0,96.06642857142859,-1700.0,1049786.0,2015786.0
117,-14925.457364068228,14925.457364068228,15435.0,72.19928571428572,400.0,1007435.0,2015435.0
118,-15268.43854495412,15268.43854495412,15772.0,55.322142857142865,-1100.0,1037772.0,2015772.0
119,-15116.881791822201,15116.881791822201,15628.5,62.19214285714287,-1400.0,1043628.5,2015628.5
120,-15000.620816129296,15000.620816129296,15530.0,90.0914285714286,3600.0,943530.0,2015530.0
121,-14952.637990046569,14952.637990046569,15447.5,55.87714285714286,-3100.0,1077447.5,2015447.5
122,-15044.255576835054,15044.255576835054,15528.5,44.81071428571429,0.0,1015528.5,2015528.5
123,-15030.832397831451,15030.832397831451,15527.5,50.899285714285725,300.0,1009527.5,2015527.5
124,-15259.027092665252,15259.027092665252,15775.0,65.97857142857144,-300.0,1021775.0,2015775.0
125,-14940.136831570491,14940.136831570491,15445.0,64.4857142857143,1600.0,983445.0,2015445.0
126,-15352.56074047501,15352.56074047501,15894.5,87.52285714285715,-3300.0,1081894.5,2015894.5
127,-15103.473018816338,15103.473018816338,15622.0,74.13428571428574,-2000.0,1055622.0,2015622.0
128,-14926.799523817717,14926.799523817717,15444.5,80.84285714285716,100.0,1013444.5,2015444.5
129,-15145.025977969679,15145.025977969679,15668.5,84.1357142857143,-300.0,1021668.5,2015668.5
130,-15152.36053068173,15152.36053068173,15663.0,64.91857142857144,1100.0,993663.0,2015663.0
131,-15423.434518529464,15423.434518529464,15933.5,56.44214285714287,-1300.0,1041933.5,2015933.5
132,-14950.460157360474,14950.460157360474,15474.0,74.75857142857143,1700.0,981474.0,2015474.0
133,-15172.033819476695,15172.033819476695,15692.0,73.95000000000002,-200.0,1019692.0,2015692.0
134,-15378.748395109691,15378.748395109691,15903.0,72.3257142857143,200.0,1011903.0,2015903.0
135,-15139.595932303244,15139.595932303244,15652.0,66.11642857142859,-1300.0,1041652.0,2015652.0
136,-15231.880314458329,15231.880314458329,15748.5,67.68857142857144,1700.0,981748.5,2015748.5
137,-14583.708786319838,14583.708786319838,15092.0,80.24714285714288,-2000.0,1055092.0,2015092.0
138,-15335.303870253178,15335.303870253178,15850.0,63.327857142857155,2100.0,973850.0,2015850.0
139,-14911.357817611977,14911.357817611977,15426.0,78.23785714285717,4300.0,929426.0,2015426.0
140,-15215.45784802199,15215.45784802199,15730.0,65.68857142857145,2300.0,969730.0,2015730.0
141,-14994.221674871747,14994.221674871747,15514.5,76.40785714285715,-600.0,1027514.5,2015514.5
142,-15442.829481223056,15442.829481223056,15972.0,78.29857142857144,2200.0,971972.0,2015972.0
143,-14943.325945016784,14943.325945016784,15461.0,72.50500000000001,-1400.0,1043461.0,2015461.0
144,-15032.336421058433,15032.336421058433,15560.0,85.3457142857143,-3900.0,1093560.0,2015560.0
145,-15307.27188135161,15307.27188135161,15820.5,65.92785714285716,-1900.0,1053820.5,2015820.5
146,-15036.997635373576,15036.997635373576,15556.0,72.49571428571429,3400.0,947556.0,2015556.0
147,-14998.044546756802,14998.044546756802,15530.0,88.9157142857143,700.0,1001530.0,2015530.0
148,-15131.786790832535,15131.786790832535,15667.0,84.56714285714287,600.0,1003667.0,2015667.0
149,-15308.129552298211,15308.129552298211,15825.5,62.912857142857156,-1000.0,1035825.5,2015825.5
150,-15201.983384953306,15201.983384953306,15721.5,71.87857142857145,1000.0,995721.5,2015721.5
151,-15157.199331112284,15157.199331112284,15670.5,74.47928571428572,200.0,1011670.5,2015670.5
152,-15097.12437929734,15097.12437929734,15621.0,84.34428571428573,2700.0,961621.0,2015621.0
153,-14921.236754733909,14921.236754733909,15432.0,72.24142857142859,-2000.0,1055432.0,2015432.0
154,-15045.700834172401,15045.700834172401,15565.0,70.09428571428572,-300.0,1021565.0,2015565.0
155,-15027.719908626439,15027.719908626439,15528.5,57.97000000000001,-1300.0,1041528.5,2015528.5
156,-15299.968466710361,15299.968466710361,15825.5,72.34642857142859,-2600.0,1067825.5,2015825.5
157,-15369.706308557537,15369.706308557537,15881.0,59.32285714285715,400.0,1007881.0,2015881.0
158,-15101.111165152339,15101.111165152339,15616.0,67.39285714285715,2200.0,971616.0,2015616.0
159,-15024.985439275326,15024.985439275326,15508.5,41.414285714285725,400.0,1007508.5,2015508.5
160,-14857.76687654188,14857.76687654188,15387.5,90.74000000000002,-800.0,1031387.5,2015387.5
161,-15276.403567469755,15276.403567469755,15787.5,58.429285714285726,-300.0,1021787.5,2015787.5
162,-14890.703411973862,14890.703411973862,15409.5,79.79857142857145,1900.0,977409.5,2015409.5
163,-15000.664045265856,15000.664045265856,15535.5,89.29928571428573,-1100.0,1037535.5,2015535.5
164,-15034.463324260429,15034.463324260429,15556.0,77.73785714285715,-400.0,1023556.0,2015556.0
165,-15318.428802065746,15318.428802065746,15811.5,49.85285714285715,-3200.0,1079811.5,2015811.5
166,-14762.222712151171,14762.222712151171,15274.5,74.84500000000001,-1900.0,1053274.5,2015274.5
167,-15286.160913858535,15286.160913858535,15823.5,85.60500000000002,-1400.0,1043823.5,2015823.5
168,-15214.07747665495,15214.07747665495,15716.0,54.53928571428572,100.0,1013716.0,2015716.0
169,-15075.139712185406,15075.139712185406,15619.0,97.83428571428573,-1100.0,1037619.0,2015619.0
170,-15066.447421872756,15066.447421872756,15584.0,72.88285714285716,200.0,1011584.0,2015584.0
171,-14951.789002638612,14951.789002638612,15451.5,58.21642857142858,400.0,1007451.5,2015451.5
172,-15451.404040787538,15451.404040787538,15985.0,80.02642857142858,2000.0,975985.0,2015985.0
173,-15227.685619227163,15227.685619227163,15746.5,68.74142857142857,1300.0,989746.5,2015746.5
174,-15003.082369142448,15003.082369142448,15514.0,72.89357142857145,-1100.0,1037514.0,2015514.0
175,-15534.973884376199,15534.973884376199,16054.0,64.2714285714286,1600.0,984054.0,2016054.0
176,-15419.433744491242,15419.433744491242,15948.5,76.04642857142858,-1400.0,1043948.5,2015948.5
177,-15175.409269565465,15175.409269565465,15682.5,63.280714285714296,400.0,1007682.5,2015682.5
178,-15296.243456837392,15296.243456837392,15810.5,61.660714285714306,-300.0,1021810.5,2015810.5
179,-15071.632933891316,15071.632933891316,15596.5,82.72142857142859,2000.0,975596.5,2015596.5
180,-14989.953640461003,14989.953640461003,15519.0,80.25785714285716,-700.0,1029519.0,2015519.0
181,-15369.568940176192,15369.568940176192,15877.5,64.09500000000001,-1100.0,1037877.5,2015877.5
182,-14869.373827912283,14869.373827912283,15384.5,73.41857142857144,-1100.0,1037384.5,2015384.5
183,-15468.768149653133,15468.768149653133,16005.0,81.23071428571431,-6700.0,1150005.0,2016005.0
184,-15254.876368494268,15254.876368494268,15776.5,74.87500000000001,2100.0,973776.5,2015776.5
185,-15303.753684959058,15303.753684959058,15815.5,62.471428571428575,-700.0,1029815.5,2015815.5
186,-14901.89312675749,14901.89312675749,15415.0,76.49571428571429,-1200.0,1039415.0,2015415.0
187,-15572.775125171485,15572.775125171485,16091.5,59.991428571428585,-300.0,1022091.5,2016091.5
188,-14940.652346036448,14940.652346036448,15453.5,74.83500000000001,-3000.0,1075453.5,2015453.5
189,-14910.195875780182,14910.195875780182,15420.0,70.17785714285716,-2300.0,1061420.0,2015420.0
190,-14946.677515961082,14946.677515961082,15452.0,61.385000000000005,2300.0,969452.0,2015452.0
191,-15183.219674793954,15183.219674793954,15704.5,74.09428571428573,-100.0,1017704.5,2015704.5
192,-15441.73762011115,15441.73762011115,15949.0,57.58571428571429,-200.0,1019949.0,2015949.0
193,-15518.72801386333,15518.72801386333,16023.0,45.10428571428572,1600.0,984023.0,2016023.0
194,-14774.146443099326,14774.146443099326,15279.0,73.5407142857143,500.0,1005279.0,2015279.0
195,-15404.637930127443,15404.637930127443,15936.5,75.14857142857144,2200.0,971936.5,2015936.5
196,-15218.314610232417,15218.314610232417,15736.5,64.58928571428572,1200.0,991736.5,2015736.5
197,-15058.03825370514,15058.03825370514,15556.5,56.10428571428573,-1700.0,1049556.5,2015556.5
198,-14997.872827541192,14997.872827541192,15522.5,85.28785714285716,3300.0,949522.5,2015522.5
199,-15155.651341224382,15155.651341224382,15688.0,87.25500000000002,-4100.0,1097688.0,2015688.0
200,-14916.245671829538,14916.245671829538,15455.5,100.53428571428574,2800.0,959455.5,2015455.5
201,-15262.06886681297,15262.06886681297,15808.0,94.66928571428573,-4000.0,1095808.0,2015808.0
202,-15143.486017124884,15143.486017124884,15668.0,80.40571428571431,4100.0,933668.0,2015668.0
203,-15110.353817440644,15110.353817440644,15638.0,83.8707142857143,-3000.0,1075638.0,2015638.0
204,-15116.007519319115,15116.007519319115,15644.5,89.72714285714287,-1800.0,1051644.5,2015644.5
205,-14903.998522173511,14903.998522173511,15447.0,95.58357142857143,2200.0,971447.0,2015447.0
206,-15080.322666463768,15080.322666463768,15608.0,84.94142857142859,-600.0,1027608.0,2015608.0
207,-15202.056821560576,15202.056821560576,15732.5,78.59928571428573,-3100.0,1077732.5,2015732.5
208,-15198.764013743,15198.764013743,15716.5,69.86785714285715,-2400.0,1063716.5,2015716.5
209,-14686.863056296519,14686.863056296519,15190.0,74.38857142857145,-3200.0,1079190.0,2015190.0
210,-15536.497812266241,15536.497812266241,16064.5,72.11500000000001,-4800.0,1112064.5,2016064.5
211,-15341.44400735006,15341.44400735006,15870.5,74.28857142857146,-1600.0,1047870.5,2015870.5
212,-14968.965484389328,14968.965484389328,15508.0,101.15285714285716,-4600.0,1107508.0,2015508.0
213,-15088.841563445962,15088.841563445962,15626.5,91.6757142857143,-2200.0,1059626.5,2015626.5
214,-14977.276659431209,14977.276659431209,15477.5,51.316428571428574,-2900.0,1073477.5,2015477.5
215,-15105.69684771801,15105.69684771801,15635.5,81.18428571428572,1300.0,989635.5,2015635.5
216,-15147.213953080687,15147.213953080687,15681.0,86.79214285714288,700.0,1001681.0,2015681.0
217,-14955.307355477333,14955.307355477333,15474.0,75.80142857142859,1000.0,995474.0,2015474.0
218,-14921.23892910195,14921.23892910195,15415.5,56.71642857142858,-1300.0,1041415.5,2015415.5
219,-15009.94198009909,15009.94198009909,15515.0,67.58785714285716,-400.0,1023515.0,2015515.0
220,-15268.607750992225,15268.607750992225,15794.5,72.98785714285715,1500.0,985794.5,2015794.5
221,-15164.996963566042,15164.996963566042,15692.0,76.76714285714287,1200.0,991692.0,2015692.0
222,-14927.180071669814,14927.180071669814,15436.5,73.73714285714287,-2000.0,1055436.5,2015436.5
223,-15569.584570132747,15569.584570132747,16092.5,60.313571428571436,-800.0,1032092.5,2016092.5
224,-15092.46845144351,15092.46845144351,15600.0,68.1907142857143,-4900.0,1113600.0,2015600.0
225,-15178.412869204989,15178.412869204989,15676.5,48.77357142857144,1100.0,993676.5,2015676.5
226,-15516.42559406463,15516.42559406463,16055.0,82.72500000000002,-3600.0,1088055.0,2016055.0
227,-15401.017784582731,15401.017784582731,15984.0,127.51500000000001,3000.0,955984.0,2015984.0
228,-14906.516720000729,14906.516720000729,15437.5,87.96000000000001,3300.0,949437.5,2015437.5
229,-15373.618562081265,15373.618562081265,15902.0,78.79214285714288,-2900.0,1073902.0,2015902.0
230,-15181.695444672938,15181.695444672938,15686.5,56.71357142857144,1400.0,987686.5,2015686.5
231,-15020.669177145559,15020.669177145559,15541.0,77.72357142857143,2500.0,965541.0,2015541.0
232,-15013.40286811625,15013.40286811625,15580.5,121.87642857142859,-7800.0,1171580.5,2015580.5
233,-15097.726947160258,15097.726947160258,15650.5,101.44214285714287,-3600.0,1087650.5,2015650.5
234,-14897.800318584574,14897.800318584574,15403.5,65.25642857142859,-600.0,1027403.5,2015403.5
235,-14927.43727985131,14927.43727985131,15450.5,85.12928571428574,-3900.0,1093450.5,2015450.5
236,-14942.403593509773,14942.403593509773,15437.0,54.57428571428572,800.0,999437.0,2015437.0
237,-15467.320539910266,15467.320539910266,15991.5,65.25642857142859,2800.0,959991.5,2015991.5
238,-15358.994559037346,15358.994559037346,15874.5,61.542857142857144,-300.0,1021874.5,2015874.5
239,-15124.478264714398,15124.478264714398,15625.5,57.68642857142858,-1000.0,1035625.5,2015625.5
240,-15022.211967254503,15022.211967254503,15533.5,69.79785714285717,-800.0,1031533.5,2015533.5
241,-15032.062663847737,15032.062663847737,15557.0,78.82428571428574,700.0,1001557.0,2015557.0
242,-15169.055955320597,15169.055955320597,15713.5,97.93500000000002,-700.0,1029713.5,2015713.5
243,-15256.691389134583,15256.691389134583,15788.0,82.56500000000003,-2200.0,1059788.0,2015788.0
244,-15540.460167520983,15540.460167520983,16066.5,68.75857142857144,-2600.0,1068066.5,2016066.5
245,-14730.255631635297,14730.255631635297,15227.0,65.82285714285715,2600.0,963227.0,2015227.0
246,-14921.707065468665,14921.707065468665,15440.0,84.05857142857144,0.0,1015440.0,2015440.0
247,-15328.708184381714,15328.708184381714,15856.5,69.82642857142858,-200.0,1019856.5,2015856.5
248,-15442.151323007636,15442.151323007636,15982.0,85.71214285714288,1500.0,985982.0,2015982.0
249,-14983.340437206576,14983.340437206576,15482.0,61.0057142857143,-1300.0,1041482.0,2015482.0
250,-14845.354447082937,14845.354447082937,15375.5,89.92285714285714,-2300.0,1061375.5,2015375.5
251,-15302.837105985645,15302.837105985645,15844.5,91.94928571428574,-3400.0,1083844.5,2015844.5
252,-15214.454299861743,15214.454299861743,15727.5,68.74000000000001,-2400.0,1063727.5,2015727.5
253,-15358.040144167935,15358.040144167935,15872.0,66.31500000000001,1800.0,979872.0,2015872.0
254,-15035.28342162417,15035.28342162417,15601.5,123.31928571428574,3100.0,953601.5,2015601.5
255,-15220.75079146148,15220.75079146148,15735.0,66.52000000000001,-2200.0,1059735.0,2015735.0
256,-15193.028959543313,15193.028959543313,15724.0,80.07000000000002,-1000.0,1035724.0,2015724.0
257,-15305.43654299148,15305.43654299148,15826.5,66.64428571428573,2100.0,973826.5,2015826.5
258,-15324.95989020011,15324.95989020011,15846.5,67.39642857142859,-300.0,1021846.5,2015846.5
259,-15363.892659169589,15363.892659169589,15913.5,102.09571428571431,-1900.0,1053913.5,2015913.5
260,-15386.339234535715,15386.339234535715,15907.0,69.095,-1500.0,1045907.0,2015907.0
261,-15246.749465231595,15246.749465231595,15793.0,100.54857142857145,3100.0,953793.0,2015793.0
262,-15412.791542659044,15412.791542659044,15918.0,54.756428571428586,-1000.0,1035918.0,2015918.0
263,-15029.156347463719,15029.156347463719,15534.5,65.52785714285716,-2500.0,1065534.5,2015534.5
264,-14992.480244549995,14992.480244549995,15486.0,56.956428571428575,-700.0,1029486.0,2015486.0
265,-14917.312026095817,14917.312026095817,15438.0,77.63071428571429,-1100.0,1037438.0,2015438.0
266,-14991.762539501335,14991.762539501335,15529.0,97.38214285714287,-3500.0,1085529.0,2015529.0
267,-14997.480157858872,14997.480157858872,15530.5,86.11000000000001,800.0,999530.5,2015530.5
268,-15097.389216773285,15097.389216773285,15604.0,64.47928571428574,3300.0,949604.0,2015604.0
269,-14979.083419173548,14979.083419173548,15513.0,93.22428571428573,1100.0,993513.0,2015513.0
270,-15376.272724284558,15376.272724284558,15897.5,70.16785714285714,-200.0,1019897.5,2015897.5
271,-15005.565700258405,15005.565700258405,15535.0,89.19357142857145,100.0,1013535.0,2015535.0
272,-15360.022166907649,15360.022166907649,15877.0,63.81642857142858,200.0,1011877.0,2015877.0
273,-15241.328222990287,15241.328222990287,15748.5,55.93714285714287,-300.0,1021748.5,2015748.5
274,-15168.370624296633,15168.370624296633,15697.0,80.8557142857143,-4600.0,1107697.0,2015697.0
275,-15074.341382027753,15074.341382027753,15605.0,84.13642857142858,-2100.0,1057605.0,2015605.0
276,-15188.072883690698,15188.072883690698,15704.0,78.02214285714288,100.0,1013704.0,2015704.0
277,-14826.83646349559,14826.83646349559,15339.5,81.80642857142858,100.0,1013339.5,2015339.5
278,-15500.729846327486,15500.729846327486,16013.0,53.00785714285715,1800.0,980013.0,2016013.0
279,-15100.175078052784,15100.175078052784,15635.5,87.31785714285715,2800.0,959635.5,2015635.5
280,-14908.623728867566,14908.623728867566,15435.5,86.63928571428573,900.0,997435.5,2015435.5
281,-15083.7674204553,15083.7674204553,15578.0,53.33571428571429,1100.0,993578.0,2015578.0
282,-15143.513409617273,15143.513409617273,15633.5,48.39714285714287,1000.0,995633.5,2015633.5
283,-15393.688942912342,15393.688942912342,15921.0,69.89928571428572,2000.0,975921.0,2015921.0
284,-15143.909714001104,15143.909714001104,15657.0,65.11357142857145,-2100.0,1057657.0,2015657.0
285,-15191.654974903391,15191.654974903391,15729.0,90.88928571428573,-1600.0,1047729.0,2015729.0
286,-14937.346627561346,14937.346627561346,15457.5,82.99785714285716,800.0,999457.5,2015457.5
287,-14876.255500617364,14876.255500617364,15410.0,94.54928571428573,-1600.0,1047410.0,2015410.0
288,-14985.536236874372,14985.536236874372,15504.0,77.13428571428571,-1600.0,1047504.0,2015504.0
289,-14998.981884107092,14998.981884107092,15529.5,92.80714285714286,4600.0,923529.5,2015529.5
290,-15089.32882471999,15089.32882471999,15607.0,68.55285714285715,3000.0,955607.0,2015607.0
291,-14855.803798927762,14855.803798927762,15362.0,68.38857142857144,1100.0,993362.0,2015362.0
292,-15119.894130074797,15119.894130074797,15618.5,55.01285714285716,0.0,1015618.5,2015618.5
293,-15347.233834414352,15347.233834414352,15877.0,75.21500000000003,1500.0,985877.0,2015877.0
294,-15183.052568694291,15183.052568694291,15707.0,75.55142857142857,-1400.0,1043707.0,2015707.0
295,-15273.663242939387,15273.663242939387,15797.5,79.59857142857145,5700.0,901797.5,2015797.5
296,-15101.04969139624,15101.04969139624,15630.0,85.28500000000003,300.0,1009630.0,2015630.0
297,-15311.90815528067,15311.90815528067,15825.0,60.92428571428573,500.0,1005825.0,2015825.0
298,-14960.413132580885,14960.413132580885,15472.0,73.80285714285716,2600.0,963472.0,2015472.0
299,-15191.357048022286,15191.357048022286,15705.5,63.17357142857144,300.0,1009705.5,2015705.5
300,-14839.363548885201,14839.363548885201,15366.0,95.8907142857143,-900.0,1033366.0,2015366.0
301,-15112.645077759076,15112.645077759076,15642.5,81.80928571428574,1100.0,993642.5,2015642.5
302,-15113.394162308676,15113.394162308676,15627.5,67.37142857142858,-1800.0,1051627.5,2015627.5
303,-14676.338400522349,14676.338400522349,15173.0,66.85714285714288,-3300.0,1081173.0,2015173.0
304,-15214.613753754613,15214.613753754613,15746.0,81.57928571428573,0.0,1015746.0,2015746.0
305,-14686.599773380367,14686.599773380367,15194.0,70.41000000000001,1500.0,985194.0,2015194.0
306,-14902.684314990853,14902.684314990853,15438.5,95.01000000000002,-300.0,1021438.5,2015438.5
307,-14977.600417880254,14977.600417880254,15489.5,71.35357142857144,-2300.0,1061489.5,2015489.5
308,-15145.049801395366,15145.049801395366,15657.0,71.66214285714287,-2200.0,1059657.0,2015657.0
309,-15071.241785949966,15071.241785949966,15585.0,73.2607142857143,-1600.0,1047585.0,2015585.0
310,-15269.009058639647,15269.009058639647,15788.5,71.99714285714288,4500.0,925788.5,2015788.5
311,-15233.143894281484,15233.143894281484,15744.5,66.75928571428572,-1600.0,1047744.5,2015744.5
312,-15102.11259259046,15102.11259259046,15613.0,63.802142857142876,1700.0,981613.0,2015613.0
313,-15286.591002550991,15286.591002550991,15812.5,81.1814285714286,-2400.0,1063812.5,2015812.5
314,-15272.138466960057,15272.138466960057,15802.0,81.63428571428572,-1900.0,1053802.0,2015802.0
315,-14949.16310276018,14949.16310276018,15461.0,72.57285714285716,-1300.0,1041461.0,2015461.0
316,-15520.577747859934,15520.577747859934,16046.5,71.9607142857143,-200.0,1020046.5,2016046.5
317,-15562.588456252142,15562.588456252142,16088.0,68.81857142857143,-3100.0,1078088.0,2016088.0
318,-15181.573011820372,15181.573011820372,15723.0,93.09857142857146,3600.0,943723.0,2015723.0
319,-15078.056669155452,15078.056669155452,15587.5,63.31785714285715,2800.0,959587.5,2015587.5
320,-15369.714940921342,15369.714940921342,15892.0,74.07357142857144,-1700.0,1049892.0,2015892.0
321,-15466.616552724287,15466.616552724287,15998.5,82.22214285714287,4200.0,931998.5,2015998.5
322,-15132.814359875874,15132.814359875874,15643.5,66.13000000000001,-1100.0,1037643.5,2015643.5
323,-14667.259043282742,14667.259043282742,15175.0,73.32357142857143,2600.0,963175.0,2015175.0
324,-14914.404675891437,14914.404675891437,15417.0,63.41214285714287,200.0,1011417.0,2015417.0
325,-15189.53558495951,15189.53558495951,15682.5,50.26785714285715,900.0,997682.5,2015682.5
326,-15223.7436701318,15223.7436701318,15760.5,85.24357142857144,3700.0,941760.5,2015760.5
327,-15097.419710218923,15097.419710218923,15634.0,88.185,-1200.0,1039634.0,2015634.0
328,-14784.816120203723,14784.816120203723,15285.0,60.72000000000001,1000.0,995285.0,2015285.0
329,-15012.122995334272,15012.122995334272,15544.0,88.68928571428572,5500.0,905544.0,2015544.0
330,-15183.440599338686,15183.440599338686,15715.5,83.2407142857143,3100.0,953715.5,2015715.5
331,-15376.692408264049,15376.692408264049,15918.0,88.33214285714288,4200.0,931918.0,2015918.0
332,-15071.539285343824,15071.539285343824,15606.5,86.06500000000001,3300.0,949606.5,2015606.5
333,-14965.368105584306,14965.368105584306,15480.5,75.32785714285714,1100.0,993480.5,2015480.5
334,-14871.857236814918,14871.857236814918,15414.5,99.00714285714288,-2100.0,1057414.5,2015414.5
335,-14943.680979262932,14943.680979262932,15444.5,59.182857142857145,2900.0,957444.5,2015444.5
336,-15599.579104889164,15599.579104889164,16131.0,74.79642857142859,1000.0,996131.0,2016131.0
337,-15235.047183605728,15235.047183605728,15741.5,63.50785714285715,300.0,1009741.5,2015741.5
338,-14972.912631116065,14972.912631116065,15483.5,69.67357142857144,1700.0,981483.5,2015483.5
339,-15201.466456780803,15201.466456780803,15708.5,59.22642857142857,1800.0,979708.5,2015708.5
340,-15030.650499233485,15030.650499233485,15543.5,70.86071428571431,-3400.0,1083543.5,2015543.5
341,-15231.847916024279,15231.847916024279,15755.0,76.48500000000001,-2500.0,1065755.0,2015755.0
342,-15212.423658298036,15212.423658298036,15741.0,77.71142857142858,4100.0,933741.0,2015741.0
343,-14764.455704172204,14764.455704172204,15278.0,78.39357142857145,3100.0,953278.0,2015278.0
344,-15140.325004398352,15140.325004398352,15675.5,95.71785714285716,-3600.0,1087675.5,2015675.5
345,-14871.389701975242,14871.389701975242,15403.0,91.90642857142859,-2300.0,1061403.0,2015403.0
346,-15248.357495420258,15248.357495420258,15777.5,78.76642857142859,3000.0,955777.5,2015777.5
347,-14931.153233685243,14931.153233685243,15439.5,61.69500000000001,200.0,1011439.5,2015439.5
348,-15160.542430245623,15160.542430245623,15680.0,75.98285714285716,-300.0,1021680.0,2015680.0
349,-15302.055016569175,15302.055016569175,15828.5,78.52285714285716,-2400.0,1063828.5,2015828.5
350,-14983.247637806831,14983.247637806831,15504.5,80.94142857142859,-3100.0,1077504.5,2015504.5
351,-15098.10623064336,15098.10623064336,15625.0,79.45785714285716,-2300.0,1061625.0,2015625.0
352,-15368.562916497991,15368.562916497991,15907.5,85.08928571428574,200.0,1011907.5,2015907.5
353,-14902.870578461461,14902.870578461461,15413.5,69.92142857142859,4800.0,919413.5,2015413.5
354,-14999.15516356493,14999.15516356493,15500.5,59.410000000000004,2600.0,963500.5,2015500.5
355,-15317.517147052513,15317.517147052513,15843.0,73.27928571428572,-800.0,1031843.0,2015843.0
356,-15017.983614531051,15017.983614531051,15522.5,64.42500000000001,-400.0,1023522.5,2015522.5
357,-15072.409565421947,15072.409565421947,15584.0,68.11500000000001,2100.0,973584.0,2015584.0
358,-15251.106795848842,15251.106795848842,15750.5,54.92428571428572,3100.0,953750.5,2015750.5
359,-15257.591847041285,15257.591847041285,15788.0,78.83214285714287,3100.0,953788.0,2015788.0
360,-15009.581837702048,15009.581837702048,15543.0,94.08785714285715,3500.0,945543.0,2015543.0
361,-15467.086041909097,15467.086041909097,15996.5,72.86928571428572,-4900.0,1113996.5,2015996.5
362,-15282.514619306265,15282.514619306265,15810.5,76.50428571428573,-5100.0,1117810.5,2015810.5
363,-15268.744134818822,15268.744134818822,15813.5,91.81142857142859,900.0,997813.5,2015813.5
364,-15214.522504174261,15214.522504174261,15758.5,94.44000000000003,-2300.0,1061758.5,2015758.5
365,-14963.459554774116,14963.459554774116,15476.0,75.00857142857144,-800.0,1031476.0,2015476.0
366,-15091.220609181197,15091.220609181197,15601.5,64.62357142857144,-800.0,1031601.5,2015601.5
367,-15222.896575889306,15222.896575889306,15758.0,89.41428571428574,4800.0,919758.0,2015758.0
368,-15069.834295277797,15069.834295277797,15586.5,74.01285714285714,-2500.0,1065586.5,2015586.5
369,-15604.233544654317,15604.233544654317,16150.0,84.59857142857145,-3700.0,1090150.0,2016150.0
370,-15054.638195189349,15054.638195189349,15562.5,64.00214285714287,-3000.0,1075562.5,2015562.5
371,-15036.208775621277,15036.208775621277,15567.0,86.07928571428573,4200.0,931567.0,2015567.0
372,-14967.350536519429,14967.350536519429,15462.5,54.320714285714295,300.0,1009462.5,2015462.5
373,-14965.739689895148,14965.739689895148,15476.5,70.05714285714288,3400.0,947476.5,2015476.5
374,-14998.366521258136,14998.366521258136,15506.0,62.88,900.0,997506.0,2015506.0
375,-15323.950794447886,15323.950794447886,15839.5,70.98500000000001,200.0,1011839.5,2015839.5
376,-15175.243752906881,15175.243752906881,15726.0,102.86500000000004,3700.0,941726.0,2015726.0
377,-15240.207012487499,15240.207012487499,15742.0,53.355000000000004,-3700.0,1089742.0,2015742.0
378,-14967.307709754983,14967.307709754983,15489.5,77.79285714285714,2800.0,959489.5,2015489.5
379,-14809.481822033187,14809.481822033187,15323.0,76.31285714285715,1300.0,989323.0,2015323.0
380,-15128.001081713053,15128.001081713053,15650.5,85.43214285714288,2600.0,963650.5,2015650.5
381,-15314.426323831705,15314.426323831705,15837.5,71.11285714285717,-3600.0,1087837.5,2015837.5
382,-15460.277151659293,15460.277151659293,15990.5,76.39428571428573,-4000.0,1095990.5,2015990.5
383,-15224.36556947181,15224.36556947181,15773.5,97.56500000000003,-2100.0,1057773.5,2015773.5
384,-15594.51530575697,15594.51530575697,16130.5,74.78928571428574,1600.0,984130.5,2016130.5
385,-14903.092690484467,14903.092690484467,15419.5,78.68857142857144,-500.0,1025419.5,2015419.5
386,-15303.522232207333,15303.522232207333,15826.0,74.94857142857144,-4000.0,1095826.0,2015826.0
387,-15025.072806891214,15025.072806891214,15534.5,66.43357142857144,-200.0,1019534.5,2015534.5
388,-15060.297114712048,15060.297114712048,15600.5,103.87500000000003,-3600.0,1087600.5,2015600.5
389,-15173.658947744665,15173.658947744665,15713.5,91.83214285714288,-3000.0,1075713.5,2015713.5
390,-14922.231663184466,14922.231663184466,15464.0,102.21000000000001,-4000.0,1095464.0,2015464.0
391,-15132.778129817289,15132.778129817289,15654.0,76.42785714285715,3000.0,955654.0,2015654.0
392,-14835.690180484564,14835.690180484564,15369.5,94.09928571428574,-800.0,1031369.5,2015369.5
393,-15088.894589116819,15088.894589116819,15587.0,59.98857142857143,2200.0,971587.0,2015587.0
394,-14933.75485649938,14933.75485649938,15469.0,93.63928571428573,1100.0,993469.0,2015469.0
395,-15559.5593919325,15559.5593919325,16095.0,79.76357142857145,-3000.0,1076095.0,2016095.0
396,-15121.76449136742,15121.76449136742,15617.5,52.530714285714296,500.0,1005617.5,2015617.5
397,-15292.568713793615,15292.568713793615,15817.0,73.3307142857143,2800.0,959817.0,2015817.0
398,-15262.959235860983,15262.959235860983,15807.5,94.47142857142859,2400.0,967807.5,2015807.5
399,-15027.99766692147,15027.99766692147,15535.0,66.12928571428573,-400.0,1023535.0,2015535.0
400,-15258.326376754805,15258.326376754805,15761.5,52.227142857142866,-700.0,1029761.5,2015761.5
401,-14921.814676463779,14921.814676463779,15419.0,60.30428571428573,-900.0,1033419.0,2015419.0
402,-15216.232340904924,15216.232340904924,15782.0,121.4107142857143,7300.0,869782.0,2015782.0
403,-15015.251862509143,15015.251862509143,15527.5,68.93428571428572,-2900.0,1073527.5,2015527.5
404,-15184.16076860273,15184.16076860273,15718.0,89.37071428571431,-2600.0,1067718.0,2015718.0
405,-15013.773426575019,15013.773426575019,15525.0,73.46071428571429,2900.0,957525.0,2015525.0
406,-15105.028388931105,15105.028388931105,15606.0,53.46857142857144,200.0,1011606.0,2015606.0
407,-14625.788787765883,14625.788787765883,15164.5,107.78571428571432,4800.0,919164.5,2015164.5
408,-15174.42836956144,15174.42836956144,15698.5,73.78928571428573,1900.0,977698.5,2015698.5
409,-15092.337821593606,15092.337821593606,15624.5,86.41928571428573,-2500.0,1065624.5,2015624.5
410,-15376.46081561211,15376.46081561211,15904.5,73.43500000000002,-1300.0,1041904.5,2015904.5
411,-15436.977168454174,15436.977168454174,15965.5,73.88928571428573,-1300.0,1041965.5,2015965.5
412,-15043.988115609442,15043.988115609442,15557.0,67.87500000000001,1200.0,991557.0,2015557.0
413,-15230.137395893602,15230.137395893602,15751.0,67.34714285714287,-800.0,1031751.0,2015751.0
414,-15165.955215837173,15165.955215837173,15674.5,60.12214285714286,-3100.0,1077674.5,2015674.5
415,-14682.36943633984,14682.36943633984,15192.5,80.78214285714287,2600.0,963192.5,2015192.5
416,-15188.6745664074,15188.6745664074,15712.5,75.96071428571429,3500.0,945712.5,2015712.5
417,-15243.904717477531,15243.904717477531,15747.0,57.62928571428572,2500.0,965747.0,2015747.0
418,-15143.367158506651,15143.367158506651,15680.5,90.32500000000002,3400.0,947680.5,2015680.5
419,-15346.651093553544,15346.651093553544,15883.5,82.60857142857145,-1500.0,1045883.5,2015883.5
420,-15378.128539008894,15378.128539008894,15894.5,62.40214285714287,-300.0,1021894.5,2015894.5
421,-15087.632724419123,15087.632724419123,15621.5,90.29357142857143,-2700.0,1069621.5,2015621.5
422,-15223.26268533131,15223.26268533131,15727.5,51.85642857142858,-1900.0,1053727.5,2015727.5
423,-15085.84103036948,15085.84103036948,15606.5,76.80928571428572,-1000.0,1035606.5,2015606.5
424,-15171.467472381628,15171.467472381628,15665.5,55.07000000000001,-2200.0,1059665.5,2015665.5
425,-14557.255673150074,14557.255673150074,15040.0,60.12428571428572,-1600.0,1047040.0,2015040.0
426,-15514.222371410502,15514.222371410502,16036.0,71.08285714285716,2200.0,972036.0,2016036.0
427,-15349.64369902507,15349.64369902507,15855.5,50.8507142857143,-1400.0,1043855.5,2015855.5
428,-15000.654379599828,15000.654379599828,15533.0,89.85357142857146,3200.0,951533.0,2015533.0
429,-15021.832368946321,15021.832368946321,15541.5,72.85928571428573,-2300.0,1061541.5,2015541.5
430,-15198.666129617213,15198.666129617213,15721.0,76.20642857142857,-1800.0,1051721.0,2015721.0
431,-15277.84058965919,15277.84058965919,15795.5,66.33285714285715,300.0,1009795.5,2015795.5
432,-14957.190732829611,14957.190732829611,15471.0,65.82857142857144,800.0,999471.0,2015471.0
433,-15159.870612131328,15159.870612131328,15655.0,51.28000000000001,800.0,999655.0,2015655.0
434,-15017.472745498835,15017.472745498835,15526.5,70.465,4700.0,921526.5,2015526.5
435,-14632.960723794688,14632.960723794688,15145.0,81.3064285714286,1200.0,991145.0,2015145.0
436,-15042.853359768696,15042.853359768696,15551.0,64.02857142857144,2300.0,969551.0,2015551.0
437,-15231.994341118228,15231.994341118228,15742.0,63.9007142857143,-1200.0,1039742.0,2015742.0
438,-14939.685474107191,14939.685474107191,15464.5,85.52571428571432,-900.0,1033464.5,2015464.5
439,-15164.378654383825,15164.378654383825,15693.5,84.50857142857144,-2800.0,1071693.5,2015693.5
440,-15029.095832251662,15029.095832251662,15562.5,92.36500000000002,-700.0,1029562.5,2015562.5
441,-15031.07595847348,15031.07595847348,15568.0,94.49857142857145,1700.0,981568.0,2015568.0
442,-15200.90186794722,15200.90186794722,15720.5,73.75071428571431,-1200.0,1039720.5,2015720.5
443,-15373.454328667502,15373.454328667502,15927.5,101.16928571428573,4800.0,919927.5,2015927.5
444,-15112.059600367971,15112.059600367971,15639.0,78.11357142857145,-3600.0,1087639.0,2015639.0
445,-14778.324733719286,14778.324733719286,15292.0,74.8507142857143,-800.0,1031292.0,2015292.0
446,-14897.355153730528,14897.355153730528,15402.5,64.28357142857143,4100.0,933402.5,2015402.5
447,-15376.064356975758,15376.064356975758,15910.5,82.07714285714286,2000.0,975910.5,2015910.5
448,-15044.643785712417,15044.643785712417,15591.5,101.87857142857143,-6100.0,1137591.5,2015591.5
449,-15026.36633434661,15026.36633434661,15566.0,91.9957142857143,2300.0,969566.0,2015566.0
450,-14837.277682756965,14837.277682756965,15369.5,93.26785714285715,-2300.0,1061369.5,2015369.5
451,-15274.847100269524,15274.847100269524,15801.5,73.39714285714287,-300.0,1021801.5,2015801.5
452,-14839.681770635078,14839.681770635078,15354.5,77.00714285714287,700.0,1001354.5,2015354.5
453,-15340.090113673767,15340.090113673767,15881.0,85.3414285714286,-1300.0,1041881.0,2015881.0
454,-14804.62934689092,14804.62934689092,15317.5,75.9507142857143,400.0,1007317.5,2015317.5
455,-15045.083078684833,15045.083078684833,15566.0,75.1064285714286,-2700.0,1069566.0,2015566.0
456,-14823.91111752884,14823.91111752884,15330.0,74.33000000000001,-1400.0,1043330.0,2015330.0
457,-15212.5174330704,15212.5174330704,15726.5,71.3,100.0,1013726.5,2015726.5
458,-15120.746467562307,15120.746467562307,15644.5,81.50857142857144,1700.0,981644.5,2015644.5
459,-15276.365908907897,15276.365908907897,15775.0,51.52071428571429,800.0,999775.0,2015775.0
460,-15104.361775267469,15104.361775267469,15641.5,93.43928571428573,-1500.0,1045641.5,2015641.5
461,-15008.242984519922,15008.242984519922,15511.0,65.33928571428572,100.0,1013511.0,2015511.0
462,-15221.118207628479,15221.118207628479,15735.5,66.21714285714287,-3100.0,1077735.5,2015735.5
463,-15174.133100376719,15174.133100376719,15686.0,63.77714285714288,-100.0,1017686.0,2015686.0
464,-14778.833144947777,14778.833144947777,15310.5,91.41785714285716,-2700.0,1069310.5,2015310.5
465,-15107.048070006054,15107.048070006054,15646.0,90.89571428571429,-1200.0,1039646.0,2015646.0
466,-14862.603230633338,14862.603230633338,15381.0,81.17500000000001,-1000.0,1035381.0,2015381.0
467,-15045.792864704434,15045.792864704434,15557.5,68.0007142857143,-1800.0,1051557.5,2015557.5
468,-15157.434056598511,15157.434056598511,15692.0,92.63928571428573,3400.0,947692.0,2015692.0
469,-14833.816067126965,14833.816067126965,15336.5,67.24785714285716,2700.0,961336.5,2015336.5
470,-15227.254425358444,15227.254425358444,15768.5,91.55428571428573,-1000.0,1035768.5,2015768.5
471,-15207.866087131211,15207.866087131211,15719.5,60.76642857142858,1100.0,993719.5,2015719.5
472,-14808.546887359786,14808.546887359786,15306.0,65.86857142857144,1600.0,983306.0,2015306.0
473,-15233.603586757199,15233.603586757199,15757.5,73.06785714285715,-2600.0,1067757.5,2015757.5
474,-15116.005211034611,15116.005211034611,15618.5,57.37142857142858,1200.0,991618.5,2015618.5
475,-14948.029384907599,14948.029384907599,15479.0,87.02142857142859,1100.0,993479.0,2015479.0
476,-15012.724151941504,15012.724151941504,15540.5,79.58285714285716,2900.0,957540.5,2015540.5
477,-15291.158408355303,15291.158408355303,15823.0,78.58500000000001,600.0,1003823.0,2015823.0
478,-15264.132251855543,15264.132251855543,15780.5,63.57500000000002,1000.0,995780.5,2015780.5
479,-14937.426782724378,14937.426782724378,15444.0,66.3907142857143,500.0,1005444.0,2015444.0
480,-15307.27461368363,15307.27461368363,15830.5,78.65642857142859,600.0,1003830.5,2015830.5
481,-15229.828021261841,15229.828021261841,15758.5,81.63857142857144,2200.0,971758.5,2015758.5
482,-15037.578423400515,15037.578423400515,15554.5,75.39214285714289,-900.0,1033554.5,2015554.5
483,-14929.154705492592,14929.154705492592,15434.0,69.54714285714287,300.0,1009434.0,2015434.0
484,-15073.880063257842,15073.880063257842,15595.0,75.87357142857145,1200.0,991595.0,2015595.0
485,-15246.126807419923,15246.126807419923,15754.5,60.47428571428573,500.0,1005754.5,2015754.5
486,-14871.093245880507,14871.093245880507,15370.0,60.79142857142858,1500.0,985370.0,2015370.0
487,-15156.356061749906,15156.356061749906,15671.5,70.19714285714286,1400.0,987671.5,2015671.5
488,-15055.702646619018,15055.702646619018,15600.0,98.93,4600.0,923600.0,2015600.0
489,-15143.058064445995,15143.058064445995,15652.0,64.09714285714287,-1900.0,1053652.0,2015652.0
490,-15002.973634145463,15002.973634145463,15522.0,77.18857142857144,-2700.0,1069522.0,2015522.0
491,-15118.730863972203,15118.730863972203,15636.5,74.28642857142859,-700.0,1029636.5,2015636.5
492,-14978.817849765714,14978.817849765714,15498.0,72.68714285714287,900.0,997498.0,2015498.0
493,-15355.439370969174,15355.439370969174,15879.0,65.95928571428573,600.0,1003879.0,2015879.0
494,-15149.588386738596,15149.588386738596,15683.0,85.27785714285716,3300.0,949683.0,2015683.0
495,-14752.428439869862,14752.428439869862,15257.0,67.79642857142858,2600.0,963257.0,2015257.0
496,-15518.035401465095,15518.035401465095,16070.0,97.38714285714288,4000.0,936070.0,2016070.0
497,-15105.44520282421,15105.44520282421,15639.5,87.31642857142859,-900.0,1033639.5,2015639.5
498,-15322.19963039488,15322.19963039488,15842.0,71.54428571428573,-2100.0,1057842.0,2015842.0
499,-15138.684225891113,15138.684225891113,15680.5,91.40785714285717,-1300.0,1041680.5,2015680.5
500,-15233.039264308012,15233.039264308012,15745.0,69.67142857142859,400.0,1007745.0,2015745.0
501,-14965.568580299947,14965.568580299947,15472.5,65.43214285714288,500.0,1005472.5,2015472.5
502,-15206.246136328344,15206.246136328344,15764.0,104.1464285714286,-1600.0,1047764.0,2015764.0
503,-15082.527514625592,15082.527514625592,15583.0,58.55357142857144,2900.0,957583.0,2015583.0
504,-14868.243319084733,14868.243319084733,15368.5,60.47428571428573,-2000.0,1055368.5,2015368.5
505,-15105.06173744078,15105.06173744078,15629.0,85.53500000000001,-2300.0,1061629.0,2015629.0
506,-15148.85084463882,15148.85084463882,15692.0,99.3414285714286,4100.0,933692.0,2015692.0
507,-15220.428030488569,15220.428030488569,15754.0,83.97357142857145,-2300.0,1061754.0,2015754.0
508,-15169.758607781892,15169.758607781892,15690.0,75.21142857142857,-3200.0,1079690.0,2015690.0
509,-15264.047433451611,15264.047433451611,15793.5,81.26142857142858,300.0,1009793.5,2015793.5
510,-15114.57867443508,15114.57867443508,15646.5,85.79928571428573,100.0,1013646.5,2015646.5
511,-14762.380121640665,14762.380121640665,15266.5,68.41285714285715,1300.0,989266.5,2015266.5
512,-14880.814876356482,14880.814876356482,15380.5,67.06857142857143,600.0,1003380.5,2015380.5
513,-15038.045063016445,15038.045063016445,15560.0,74.19428571428571,700.0,1001560.0,2015560.0
514,-14945.242978208096,14945.242978208096,15454.0,66.53928571428571,-100.0,1017454.0,2015454.0
515,-15032.884438377898,15032.884438377898,15542.5,71.42357142857144,1500.0,985542.5,2015542.5
516,-14680.535409691543,14680.535409691543,15196.5,78.14071428571431,-200.0,1019196.5,2015196.5
517,-14894.532206865071,14894.532206865071,15417.0,76.315,-3100.0,1077417.0,2015417.0
518,-15184.442444713379,15184.442444713379,15680.5,50.408571428571435,-400.0,1023680.5,2015680.5
519,-15423.858716798037,15423.858716798037,15938.0,63.33071428571429,-1400.0,1043938.0,2015938.0
520,-15465.248029065784,15465.248029065784,15982.0,62.69071428571429,-2600.0,1067982.0,2015982.0
521,-15484.29239415733,15484.29239415733,16009.5,64.27071428571429,-1600.0,1048009.5,2016009.5
522,-15020.124546081872,15020.124546081872,15538.5,77.83285714285716,-3300.0,1081538.5,2015538.5
523,-15232.121067480239,15232.121067480239,15778.0,95.88571428571431,4100.0,933778.0,2015778.0
524,-15045.674312187035,15045.674312187035,15576.0,89.90642857142859,-1000.0,1035576.0,2015576.0
525,-14999.538913690076,14999.538913690076,15510.5,73.60214285714287,-200.0,1019510.5,2015510.5
526,-15041.491857546645,15041.491857546645,15544.0,61.195000000000014,500.0,1005544.0,2015544.0
527,-14889.358967801292,14889.358967801292,15385.0,62.87785714285715,2300.0,969385.0,2015385.0
528,-15016.914383146133,15016.914383146133,15538.5,78.52214285714288,-3700.0,1089538.5,2015538.5
529,-15000.462968726202,15000.462968726202,15514.5,67.82142857142858,-1200.0,1039514.5,2015514.5
530,-14946.821982287871,14946.821982287871,15466.0,83.84714285714287,2300.0,969466.0,2015466.0
531,-15563.494674920228,15563.494674920228,16088.5,70.53071428571431,-1800.0,1052088.5,2016088.5
532,-15126.418244680464,15126.418244680464,15640.0,59.64857142857144,2600.0,963640.0,2015640.0
533,-14751.295223344889,14751.295223344889,15264.5,82.34785714285717,800.0,999264.5,2015264.5
534,-15228.980896130655,15228.980896130655,15741.5,63.17428571428572,-3200.0,1079741.5,2015741.5
535,-15359.917820771985,15359.917820771985,15886.5,69.3607142857143,2200.0,971886.5,2015886.5
536,-15179.81685764227,15179.81685764227,15694.5,68.3607142857143,1600.0,983694.5,2015694.5
537,-14797.90095146036,14797.90095146036,15305.5,75.81714285714287,-1200.0,1039305.5,2015305.5
538,-15054.797710818699,15054.797710818699,15572.0,74.39928571428572,-1300.0,1041572.0,2015572.0
539,-15359.784506344917,15359.784506344917,15867.5,57.62428571428572,-500.0,1025867.5,2015867.5
540,-14859.8904311501,14859.8904311501,15369.5,75.10785714285716,4500.0,925369.5,2015369.5
541,-15154.677955065745,15154.677955065745,15667.0,63.22214285714286,-1500.0,1045667.0,2015667.0
542,-14995.402146338645,14995.402146338645,15501.5,66.07142857142858,-4600.0,1107501.5,2015501.5
543,-15053.575492918459,15053.575492918459,15606.5,105.9614285714286,-1100.0,1037606.5,2015606.5
544,-15154.069903290057,15154.069903290057,15663.0,63.13857142857144,0.0,1015663.0,2015663.0
545,-15171.049024374888,15171.049024374888,15675.0,52.57285714285715,-3000.0,1075675.0,2015675.0
546,-15190.26875548569,15190.26875548569,15698.0,60.19714285714287,1900.0,977698.0,2015698.0
547,-15220.663315292568,15220.663315292568,15745.5,75.20285714285714,1800.0,979745.5,2015745.5
548,-15206.48248092097,15206.48248092097,15717.5,65.55857142857144,400.0,1007717.5,2015717.5
549,-15059.683886461971,15059.683886461971,15560.0,54.02214285714287,-2900.0,1073560.0,2015560.0
550,-14914.506510851683,14914.506510851683,15417.0,64.17214285714286,3300.0,949417.0,2015417.0
551,-15091.270702411972,15091.270702411972,15600.0,63.72500000000002,800.0,999600.0,2015600.0
552,-14965.6179599729,14965.6179599729,15502.0,94.61857142857144,4200.0,931502.0,2015502.0
553,-14792.286906179019,14792.286906179019,15303.5,79.85,-3700.0,1089303.5,2015303.5
554,-15196.437229454375,15196.437229454375,15714.0,67.55285714285716,300.0,1009714.0,2015714.0
555,-14737.375259465221,14737.375259465221,15284.5,112.02857142857144,-6800.0,1151284.5,2015284.5
556,-14943.334734742988,14943.334734742988,15475.0,85.90214285714288,-600.0,1027475.0,2015475.0
557,-15271.259570326962,15271.259570326962,15808.5,88.24642857142857,2300.0,969808.5,2015808.5
558,-15205.922689006138,15205.922689006138,15721.0,64.49642857142858,800.0,999721.0,2015721.0
559,-14966.973921707951,14966.973921707951,15489.5,79.16714285714286,-100.0,1017489.5,2015489.5
560,-15009.863994259627,15009.863994259627,15559.0,107.87357142857144,3100.0,953559.0,2015559.0
561,-14968.98444846039,14968.98444846039,15518.5,108.27500000000003,-1700.0,1049518.5,2015518.5
562,-15225.805749538442,15225.805749538442,15734.0,63.18642857142858,3200.0,951734.0,2015734.0
563,-15309.231056280729,15309.231056280729,15813.0,58.26142857142858,1900.0,977813.0,2015813.0
564,-14971.697279450153,14971.697279450153,15475.0,61.218571428571444,-2600.0,1067475.0,2015475.0
565,-15028.58545695411,15028.58545695411,15537.0,68.72142857142859,-2400.0,1063537.0,2015537.0
566,-15049.676777822637,15049.676777822637,15549.5,56.101428571428585,3100.0,953549.5,2015549.5
567,-15371.412809155174,15371.412809155174,15894.0,70.07000000000001,600.0,1003894.0,2015894.0
568,-15333.600003827718,15333.600003827718,15829.0,50.27642857142858,1400.0,987829.0,2015829.0
569,-15189.712850189822,15189.712850189822,15703.5,69.4157142857143,-3200.0,1079703.5,2015703.5
570,-15004.000470853545,15004.000470853545,15515.0,68.19000000000001,1200.0,991515.0,2015515.0
571,-15223.43458903446,15223.43458903446,15747.0,73.25071428571431,2200.0,971747.0,2015747.0
572,-15292.198931026134,15292.198931026134,15802.5,59.95714285714286,-1300.0,1041802.5,2015802.5
573,-15087.455205394363,15087.455205394363,15587.0,65.80785714285716,-1100.0,1037587.0,2015587.0
574,-15286.493467981782,15286.493467981782,15818.5,83.4207142857143,-800.0,1031818.5,2015818.5
575,-15319.940802447638,15319.940802447638,15841.0,76.30285714285716,400.0,1007841.0,2015841.0
576,-15230.995551501815,15230.995551501815,15750.5,71.56214285714287,1200.0,991750.5,2015750.5
577,-14996.131503604372,14996.131503604372,15558.0,117.88428571428574,-1200.0,1039558.0,2015558.0
578,-15206.223301882044,15206.223301882044,15707.0,59.66857142857144,-1200.0,1039707.0,2015707.0
579,-14927.406681843884,14927.406681843884,15435.5,68.06928571428574,300.0,1009435.5,2015435.5
580,-14829.34069687582,14829.34069687582,15329.0,66.91785714285716,900.0,997329.0,2015329.0
581,-14884.979829433429,14884.979829433429,15407.0,78.22500000000001,300.0,1009407.0,2015407.0
582,-14951.471716641128,14951.471716641128,15461.5,73.89642857142857,1500.0,985461.5,2015461.5
583,-14905.9759149003,14905.9759149003,15446.0,103.10571428571431,-800.0,1031446.0,2015446.0
584,-15192.092918121203,15192.092918121203,15712.5,72.37714285714287,-800.0,1031712.5,2015712.5
585,-14979.977567317397,14979.977567317397,15505.0,82.30785714285716,-3400.0,1083505.0,2015505.0
586,-15125.446215713979,15125.446215713979,15663.5,88.05357142857144,-1600.0,1047663.5,2015663.5
587,-15031.881194748205,15031.881194748205,15552.5,81.06928571428573,200.0,1011552.5,2015552.5
588,-15224.601759642246,15224.601759642246,15730.5,50.47571428571429,1600.0,983730.5,2015730.5
589,-15115.751939531572,15115.751939531572,15631.5,64.98285714285716,500.0,1005631.5,2015631.5
590,-15185.136078531455,15185.136078531455,15714.0,77.74500000000002,4400.0,927714.0,2015714.0
591,-15380.964745018275,15380.964745018275,15882.0,50.81642857142859,-1600.0,1047882.0,2015882.0
592,-15222.864983165735,15222.864983165735,15733.5,69.77785714285716,-2400.0,1063733.5,2015733.5
593,-14714.949187943985,14714.949187943985,15228.5,79.7107142857143,3800.0,939228.5,2015228.5
594,-15336.052738210408,15336.052738210408,15850.0,59.87285714285716,-5400.0,1123850.0,2015850.0
595,-15062.173669755422,15062.173669755422,15567.0,57.640714285714296,-1100.0,1037567.0,2015567.0
596,-15092.563228697742,15092.563228697742,15630.5,93.05500000000004,-600.0,1027630.5,2015630.5
597,-15178.746300547577,15178.746300547577,15704.5,77.72928571428574,-900.0,1033704.5,2015704.5
598,-15116.780305424767,15116.780305424767,15635.5,68.37214285714288,1300.0,989635.5,2015635.5
599,-15003.239710344838,15003.239710344838,15514.0,68.88142857142859,3200.0,951514.0,2015514.0
600,-15253.393137484894,15253.393137484894,15760.5,61.66285714285715,2700.0,961760.5,2015760.5
601,-15130.096316883453,15130.096316883453,15638.5,65.22500000000001,-400.0,1023638.5,2015638.5
602,-15399.114460568926,15399.114460568926,15922.5,71.2464285714286,500.0,1005922.5,2015922.5
603,-15279.078943709606,15279.078943709606,15811.5,75.61428571428571,2300.0,969811.5,2015811.5
604,-14977.935269611782,14977.935269611782,15504.0,89.03357142857145,7000.0,875504.0,2015504.0
605,-15121.721307079799,15121.721307079799,15637.5,66.80142857142857,200.0,1011637.5,2015637.5
606,-15381.815409834351,15381.815409834351,15898.0,65.46214285714287,-500.0,1025898.0,2015898.0
607,-15236.449834922805,15236.449834922805,15766.0,75.24142857142857,1200.0,991766.0,2015766.0
608,-15130.630902643206,15130.630902643206,15654.0,76.61428571428573,4900.0,917654.0,2015654.0
609,-15136.587223294511,15136.587223294511,15658.5,78.93214285714286,2300.0,969658.5,2015658.5
610,-15546.023789243722,15546.023789243722,16083.5,80.67928571428574,300.0,1010083.5,2016083.5
611,-14900.189297815536,14900.189297815536,15399.5,60.75785714285715,600.0,1003399.5,2015399.5
612,-15190.767831758063,15190.767831758063,15709.5,69.89500000000001,400.0,1007709.5,2015709.5
613,-15300.797107013117,15300.797107013117,15823.5,69.00642857142859,400.0,1007823.5,2015823.5
614,-15016.150800928071,15016.150800928071,15513.5,57.63214285714287,1000.0,995513.5,2015513.5
615,-15046.223393415123,15046.223393415123,15553.0,67.82642857142858,1300.0,989553.0,2015553.0
616,-15030.401415609103,15030.401415609103,15549.0,78.6007142857143,1100.0,993549.0,2015549.0
617,-15202.207820097465,15202.207820097465,15712.0,64.76714285714289,1800.0,979712.0,2015712.0
618,-15178.511283905224,15178.511283905224,15690.5,65.32857142857144,200.0,1011690.5,2015690.5
619,-15436.172243729528,15436.172243729528,15971.5,82.9207142857143,2000.0,975971.5,2015971.5
620,-14812.86388819165,14812.86388819165,15337.5,92.47500000000001,-5200.0,1119337.5,2015337.5
621,-14782.364247513951,14782.364247513951,15294.5,75.815,3900.0,937294.5,2015294.5
622,-14940.51903460784,14940.51903460784,15469.0,92.25857142857146,3800.0,939469.0,2015469.0
623,-14718.79505928831,14718.79505928831,15250.0,94.72357142857146,2300.0,969250.0,2015250.0
624,-15215.73188150502,15215.73188150502,15730.5,66.61142857142859,800.0,999730.5,2015730.5
625,-15341.503043206234,15341.503043206234,15887.5,96.5157142857143,2600.0,963887.5,2015887.5
626,-15250.98888350622,15250.98888350622,15797.0,94.2464285714286,800.0,999797.0,2015797.0
627,-15109.078638805655,15109.078638805655,15632.0,78.98928571428573,0.0,1015632.0,2015632.0
628,-15064.618801869234,15064.618801869234,15599.0,94.83857142857144,-5000.0,1115599.0,2015599.0
629,-15081.723672438447,15081.723672438447,15640.0,106.27928571428575,-1200.0,1039640.0,2015640.0
630,-15413.703435657484,15413.703435657484,15932.0,62.281428571428584,-2500.0,1065932.0,2015932.0
631,-14744.227252908102,14744.227252908102,15244.0,64.69000000000001,-2900.0,1073244.0,2015244.0
632,-15114.72105661609,15114.72105661609,15643.0,79.27428571428572,3500.0,945643.0,2015643.0
633,-15063.860063759452,15063.860063759452,15592.5,86.43,4400.0,927592.5,2015592.5
634,-15325.906797030115,15325.906797030115,15830.5,56.102142857142866,1500.0,985830.5,2015830.5
635,-14845.644907916216,14845.644907916216,15352.0,67.48642857142859,1300.0,989352.0,2015352.0
636,-15106.498461119783,15106.498461119783,15640.0,88.275,-1800.0,1051640.0,2015640.0
637,-15150.009536833955,15150.009536833955,15673.0,69.37214285714286,-1800.0,1051673.0,2015673.0
638,-14988.612799135883,14988.612799135883,15513.5,84.67785714285716,4000.0,935513.5,2015513.5
639,-15226.08453761632,15226.08453761632,15738.5,68.87357142857144,2000.0,975738.5,2015738.5
640,-14950.33452252396,14950.33452252396,15450.5,61.08000000000001,-700.0,1029450.5,2015450.5
641,-14939.731846978553,14939.731846978553,15470.0,81.87357142857144,-1000.0,1035470.0,2015470.0
642,-14916.67712144963,14916.67712144963,15438.0,84.11285714285715,-2200.0,1059438.0,2015438.0
643,-15151.955630751487,15151.955630751487,15650.5,53.67714285714287,0.0,1015650.5,2015650.5
644,-15190.318943197028,15190.318943197028,15716.5,80.35357142857144,500.0,1005716.5,2015716.5
645,-15041.036399499579,15041.036399499579,15563.5,79.52500000000002,1700.0,981563.5,2015563.5
646,-14981.67817277813,14981.67817277813,15497.0,74.73214285714288,-900.0,1033497.0,2015497.0
647,-15579.219153910784,15579.219153910784,16124.0,86.9014285714286,-2500.0,1066124.0,2016124.0
648,-15008.385947975781,15008.385947975781,15520.0,65.06928571428573,3900.0,937520.0,2015520.0
649,-15200.255640111282,15200.255640111282,15709.0,59.788571428571444,-1200.0,1039709.0,2015709.0
650,-15299.123276796225,15299.123276796225,15848.5,97.46285714285716,7200.0,871848.5,2015848.5
651,-15056.697548946144,15056.697548946144,15576.5,73.40428571428573,-700.0,1029576.5,2015576.5
652,-15229.922687239683,15229.922687239683,15777.0,95.91714285714286,-4400.0,1103777.0,2015777.0
653,-15346.570265586508,15346.570265586508,15862.5,61.61285714285715,-700.0,1029862.5,2015862.5
654,-14988.927866101109,14988.927866101109,15505.0,73.55357142857144,1600.0,983505.0,2015505.0
655,-15036.508699252652,15036.508699252652,15555.0,80.2271428571429,2400.0,967555.0,2015555.0
656,-15024.265142930208,15024.265142930208,15521.0,52.705000000000005,-1600.0,1047521.0,2015521.0
657,-15211.188323891938,15211.188323891938,15720.0,68.7957142857143,-2300.0,1061720.0,2015720.0
658,-15025.46471142641,15025.46471142641,15547.5,79.36928571428572,500.0,1005547.5,2015547.5
659,-15495.591389531222,15495.591389531222,16023.0,74.51357142857145,2300.0,970023.0,2016023.0
660,-15085.719792495318,15085.719792495318,15572.0,46.34571428571429,-2800.0,1071572.0,2015572.0
661,-15259.547653024336,15259.547653024336,15807.5,97.22142857142859,900.0,997807.5,2015807.5
662,-15264.923781000914,15264.923781000914,15771.0,58.500000000000014,200.0,1011771.0,2015771.0
663,-15380.626789074093,15380.626789074093,15893.5,60.48857142857145,-3000.0,1075893.5,2015893.5
664,-15300.634442998675,15300.634442998675,15817.5,67.88357142857144,1400.0,987817.5,2015817.5
665,-15187.206721314189,15187.206721314189,15712.5,81.47571428571429,1500.0,985712.5,2015712.5
666,-15144.054781667593,15144.054781667593,15654.5,56.64714285714286,1300.0,989654.5,2015654.5
667,-15377.992003908563,15377.992003908563,15899.0,66.47214285714286,-1800.0,1051899.0,2015899.0
668,-14777.036472506954,14777.036472506954,15302.0,90.9164285714286,2500.0,965302.0,2015302.0
669,-14933.065106404363,14933.065106404363,15435.0,64.75357142857143,3300.0,949435.0,2015435.0
670,-15328.7260491768,15328.7260491768,15869.5,83.64428571428573,2000.0,975869.5,2015869.5
671,-15156.945742376753,15156.945742376753,15671.5,71.20357142857145,-3200.0,1079671.5,2015671.5
672,-15338.470048004656,15338.470048004656,15848.0,60.26142857142858,-800.0,1031848.0,2015848.0
673,-15447.851634777131,15447.851634777131,15979.0,72.5914285714286,3200.0,951979.0,2015979.0
674,-14807.901448589404,14807.901448589404,15295.0,53.66642857142858,400.0,1007295.0,2015295.0
675,-15237.545151417333,15237.545151417333,15760.0,72.22357142857143,1500.0,985760.0,2015760.0
676,-15355.287831045282,15355.287831045282,15895.5,85.75571428571429,3500.0,945895.5,2015895.5
677,-15160.263771071664,15160.263771071664,15684.0,78.35357142857146,900.0,997684.0,2015684.0
678,-15422.058371583247,15422.058371583247,15958.5,80.70571428571431,1100.0,993958.5,2015958.5
679,-15121.785189776823,15121.785189776823,15639.0,69.87071428571431,1300.0,989639.0,2015639.0
680,-15229.244812479306,15229.244812479306,15753.0,74.98785714285715,300.0,1009753.0,2015753.0
681,-15380.396580126708,15380.396580126708,15903.0,66.48928571428573,-600.0,1027903.0,2015903.0
682,-15087.535211581846,15087.535211581846,15602.0,75.50500000000001,-5100.0,1117602.0,2015602.0
683,-15114.562335553717,15114.562335553717,15616.0,58.22428571428572,400.0,1007616.0,2015616.0
684,-14767.72565041725,14767.72565041725,15279.0,78.68142857142858,-1600.0,1047279.0,2015279.0
685,-15272.523623715231,15272.523623715231,15797.5,77.93857142857146,-200.0,1019797.5,2015797.5
686,-14769.454363487275,14769.454363487275,15266.0,61.670000000000016,0.0,1015266.0,2015266.0
687,-15002.276517885526,15002.276517885526,15525.0,74.17428571428573,1500.0,985525.0,2015525.0
688,-15501.539238923167,15501.539238923167,16050.0,93.83000000000003,-4500.0,1106050.0,2016050.0
689,-15312.364849647838,15312.364849647838,15815.5,49.453571428571436,-2200.0,1059815.5,2015815.5
690,-15270.266886115278,15270.266886115278,15779.5,63.64428571428572,-3200.0,1079779.5,2015779.5
691,-14985.836276605414,14985.836276605414,15543.5,120.49357142857144,-1900.0,1053543.5,2015543.5
692,-15030.055015656282,15030.055015656282,15537.5,65.0157142857143,-4100.0,1097537.5,2015537.5
693,-15572.16171509804,15572.16171509804,16082.5,54.33214285714287,1700.0,982082.5,2016082.5
694,-14686.894508938012,14686.894508938012,15186.5,66.62142857142858,3700.0,941186.5,2015186.5
695,-15227.690976248781,15227.690976248781,15783.0,102.13000000000002,-900.0,1033783.0,2015783.0
696,-15006.5740700525,15006.5740700525,15504.5,53.98142857142858,2000.0,975504.5,2015504.5
697,-15194.351420564364,15194.351420564364,15721.5,76.53785714285716,3200.0,951721.5,2015721.5
698,-15152.493893244386,15152.493893244386,15680.5,85.11357142857145,100.0,1013680.5,2015680.5
699,-15011.925337119674,15011.925337119674,15535.0,83.97142857142859,-700.0,1029535.0,2015535.0
700,-14924.147938992803,14924.147938992803,15445.5,83.15928571428572,2800.0,959445.5,2015445.5
701,-15570.104022261741,15570.104022261741,16091.0,62.67857142857144,-500.0,1026091.0,2016091.0
702,-14976.814073053252,14976.814073053252,15496.5,78.24642857142858,3900.0,937496.5,2015496.5
703,-14985.498113224545,14985.498113224545,15500.5,70.42142857142858,-3700.0,1089500.5,2015500.5
704,-15100.687744901828,15100.687744901828,15634.5,82.75642857142859,-1400.0,1043634.5,2015634.5
705,-15347.266127571002,15347.266127571002,15857.0,56.81428571428572,4200.0,931857.0,2015857.0
706,-15053.83048130058,15053.83048130058,15557.5,63.180714285714295,1300.0,989557.5,2015557.5
707,-15126.365380270547,15126.365380270547,15638.0,71.09500000000001,-500.0,1025638.0,2015638.0
708,-15184.783210527288,15184.783210527288,15693.5,66.06500000000001,700.0,1001693.5,2015693.5
709,-14902.377685408877,14902.377685408877,15423.0,86.26285714285714,-3500.0,1085423.0,2015423.0
710,-15103.299951220077,15103.299951220077,15626.5,78.28857142857143,1500.0,985626.5,2015626.5
711,-15043.044718084475,15043.044718084475,15587.0,102.4314285714286,4000.0,935587.0,2015587.0
712,-14887.223497822457,14887.223497822457,15407.5,84.86357142857145,-400.0,1023407.5,2015407.5
713,-14905.178458430939,14905.178458430939,15393.0,49.72785714285715,2500.0,965393.0,2015393.0
714,-15160.211118837231,15160.211118837231,15694.0,88.4207142857143,-600.0,1027694.0,2015694.0
715,-14790.222112265354,14790.222112265354,15294.5,69.08142857142857,500.0,1005294.5,2015294.5
716,-15326.322695058909,15326.322695058909,15860.5,78.14785714285716,4400.0,927860.5,2015860.5
717,-15300.151716989323,15300.151716989323,15815.0,66.02785714285716,800.0,999815.0,2015815.0
718,-15201.670143079868,15201.670143079868,15737.5,87.3207142857143,-500.0,1025737.5,2015737.5
719,-15354.566681214692,15354.566681214692,15868.5,59.91857142857143,-500.0,1025868.5,2015868.5
720,-15220.588734380122,15220.588734380122,15734.0,63.7907142857143,1900.0,977734.0,2015734.0
721,-14728.325447703477,14728.325447703477,15237.5,70.68857142857144,-2800.0,1071237.5,2015237.5
722,-15265.979824262033,15265.979824262033,15792.0,73.92500000000001,700.0,1001792.0,2015792.0
723,-15379.660543404316,15379.660543404316,15899.5,66.4507142857143,-1800.0,1051899.5,2015899.5
724,-15243.468028520705,15243.468028520705,15752.0,62.26428571428573,-100.0,1017752.0,2015752.0
725,-14959.880855049869,14959.880855049869,15465.5,67.0,-1600.0,1047465.5,2015465.5
726,-14968.624041247684,14968.624041247684,15474.0,62.783571428571435,1100.0,993474.0,2015474.0
727,-15150.303599873054,15150.303599873054,15676.5,77.86357142857145,700.0,1001676.5,2015676.5
728,-14907.544482273595,14907.544482273595,15392.5,47.37642857142858,900.0,997392.5,2015392.5
729,-14879.817048116267,14879.817048116267,15398.5,76.63214285714287,-1600.0,1047398.5,2015398.5
730,-14912.892389135453,14912.892389135453,15449.5,96.5814285714286,-700.0,1029449.5,2015449.5
731,-14682.528381362168,14682.528381362168,15181.0,63.015000000000015,1800.0,979181.0,2015181.0
732,-15250.30919774478,15250.30919774478,15757.5,53.60071428571429,-1600.0,1047757.5,2015757.5
733,-15028.187305272822,15028.187305272822,15543.5,69.41857142857144,-800.0,1031543.5,2015543.5
734,-15414.16954596134,15414.16954596134,15936.5,67.81214285714287,-3700.0,1089936.5,2015936.5
735,-15052.871831940669,15052.871831940669,15583.5,79.50928571428572,1200.0,991583.5,2015583.5
736,-15383.008662296726,15383.008662296726,15889.0,54.66285714285715,-3100.0,1077889.0,2015889.0
737,-14964.471288755703,14964.471288755703,15493.5,91.59000000000002,2000.0,975493.5,2015493.5
738,-15111.311332512278,15111.311332512278,15649.5,89.83357142857145,5300.0,909649.5,2015649.5
739,-15400.793389065351,15400.793389065351,15918.5,64.68785714285715,-2000.0,1055918.5,2015918.5
740,-15294.605883689357,15294.605883689357,15819.0,73.69285714285715,3900.0,937819.0,2015819.0
741,-14975.334779756753,14975.334779756753,15517.5,91.93857142857146,2200.0,971517.5,2015517.5
742,-15074.085909833768,15074.085909833768,15608.5,92.40714285714287,100.0,1013608.5,2015608.5
743,-15282.92012157883,15282.92012157883,15832.0,103.67357142857145,2100.0,973832.0,2015832.0
744,-15208.717479074154,15208.717479074154,15738.5,76.61357142857145,3000.0,955738.5,2015738.5
745,-14703.925878177008,14703.925878177008,15248.0,107.96857142857145,2500.0,965248.0,2015248.0
746,-15005.968295520608,15005.968295520608,15522.5,69.03642857142859,-300.0,1021522.5,2015522.5
747,-15204.417777792343,15204.417777792343,15745.5,87.31142857142859,-2300.0,1061745.5,2015745.5
748,-14935.570109480192,14935.570109480192,15456.0,80.34857142857143,-700.0,1029456.0,2015456.0
749,-14880.617075337334,14880.617075337334,15402.0,83.34500000000001,1200.0,991402.0,2015402.0
750,-15322.007956799249,15322.007956799249,15839.5,69.45928571428571,2000.0,975839.5,2015839.5
751,-15661.515656047872,15661.515656047872,16193.0,69.28857142857143,2100.0,974193.0,2016193.0
752,-15336.361370124618,15336.361370124618,15886.0,98.25214285714286,2700.0,961886.0,2015886.0
753,-15327.987599178101,15327.987599178101,15853.5,71.08285714285716,4500.0,925853.5,2015853.5
754,-15279.604260110413,15279.604260110413,15812.0,83.30071428571429,-3700.0,1089812.0,2015812.0
755,-14910.577134959804,14910.577134959804,15410.0,58.23928571428573,-700.0,1029410.0,2015410.0
756,-15441.469930154355,15441.469930154355,15990.5,92.60214285714287,-4200.0,1099990.5,2015990.5
757,-15035.868497406445,15035.868497406445,15557.5,76.9957142857143,-700.0,1029557.5,2015557.5
758,-15209.661549646587,15209.661549646587,15726.0,63.343571428571444,-3700.0,1089726.0,2015726.0
759,-15237.535275319222,15237.535275319222,15759.5,73.78714285714287,-2700.0,1069759.5,2015759.5
760,-15104.110315022157,15104.110315022157,15621.5,71.87857142857143,-1100.0,1037621.5,2015621.5
761,-15318.618358045334,15318.618358045334,15838.0,68.80928571428575,-2300.0,1061838.0,2015838.0
762,-15144.92032794793,15144.92032794793,15647.0,59.43142857142858,0.0,1015647.0,2015647.0
763,-15100.33505691221,15100.33505691221,15631.5,88.62,2000.0,975631.5,2015631.5
764,-15251.362212113872,15251.362212113872,15758.0,53.32571428571429,-300.0,1021758.0,2015758.0
765,-15190.700156257795,15190.700156257795,15715.5,76.08785714285715,-2900.0,1073715.5,2015715.5
766,-14790.140935611566,14790.140935611566,15311.5,86.68285714285716,1300.0,989311.5,2015311.5
767,-15017.663345762277,15017.663345762277,15520.5,68.13142857142859,2600.0,963520.5,2015520.5
768,-15086.60423085956,15086.60423085956,15597.5,68.1557142857143,300.0,1009597.5,2015597.5
769,-15276.45272271024,15276.45272271024,15804.5,72.63928571428573,4100.0,933804.5,2015804.5
770,-14971.471486902039,14971.471486902039,15488.0,78.935,-500.0,1025488.0,2015488.0
771,-15206.720115277314,15206.720115277314,15709.0,54.545,-700.0,1029709.0,2015709.0
772,-14926.11644592942,14926.11644592942,15462.5,88.78785714285715,4300.0,929462.5,2015462.5
773,-15016.52844561749,15016.52844561749,15557.0,97.73785714285714,6600.0,883557.0,2015557.0
774,-15290.246075091036,15290.246075091036,15811.5,66.77785714285716,-900.0,1033811.5,2015811.5
775,-15095.618867630104,15095.618867630104,15606.5,65.69000000000001,500.0,1005606.5,2015606.5
776,-15029.617806082279,15029.617806082279,15526.0,55.52714285714287,-1800.0,1051526.0,2015526.0
777,-15260.849355913313,15260.849355913313,15761.0,57.82857142857144,1900.0,977761.0,2015761.0
778,-15145.033617987096,15145.033617987096,15687.5,98.91142857142859,-1500.0,1045687.5,2015687.5
779,-15177.335315685548,15177.335315685548,15726.0,107.77928571428573,3100.0,953726.0,2015726.0
780,-15474.184811336585,15474.184811336585,15990.5,62.62142857142858,-900.0,1033990.5,2015990.5
781,-14727.390758516605,14727.390758516605,15234.5,72.87857142857145,1200.0,991234.5,2015234.5
782,-14966.765892774709,14966.765892774709,15489.0,79.41000000000001,-100.0,1017489.0,2015489.0
783,-15248.988366164238,15248.988366164238,15773.0,73.09285714285716,800.0,999773.0,2015773.0
784,-15369.219209824467,15369.219209824467,15878.5,60.47714285714286,1300.0,989878.5,2015878.5
785,-15472.831011930273,15472.831011930273,15976.0,44.75142857142858,-800.0,1031976.0,2015976.0
786,-14787.507479268166,14787.507479268166,15313.0,95.71785714285716,-5200.0,1119313.0,2015313.0
787,-15141.182861365856,15141.182861365856,15689.5,95.25428571428571,3100.0,953689.5,2015689.5
788,-15147.036119854733,15147.036119854733,15667.0,78.7014285714286,-1100.0,1037667.0,2015667.0
789,-15049.218368959297,15049.218368959297,15560.0,65.63357142857143,1900.0,977560.0,2015560.0
790,-14805.12111820743,14805.12111820743,15306.5,60.10642857142858,1600.0,983306.5,2015306.5
791,-15187.040020104374,15187.040020104374,15714.5,77.71785714285716,-1400.0,1043714.5,2015714.5
792,-14907.343349295477,14907.343349295477,15431.0,88.65357142857144,-6200.0,1139431.0,2015431.0
793,-15112.657335845253,15112.657335845253,15660.5,99.8914285714286,2700.0,961660.5,2015660.5
794,-15175.430291590588,15175.430291590588,15697.5,72.77214285714287,-1800.0,1051697.5,2015697.5
795,-14854.717754676458,14854.717754676458,15388.5,91.85357142857146,300.0,1009388.5,2015388.5
796,-15061.664589663866,15061.664589663866,15614.0,105.55714285714286,-5500.0,1125614.0,2015614.0
797,-14949.377851403427,14949.377851403427,15490.5,95.8814285714286,4300.0,929490.5,2015490.5
798,-15043.008409653135,15043.008409653135,15549.0,58.47785714285715,-600.0,1027549.0,2015549.0
799,-15028.559050347303,15028.559050347303,15537.0,67.04928571428573,1500.0,985537.0,2015537.0
800,-15294.13824501438,15294.13824501438,15842.0,95.72500000000001,200.0,1011842.0,2015842.0
801,-15014.054240703865,15014.054240703865,15525.0,69.41642857142858,2800.0,959525.0,2015525.0
802,-15549.952880150584,15549.952880150584,16050.5,48.615,900.0,998050.5,2016050.5
803,-14964.449551376985,14964.449551376985,15483.0,81.09714285714287,-4900.0,1113483.0,2015483.0
804,-15258.74753883219,15258.74753883219,15766.5,62.56357142857144,-2400.0,1063766.5,2015766.5
805,-15097.31619194784,15097.31619194784,15648.0,95.12214285714288,2000.0,975648.0,2015648.0
806,-15085.29619428171,15085.29619428171,15581.0,50.75500000000001,-100.0,1017581.0,2015581.0
807,-14943.45884300223,14943.45884300223,15463.5,79.63928571428573,2400.0,967463.5,2015463.5
808,-15033.982943635026,15033.982943635026,15568.0,89.2114285714286,2300.0,969568.0,2015568.0
809,-15574.133054115799,15574.133054115799,16098.0,67.02857142857144,1000.0,996098.0,2016098.0
810,-15078.961647900804,15078.961647900804,15578.5,53.33785714285716,400.0,1007578.5,2015578.5
811,-14933.97996783593,14933.97996783593,15436.5,56.407142857142865,-1000.0,1035436.5,2015436.5
812,-15190.108052562413,15190.108052562413,15710.5,71.24428571428572,0.0,1015710.5,2015710.5
813,-14979.644806795917,14979.644806795917,15480.0,55.92214285714286,0.0,1015480.0,2015480.0
814,-14936.231718499814,14936.231718499814,15454.5,83.34142857142858,-3400.0,1083454.5,2015454.5
815,-15002.17042742659,15002.17042742659,15511.5,66.50428571428573,2000.0,975511.5,2015511.5
816,-15361.107844056898,15361.107844056898,15896.0,82.3757142857143,-3700.0,1089896.0,2015896.0
817,-14998.046652092024,14998.046652092024,15503.5,60.712142857142865,0.0,1015503.5,2015503.5
818,-15116.309621934026,15116.309621934026,15637.5,73.54857142857145,-1700.0,1049637.5,2015637.5
819,-15317.416315690123,15317.416315690123,15823.0,52.80285714285716,-200.0,1019823.0,2015823.0
820,-15122.887391438398,15122.887391438398,15647.5,77.52785714285716,3500.0,945647.5,2015647.5
821,-14722.43933573732,14722.43933573732,15220.5,68.23428571428573,-2400.0,1063220.5,2015220.5
822,-15253.38402156344,15253.38402156344,15774.5,68.93142857142858,-3300.0,1081774.5,2015774.5
823,-15008.55483534119,15008.55483534119,15528.0,77.60785714285717,600.0,1003528.0,2015528.0
824,-15423.575165710596,15423.575165710596,15967.5,82.11857142857144,1800.0,979967.5,2015967.5
825,-15129.56507091468,15129.56507091468,15651.5,80.01428571428573,-2600.0,1067651.5,2015651.5
826,-15234.282374834742,15234.282374834742,15776.0,87.64357142857145,5000.0,915776.0,2015776.0
827,-14807.828141316368,14807.828141316368,15308.5,70.94928571428574,2700.0,961308.5,2015308.5
828,-15197.00662183933,15197.00662183933,15737.5,95.91357142857144,-5400.0,1123737.5,2015737.5
829,-15167.84978406912,15167.84978406912,15683.0,64.99857142857144,2100.0,973683.0,2015683.0
830,-14843.572402008886,14843.572402008886,15369.5,85.65785714285715,3100.0,953369.5,2015369.5
831,-15449.691726320936,15449.691726320936,15985.0,82.59500000000003,-500.0,1025985.0,2015985.0
832,-15144.920109936258,15144.920109936258,15659.5,77.48714285714289,-4400.0,1103659.5,2015659.5
833,-15154.081070306373,15154.081070306373,15662.0,62.562857142857155,-700.0,1029662.0,2015662.0
834,-15303.68481424416,15303.68481424416,15817.5,63.84500000000002,2500.0,965817.5,2015817.5
835,-14964.514321044824,14964.514321044824,15464.5,58.467857142857156,-5100.0,1117464.5,2015464.5
836,-14909.8270011656,14909.8270011656,15421.5,73.10500000000002,-3200.0,1079421.5,2015421.5
837,-14977.558351172042,14977.558351172042,15507.0,91.12857142857145,4000.0,935507.0,2015507.0
838,-15036.925448381262,15036.925448381262,15565.0,81.64428571428573,-300.0,1021565.0,2015565.0
839,-14768.879547258257,14768.879547258257,15285.0,84.54571428571431,1300.0,989285.0,2015285.0
840,-14895.816650004559,14895.816650004559,15405.5,67.33642857142858,100.0,1013405.5,2015405.5
841,-15013.83849213618,15013.83849213618,15540.5,83.60357142857146,2300.0,969540.5,2015540.5
842,-15004.11512614127,15004.11512614127,15520.0,76.64500000000001,-1700.0,1049520.0,2015520.0
843,-15114.763393110914,15114.763393110914,15629.0,65.44214285714288,2200.0,971629.0,2015629.0
844,-15197.190756639104,15197.190756639104,15716.5,71.28857142857143,-1700.0,1049716.5,2015716.5
845,-14807.251030331301,14807.251030331301,15311.0,64.86142857142858,-300.0,1021311.0,2015311.0
846,-15344.825204804685,15344.825204804685,15875.5,76.75,-400.0,1023875.5,2015875.5
847,-15432.072188063852,15432.072188063852,15931.0,42.94357142857144,1700.0,981931.0,2015931.0
848,-15200.765207038035,15200.765207038035,15736.0,86.39142857142858,3100.0,953736.0,2015736.0
849,-15372.1502295863,15372.1502295863,15888.5,65.33000000000001,3200.0,951888.5,2015888.5
850,-15017.944358495079,15017.944358495079,15546.0,88.29428571428573,-1700.0,1049546.0,2015546.0
851,-15148.007087642878,15148.007087642878,15655.5,60.00571428571429,600.0,1003655.5,2015655.5
852,-15002.418776440418,15002.418776440418,15522.0,77.71785714285716,1000.0,995522.0,2015522.0
853,-14982.184455832512,14982.184455832512,15494.0,75.4107142857143,-1900.0,1053494.0,2015494.0
854,-14905.572272532665,14905.572272532665,15409.0,63.220714285714294,200.0,1011409.0,2015409.0
855,-15112.556207913456,15112.556207913456,15636.0,74.69428571428573,-500.0,1025636.0,2015636.0
856,-14853.194796965474,14853.194796965474,15370.0,74.60785714285716,3100.0,953370.0,2015370.0
857,-15222.096853187548,15222.096853187548,15759.0,88.71214285714288,-1800.0,1051759.0,2015759.0
858,-15022.743979502877,15022.743979502877,15562.0,93.59500000000001,800.0,999562.0,2015562.0
859,-14860.976145546883,14860.976145546883,15375.5,76.57714285714286,1100.0,993375.5,2015375.5
860,-14939.549278376186,14939.549278376186,15440.5,66.15285714285716,900.0,997440.5,2015440.5
861,-14865.388218780708,14865.388218780708,15371.5,73.10285714285716,-1600.0,1047371.5,2015371.5
862,-15154.59003776955,15154.59003776955,15667.5,70.92285714285715,1800.0,979667.5,2015667.5
863,-14990.104424206842,14990.104424206842,15507.5,72.85357142857143,-300.0,1021507.5,2015507.5
864,-15002.560962887408,15002.560962887408,15508.5,68.28857142857144,4900.0,917508.5,2015508.5
865,-15208.41309372097,15208.41309372097,15729.5,74.44785714285715,2700.0,961729.5,2015729.5
866,-14980.179269379989,14980.179269379989,15498.5,76.00000000000003,2500.0,965498.5,2015498.5
867,-15213.82875210417,15213.82875210417,15727.0,65.0657142857143,1700.0,981727.0,2015727.0
868,-15477.796952658873,15477.796952658873,15979.5,43.63642857142858,-300.0,1021979.5,2015979.5
869,-15110.43396945301,15110.43396945301,15621.0,69.35857142857145,-900.0,1033621.0,2015621.0
870,-15041.136009816048,15041.136009816048,15562.0,78.57571428571431,-2600.0,1067562.0,2015562.0
871,-15259.042031823297,15259.042031823297,15763.5,65.08142857142857,-3300.0,1081763.5,2015763.5
872,-15346.159998213769,15346.159998213769,15860.0,63.750000000000014,1600.0,983860.0,2015860.0
873,-15232.101678103352,15232.101678103352,15746.0,66.20857142857145,200.0,1011746.0,2015746.0
874,-15134.699266796784,15134.699266796784,15666.5,85.91571428571432,-300.0,1021666.5,2015666.5
875,-15539.55233724047,15539.55233724047,16065.0,67.39214285714287,-200.0,1020065.0,2016065.0
876,-15178.170738440891,15178.170738440891,15715.5,87.17571428571432,3400.0,947715.5,2015715.5
877,-15191.771463134519,15191.771463134519,15699.0,60.09928571428573,1100.0,993699.0,2015699.0
878,-15021.45342820932,15021.45342820932,15528.0,61.127142857142864,-200.0,1019528.0,2015528.0
879,-15121.734274180435,15121.734274180435,15641.0,77.6657142857143,-1300.0,1041641.0,2015641.0
880,-15371.745823693078,15371.745823693078,15910.5,86.16928571428572,500.0,1005910.5,2015910.5
881,-14809.965917124648,14809.965917124648,15299.0,57.350714285714304,-700.0,1029299.0,2015299.0
882,-15060.632823828979,15060.632823828979,15566.0,56.68428571428573,900.0,997566.0,2015566.0
883,-15355.4671297451,15355.4671297451,15895.0,88.5257142857143,-3000.0,1075895.0,2015895.0
884,-15055.769582501107,15055.769582501107,15590.0,87.4264285714286,-1200.0,1039590.0,2015590.0
885,-15188.236694639585,15188.236694639585,15722.0,86.14500000000001,-4500.0,1105722.0,2015722.0
886,-15305.404248960192,15305.404248960192,15827.5,72.79357142857143,2400.0,967827.5,2015827.5
887,-15130.550675956085,15130.550675956085,15668.0,85.03142857142859,600.0,1003668.0,2015668.0
888,-15064.872236419438,15064.872236419438,15605.5,93.63285714285716,100.0,1013605.5,2015605.5
889,-15052.375858669153,15052.375858669153,15554.0,60.60928571428573,-1800.0,1051554.0,2015554.0
890,-15062.518997255504,15062.518997255504,15567.0,60.422142857142866,-3500.0,1085567.0,2015567.0
891,-14950.693929866185,14950.693929866185,15476.0,84.6157142857143,2100.0,973476.0,2015476.0
892,-15133.355316506713,15133.355316506713,15677.0,97.98928571428573,2300.0,969677.0,2015677.0
893,-14960.577022394475,14960.577022394475,15488.5,89.2957142857143,3000.0,955488.5,2015488.5
894,-15207.313217416611,15207.313217416611,15753.0,100.49285714285715,-2600.0,1067753.0,2015753.0
895,-15324.574091845388,15324.574091845388,15837.5,64.30214285714287,2600.0,963837.5,2015837.5
896,-14777.830551037,14777.830551037,15279.0,66.15714285714287,6100.0,893279.0,2015279.0
897,-15355.29385939052,15355.29385939052,15873.0,67.47214285714287,-1600.0,1047873.0,2015873.0
898,-15004.289601811219,15004.289601811219,15537.5,91.6357142857143,3700.0,941537.5,2015537.5
899,-15107.878162987701,15107.878162987701,15604.0,50.18071428571429,-1000.0,1035604.0,2015604.0
900,-15520.930719176347,15520.930719176347,16057.0,79.47642857142858,2600.0,964057.0,2016057.0
901,-14968.809424417188,14968.809424417188,15479.0,72.57857142857145,-1200.0,1039479.0,2015479.0
902,-14966.289481194162,14966.289481194162,15462.0,56.35071428571429,-400.0,1023462.0,2015462.0
903,-15137.422921934784,15137.422921934784,15714.0,127.9107142857143,-700.0,1029714.0,2015714.0
904,-14939.985192370765,14939.985192370765,15441.5,63.79571428571428,-2400.0,1063441.5,2015441.5
905,-15277.308234796423,15277.308234796423,15811.0,77.23142857142858,1500.0,985811.0,2015811.0
906,-15115.303186911457,15115.303186911457,15618.5,55.67214285714286,800.0,999618.5,2015618.5
907,-14927.640059888254,14927.640059888254,15432.0,68.67285714285715,2700.0,961432.0,2015432.0
908,-14962.50321559163,14962.50321559163,15478.0,78.42642857142859,-2000.0,1055478.0,2015478.0
909,-15057.353070602003,15057.353070602003,15576.5,72.13500000000002,-3300.0,1081576.5,2015576.5
910,-15112.82138422407,15112.82138422407,15654.5,96.67000000000002,3400.0,947654.5,2015654.5
911,-15302.124100457764,15302.124100457764,15793.0,48.195714285714295,500.0,1005793.0,2015793.0
912,-14912.271812665997,14912.271812665997,15426.5,71.16000000000001,2300.0,969426.5,2015426.5
913,-15058.827582315515,15058.827582315515,15569.5,72.65142857142858,-200.0,1019569.5,2015569.5
914,-14893.756727928514,14893.756727928514,15402.0,69.6057142857143,1300.0,989402.0,2015402.0
915,-15081.71858075854,15081.71858075854,15600.0,74.84571428571431,3300.0,949600.0,2015600.0
916,-14955.668939957497,14955.668939957497,15486.5,85.55142857142859,2800.0,959486.5,2015486.5
917,-15165.19024344921,15165.19024344921,15665.0,55.54642857142858,-1900.0,1053665.0,2015665.0
918,-14849.652306934262,14849.652306934262,15380.0,91.01428571428573,-600.0,1027380.0,2015380.0
919,-15114.008952942466,15114.008952942466,15642.0,78.24071428571429,-1900.0,1053642.0,2015642.0
920,-15149.166515328892,15149.166515328892,15683.0,89.91000000000003,-1700.0,1049683.0,2015683.0
921,-15118.775162699456,15118.775162699456,15619.0,61.18285714285715,-1700.0,1049619.0,2015619.0
922,-15215.196768368904,15215.196768368904,15729.0,66.89500000000001,400.0,1007729.0,2015729.0
923,-14983.310675400706,14983.310675400706,15512.5,88.74000000000002,100.0,1013512.5,2015512.5
924,-15179.62714589585,15179.62714589585,15695.0,71.01714285714287,400.0,1007695.0,2015695.0
925,-14469.635358955144,14469.635358955144,14988.0,94.54857142857145,100.0,1012988.0,2014988.0
926,-14936.611195011812,14936.611195011812,15465.5,89.98142857142858,4400.0,927465.5,2015465.5
927,-15295.947194589044,15295.947194589044,15833.0,82.07714285714287,3900.0,937833.0,2015833.0
928,-15034.899658663,15034.899658663,15531.0,54.26928571428572,700.0,1001531.0,2015531.0
929,-14876.768162018067,14876.768162018067,15384.5,69.96928571428573,-2700.0,1069384.5,2015384.5
930,-15217.583545651407,15217.583545651407,15740.5,70.5907142857143,800.0,999740.5,2015740.5
931,-15065.703117800142,15065.703117800142,15583.0,75.00642857142859,-5600.0,1127583.0,2015583.0
932,-15097.890154113093,15097.890154113093,15617.0,74.32214285714288,-2800.0,1071617.0,2015617.0
933,-15036.176170514475,15036.176170514475,15553.5,76.23714285714287,2200.0,971553.5,2015553.5
934,-14912.529305875163,14912.529305875163,15412.0,55.691428571428574,-3200.0,1079412.0,2015412.0
935,-15132.050459242353,15132.050459242353,15638.0,66.53571428571429,-1200.0,1039638.0,2015638.0
936,-15264.495804618591,15264.495804618591,15776.5,59.092142857142875,2000.0,975776.5,2015776.5
937,-15144.901449750007,15144.901449750007,15639.5,51.44642857142858,2300.0,969639.5,2015639.5
938,-14787.8771273861,14787.8771273861,15316.5,90.85071428571429,-700.0,1029316.5,2015316.5
939,-15301.278268619204,15301.278268619204,15822.0,73.63928571428573,-5500.0,1125822.0,2015822.0
940,-15135.42430068534,15135.42430068534,15656.5,72.40714285714287,4600.0,923656.5,2015656.5
941,-15308.515068944112,15308.515068944112,15824.5,67.09428571428573,2400.0,967824.5,2015824.5
942,-15225.155609070443,15225.155609070443,15731.5,58.21857142857144,-300.0,1021731.5,2015731.5
943,-14839.468648854147,14839.468648854147,15339.5,64.24857142857144,400.0,1007339.5,2015339.5
944,-15223.195638389552,15223.195638389552,15742.0,66.81214285714287,1300.0,989742.0,2015742.0
945,-14986.931918164024,14986.931918164024,15484.5,61.28428571428572,-2700.0,1069484.5,2015484.5
946,-15099.671515555514,15099.671515555514,15645.0,97.27857142857144,2400.0,967645.0,2015645.0
947,-15109.581132530286,15109.581132530286,15633.5,83.6607142857143,500.0,1005633.5,2015633.5
948,-15169.02634175454,15169.02634175454,15690.5,76.1407142857143,-300.0,1021690.5,2015690.5
949,-14810.636140266688,14810.636140266688,15340.0,92.52357142857144,1900.0,977340.0,2015340.0
950,-15407.616983461252,15407.616983461252,15917.5,59.578571428571436,-100.0,1017917.5,2015917.5
951,-15068.08126727003,15068.08126727003,15605.0,86.41785714285714,-3200.0,1079605.0,2015605.0
952,-15066.566359493232,15066.566359493232,15562.0,52.08857142857144,-1200.0,1039562.0,2015562.0
953,-15001.248449082017,15001.248449082017,15520.5,83.45357142857145,-1800.0,1051520.5,2015520.5
954,-15213.768476378249,15213.768476378249,15710.0,50.27071428571429,-1600.0,1047710.0,2015710.0
955,-15172.273341333594,15172.273341333594,15703.5,82.78214285714287,-400.0,1023703.5,2015703.5
956,-15250.290673460728,15250.290673460728,15801.5,103.45714285714288,4700.0,921801.5,2015801.5
957,-15168.111583185,15168.111583185,15693.5,86.01642857142858,700.0,1001693.5,2015693.5
958,-15231.2738792696,15231.2738792696,15779.0,97.49285714285716,700.0,1001779.0,2015779.0
959,-14927.276834626726,14927.276834626726,15434.0,66.1557142857143,300.0,1009434.0,2015434.0
960,-15129.655292728356,15129.655292728356,15639.0,69.79000000000002,-800.0,1031639.0,2015639.0
961,-15099.54346672074,15099.54346672074,15596.5,52.75428571428573,1200.0,991596.5,2015596.5
962,-15244.796334917808,15244.796334917808,15759.0,64.69214285714287,2600.0,963759.0,2015759.0
963,-15166.44967682249,15166.44967682249,15698.0,87.70000000000003,2200.0,971698.0,2015698.0
964,-15260.376833976985,15260.376833976985,15780.0,63.21285714285715,1200.0,991780.0,2015780.0
965,-15026.850242609948,15026.850242609948,15547.5,74.38714285714286,-1400.0,1043547.5,2015547.5
966,-15121.644398815592,15121.644398815592,15664.5,91.97500000000001,1600.0,983664.5,2015664.5
967,-15332.256476664292,15332.256476664292,15852.5,71.14857142857144,100.0,1013852.5,2015852.5
968,-15111.84553662251,15111.84553662251,15609.0,53.70428571428572,-1700.0,1049609.0,2015609.0
969,-15046.23316979838,15046.23316979838,15552.5,61.938571428571436,-100.0,1017552.5,2015552.5
970,-15066.143668840861,15066.143668840861,15582.5,70.63785714285716,1500.0,985582.5,2015582.5
971,-15222.12282586194,15222.12282586194,15742.5,69.78000000000002,-3100.0,1077742.5,2015742.5
972,-15039.767510300559,15039.767510300559,15554.5,76.91142857142859,600.0,1003554.5,2015554.5
973,-15464.036380030968,15464.036380030968,15997.0,77.63214285714287,1500.0,985997.0,2015997.0
974,-14983.249846561914,14983.249846561914,15501.0,76.60714285714286,800.0,999501.0,2015501.0
975,-15353.206418446345,15353.206418446345,15864.5,61.562857142857155,2200.0,971864.5,2015864.5
976,-15270.276832509837,15270.276832509837,15796.0,73.6064285714286,-3700.0,1089796.0,2015796.0
977,-15002.561301798767,15002.561301798767,15534.0,92.83428571428573,3700.0,941534.0,2015534.0
978,-15172.589525813024,15172.589525813024,15695.0,73.6957142857143,-1300.0,1041695.0,2015695.0
979,-14711.093741206529,14711.093741206529,15254.0,107.5914285714286,100.0,1013254.0,2015254.0
980,-15098.463804763047,15098.463804763047,15615.5,72.53857142857144,1800.0,979615.5,2015615.5
981,-14880.112722737871,14880.112722737871,15409.5,92.12928571428573,-6400.0,1143409.5,2015409.5
982,-15026.255704675743,15026.255704675743,15546.0,76.79857142857145,-400.0,1023546.0,2015546.0
983,-15348.418781035778,15348.418781035778,15869.5,70.42285714285715,4500.0,925869.5,2015869.5
984,-15089.390597535468,15089.390597535468,15594.5,61.076428571428586,-600.0,1027594.5,2015594.5
985,-15495.775420647667,15495.775420647667,16025.0,71.47785714285715,-100.0,1018025.0,2016025.0
986,-14999.78135876124,14999.78135876124,15526.5,80.0564285714286,-2800.0,1071526.5,2015526.5
987,-15392.999917736612,15392.999917736612,15936.0,91.43142857142857,5300.0,909936.0,2015936.0
988,-14903.219330539872,14903.219330539872,15397.5,58.18142857142858,-900.0,1033397.5,2015397.5
989,-15182.972973470429,15182.972973470429,15719.5,84.99142857142859,600.0,1003719.5,2015719.5
990,-15432.251215887462,15432.251215887462,15959.5,76.525,1200.0,991959.5,2015959.5
991,-15425.589286534343,15425.589286534343,15959.5,78.11071428571431,-700.0,1029959.5,2015959.5
992,-14846.926421826625,14846.926421826625,15363.0,77.11500000000002,-1300.0,1041363.0,2015363.0
993,-15030.10107042849,15030.10107042849,15539.0,61.15500000000001,-500.0,1025539.0,2015539.0
994,-15317.701177816196,15317.701177816196,15840.5,74.69714285714288,300.0,1009840.5,2015840.5
995,-15360.663822004712,15360.663822004712,15880.5,66.43500000000002,300.0,1009880.5,2015880.5
996,-15378.639246477687,15378.639246477687,15897.0,64.69642857142858,1800.0,979897.0,2015897.0
997,-15283.87939761113,15283.87939761113,15804.5,70.26142857142858,-100.0,1017804.5,2015804.5
998,-15301.913716805433,15301.913716805433,15824.0,68.4057142857143,-600.0,1027824.0,2015824.0
999,-14914.38042126289,14914.38042126289,15415.0,61.48000000000001,-1600.0,1047415.0,2015415.0
1000,-15304.071219292495,15304.071219292495,15851.0,92.5264285714286,-2200.0,1059851.0,2015851.0
1001,-15101.857306774786,15101.857306774786,15619.0,72.95928571428573,-1300.0,1041619.0,2015619.0
1002,-14978.17794024367,14978.17794024367,15494.0,72.8157142857143,-200.0,1019494.0,2015494.0
1003,-14919.11909754554,14919.11909754554,15424.0,65.31642857142859,1000.0,995424.0,2015424.0
1004,-15061.964372682754,15061.964372682754,15570.5,63.40500000000001,300.0,1009570.5,2015570.5
1005,-15173.901288310175,15173.901288310175,15706.5,79.3907142857143,-1700.0,1049706.5,2015706.5
1006,-15261.28058473728,15261.28058473728,15782.0,70.87714285714287,1700.0,981782.0,2015782.0
1007,-14942.548488868024,14942.548488868024,15475.0,90.3457142857143,600.0,1003475.0,2015475.0
1008,-15110.9214294995,15110.9214294995,15636.5,76.02857142857144,3300.0,949636.5,2015636.5
1009,-15206.02374039595,15206.02374039595,15741.5,82.79428571428572,-4500.0,1105741.5,2015741.5
1010,-15265.88767215799,15265.88767215799,15784.0,68.81642857142859,-200.0,1019784.0,2015784.0
1011,-15073.196928848427,15073.196928848427,15582.5,67.54642857142858,900.0,997582.5,2015582.5
1012,-14906.979395358741,14906.979395358741,15412.5,68.48285714285716,-100.0,1017412.5,2015412.5
1013,-15005.199234179405,15005.199234179405,15526.5,78.1807142857143,-5300.0,1121526.5,2015526.5
1014,-15216.063836534813,15216.063836534813,15723.5,63.80642857142858,-2300.0,1061723.5,2015723.5
1015,-15326.338197324578,15326.338197324578,15853.0,79.04142857142858,1300.0,989853.0,2015853.0
1016,-15200.995213273589,15200.995213273589,15692.5,50.595000000000006,800.0,999692.5,2015692.5
1017,-15044.965676060074,15044.965676060074,15584.0,98.29285714285716,3900.0,937584.0,2015584.0
1018,-14768.283255853265,14768.283255853265,15285.5,84.3007142857143,-5000.0,1115285.5,2015285.5
1019,-15308.209175877695,15308.209175877695,15846.0,86.37500000000001,2400.0,967846.0,2015846.0
1020,-15215.94692489381,15215.94692489381,15728.5,65.76857142857145,1000.0,995728.5,2015728.5
1021,-15288.575478215616,15288.575478215616,15827.0,84.26357142857145,-4200.0,1099827.0,2015827.0
1022,-14800.90056433959,14800.90056433959,15324.0,89.02214285714288,4200.0,931324.0,2015324.0
1023,-15144.498962988417,15144.498962988417,15652.5,68.58928571428572,-600.0,1027652.5,2015652.5
1024,-15242.547935701035,15242.547935701035,15762.0,71.45000000000002,-100.0,1017762.0,2015762.0
1025,-14925.236619405003,14925.236619405003,15436.0,69.37142857142858,-3900.0,1093436.0,2015436.0
1026,-15518.066475885043,15518.066475885043,16045.0,70.61285714285715,-300.0,1022045.0,2016045.0
1027,-14998.668310211848,14998.668310211848,15531.5,92.93500000000002,800.0,999531.5,2015531.5
1028,-14688.436904065922,14688.436904065922,15198.0,76.81571428571431,-800.0,1031198.0,2015198.0
1029,-15097.108310380687,15097.108310380687,15625.0,86.20071428571433,1800.0,979625.0,2015625.0
1030,-15414.613628702658,15414.613628702658,15914.5,47.64000000000001,700.0,1001914.5,2015914.5
1031,-14813.619288171543,14813.619288171543,15335.5,83.14928571428572,2700.0,961335.5,2015335.5
1032,-15020.151713810315,15020.151713810315,15549.0,87.06642857142859,4700.0,921549.0,2015549.0
1033,-15004.323315899495,15004.323315899495,15515.0,69.30214285714288,4200.0,931515.0,2015515.0
1034,-15498.048628350654,15498.048628350654,16050.5,95.18071428571432,-4100.0,1098050.5,2016050.5
1035,-15046.14993925943,15046.14993925943,15562.5,69.74285714285715,1700.0,981562.5,2015562.5
1036,-15044.634251983372,15044.634251983372,15563.0,78.43357142857145,3400.0,947563.0,2015563.0
1037,-15155.857312889773,15155.857312889773,15672.0,75.17571428571429,-2500.0,1065672.0,2015672.0
1038,-14950.791382787022,14950.791382787022,15503.0,108.2364285714286,3000.0,955503.0,2015503.0
1039,-14947.121330343225,14947.121330343225,15462.5,80.06857142857145,1300.0,989462.5,2015462.5
1040,-15162.951800620696,15162.951800620696,15668.0,59.72357142857143,700.0,1001668.0,2015668.0
1041,-15183.018244122379,15183.018244122379,15729.0,98.70928571428574,3000.0,955729.0,2015729.0
1042,-15120.946929103671,15120.946929103671,15624.0,66.31357142857144,-2000.0,1055624.0,2015624.0
1043,-15270.91868020283,15270.91868020283,15797.5,74.08928571428572,-1400.0,1043797.5,2015797.5
1044,-14914.177153496687,14914.177153496687,15412.0,55.025714285714294,1300.0,989412.0,2015412.0
1045,-14845.8168452014,14845.8168452014,15343.5,64.70357142857144,800.0,999343.5,2015343.5
1046,-15004.540760179567,15004.540760179567,15523.0,80.59285714285716,4600.0,923523.0,2015523.0
1047,-15726.070240118617,15726.070240118617,16262.0,74.68285714285716,3200.0,952262.0,2016262.0
1048,-15007.753806193745,15007.753806193745,15552.5,98.17785714285715,-2300.0,1061552.5,2015552.5
1049,-15166.948715070757,15166.948715070757,15706.5,92.13000000000002,-200.0,1019706.5,2015706.5
1050,-15273.991780913746,15273.991780913746,15806.0,79.49428571428572,-1900.0,1053806.0,2015806.0
1051,-15295.415039545704,15295.415039545704,15800.5,53.39642857142859,2100.0,973800.5,2015800.5
1052,-15115.993256886457,15115.993256886457,15625.0,65.41642857142858,-100.0,1017625.0,2015625.0
1053,-15220.319284359603,15220.319284359603,15731.5,64.31428571428573,3500.0,945731.5,2015731.5
1054,-15213.174929522052,15213.174929522052,15719.5,58.99500000000002,-200.0,1019719.5,2015719.5
1055,-15166.233588261766,15166.233588261766,15684.5,73.37857142857143,-2100.0,1057684.5,2015684.5
1056,-14988.024722899612,14988.024722899612,15519.5,89.94285714285715,-4900.0,1113519.5,2015519.5
1057,-15370.45365253351,15370.45365253351,15895.0,75.33785714285716,0.0,1015895.0,2015895.0
1058,-14840.403764057894,14840.403764057894,15358.0,75.21071428571429,300.0,1009358.0,2015358.0
1059,-15202.946670514606,15202.946670514606,15728.0,81.57142857142858,-2900.0,1073728.0,2015728.0
1060,-15090.375922047095,15090.375922047095,15623.0,86.29142857142858,4200.0,931623.0,2015623.0
1061,-15098.031999171146,15098.031999171146,15617.5,70.72928571428574,-600.0,1027617.5,2015617.5
1062,-14883.38515430213,14883.38515430213,15383.5,63.46857142857144,200.0,1011383.5,2015383.5
1063,-15018.053922784286,15018.053922784286,15543.0,80.6407142857143,-1400.0,1043543.0,2015543.0
1064,-15165.162520988175,15165.162520988175,15680.0,72.52142857142859,2100.0,973680.0,2015680.0
1065,-14838.217160787852,14838.217160787852,15345.0,73.07357142857144,-2800.0,1071345.0,2015345.0
1066,-15025.86058665345,15025.86058665345,15545.0,76.04214285714286,2000.0,975545.0,2015545.0
1067,-15300.996726326332,15300.996726326332,15806.5,53.860714285714295,-1100.0,1037806.5,2015806.5
1068,-15042.396290736593,15042.396290736593,15560.0,77.095,4200.0,931560.0,2015560.0
1069,-15188.311123024454,15188.311123024454,15697.0,62.548571428571435,-1400.0,1043697.0,2015697.0
1070,-14941.651648696596,14941.651648696596,15445.0,64.32857142857144,-1100.0,1037445.0,2015445.0
1071,-15178.766231212245,15178.766231212245,15699.5,74.77785714285716,-3900.0,1093699.5,2015699.5
1072,-15081.47310479109,15081.47310479109,15612.0,90.87000000000002,0.0,1015612.0,2015612.0
1073,-15227.811207658986,15227.811207658986,15724.0,51.85785714285715,3400.0,947724.0,2015724.0
1074,-15320.23762153993,15320.23762153993,15848.0,77.80857142857144,2100.0,973848.0,2015848.0
1075,-15098.94018231719,15098.94018231719,15623.0,75.70500000000001,1200.0,991623.0,2015623.0
1076,-14811.83473957431,14811.83473957431,15305.5,64.96357142857143,200.0,1011305.5,2015305.5
1077,-15122.25182879014,15122.25182879014,15655.5,94.42857142857144,-5800.0,1131655.5,2015655.5
1078,-15200.164176782266,15200.164176782266,15716.0,66.02214285714287,100.0,1013716.0,2015716.0
1079,-15001.288771609668,15001.288771609668,15518.0,73.22071428571431,1400.0,987518.0,2015518.0
1080,-15202.262946948496,15202.262946948496,15703.5,48.40357142857144,800.0,999703.5,2015703.5
1081,-15108.713130033113,15108.713130033113,15610.5,57.87000000000001,-1200.0,1039610.5,2015610.5
1082,-14963.519915279758,14963.519915279758,15456.0,51.63142857142857,600.0,1003456.0,2015456.0
1083,-15295.024951003195,15295.024951003195,15795.0,51.819285714285726,-1700.0,1049795.0,2015795.0
1084,-15338.331058671596,15338.331058671596,15840.0,50.21357142857144,800.0,999840.0,2015840.0
1085,-15108.806784255852,15108.806784255852,15603.5,44.77285714285715,-100.0,1017603.5,2015603.5
1086,-15020.260769013303,15020.260769013303,15536.5,83.3064285714286,-200.0,1019536.5,2015536.5
1087,-14980.745553541601,14980.745553541601,15498.0,75.63928571428572,-1900.0,1053498.0,2015498.0
1088,-15195.53020686156,15195.53020686156,15703.0,60.42000000000001,300.0,1009703.0,2015703.0
1089,-15214.238228995033,15214.238228995033,15746.0,84.25857142857144,-4700.0,1109746.0,2015746.0
1090,-15289.654500360573,15289.654500360573,15834.5,93.40000000000002,-700.0,1029834.5,2015834.5
1091,-15208.360052406493,15208.360052406493,15715.5,59.90142857142858,900.0,997715.5,2015715.5
1092,-15215.439195597366,15215.439195597366,15725.5,65.37285714285714,1000.0,995725.5,2015725.5
1093,-14964.559968684,14964.559968684,15470.0,64.00642857142859,2400.0,967470.0,2015470.0
1094,-15033.097251915264,15033.097251915264,15545.5,69.26000000000002,-1200.0,1039545.5,2015545.5
1095,-14869.724114258908,14869.724114258908,15399.0,88.38000000000001,2500.0,965399.0,2015399.0
1096,-14917.991755385356,14917.991755385356,15441.0,84.7757142857143,300.0,1009441.0,2015441.0
1097,-14833.40405082771,14833.40405082771,15333.5,64.50428571428573,-600.0,1027333.5,2015333.5
1098,-15203.049369464268,15203.049369464268,15746.0,95.56785714285718,-1400.0,1043746.0,2015746.0
1099,-15690.870360937708,15690.870360937708,16235.5,80.92357142857145,2100.0,974235.5,2016235.5
1100,-15361.764670824385,15361.764670824385,15882.0,63.02357142857144,2500.0,965882.0,2015882.0
1101,-15211.936786237085,15211.936786237085,15725.5,61.75500000000001,-2800.0,1071725.5,2015725.5
1102,-15296.042159433833,15296.042159433833,15804.0,59.344285714285725,4600.0,923804.0,2015804.0
1103,-14986.824512096702,14986.824512096702,15500.0,76.53500000000001,1900.0,977500.0,2015500.0
1104,-15265.774693827854,15265.774693827854,15792.5,84.41785714285717,1300.0,989792.5,2015792.5
1105,-15386.716777213118,15386.716777213118,15927.5,93.69071428571431,1600.0,983927.5,2015927.5
1106,-15508.623279935175,15508.623279935175,16045.5,82.71928571428573,2900.0,958045.5,2016045.5
1107,-15022.898801201281,15022.898801201281,15528.0,63.179285714285726,-4900.0,1113528.0,2015528.0
1108,-15434.00774387318,15434.00774387318,15950.0,60.982857142857156,1400.0,987950.0,2015950.0
1109,-15418.806376244178,15418.806376244178,15942.0,70.80142857142859,300.0,1009942.0,2015942.0
1110,-15119.87420568505,15119.87420568505,15637.5,72.19928571428572,-3400.0,1083637.5,2015637.5
1111,-15106.537388536346,15106.537388536346,15634.5,82.28214285714287,3400.0,947634.5,2015634.5
1112,-14936.955145350974,14936.955145350974,15456.0,78.4807142857143,-200.0,1019456.0,2015456.0
1113,-15044.453341533112,15044.453341533112,15559.0,73.51857142857145,700.0,1001559.0,2015559.0
1114,-15056.06801642115,15056.06801642115,15562.0,62.414285714285725,1300.0,989562.0,2015562.0
1115,-15124.059737098669,15124.059737098669,15643.0,74.24214285714287,1900.0,977643.0,2015643.0
1116,-15181.967410588524,15181.967410588524,15716.0,86.84071428571428,-2600.0,1067716.0,2015716.0
1117,-15269.883154756779,15269.883154756779,15785.5,67.28285714285715,2700.0,961785.5,2015785.5
1118,-15104.145050871164,15104.145050871164,15632.0,84.37571428571431,600.0,1003632.0,2015632.0
1119,-15377.100985000896,15377.100985000896,15881.0,57.75571428571429,-200.0,1019881.0,2015881.0
1120,-15551.323466175141,15551.323466175141,16081.5,71.3264285714286,-2000.0,1056081.5,2016081.5
1121,-14871.928659047338,14871.928659047338,15372.5,65.46000000000001,-100.0,1017372.5,2015372.5
1122,-15016.109967907278,15016.109967907278,15533.5,73.78642857142859,-2100.0,1057533.5,2015533.5
1123,-14598.435944165214,14598.435944165214,15097.0,72.76214285714286,-600.0,1027097.0,2015097.0
1124,-15340.284783144256,15340.284783144256,15867.0,72.11285714285715,1100.0,993867.0,2015867.0
1125,-14967.179955693837,14967.179955693837,15478.5,72.78285714285715,-3300.0,1081478.5,2015478.5
1126,-15177.507662114318,15177.507662114318,15704.0,77.92142857142858,1100.0,993704.0,2015704.0
1127,-15077.971599177647,15077.971599177647,15598.5,78.94785714285715,-1200.0,1039598.5,2015598.5
1128,-14826.024391469757,14826.024391469757,15370.5,108.02785714285717,-4400.0,1103370.5,2015370.5
1129,-15262.39074988191,15262.39074988191,15791.5,76.01928571428573,-2800.0,1071791.5,2015791.5
1130,-15176.428651170128,15176.428651170128,15677.5,58.13500000000002,100.0,1013677.5,2015677.5
1131,-15135.032975798025,15135.032975798025,15637.0,58.18500000000001,1100.0,993637.0,2015637.0
1132,-14746.576774850651,14746.576774850651,15287.5,104.32714285714286,-200.0,1019287.5,2015287.5
1133,-15122.473798233666,15122.473798233666,15652.0,83.87000000000002,-900.0,1033652.0,2015652.0
1134,-15132.937412402072,15132.937412402072,15644.0,62.976428571428585,2800.0,959644.0,2015644.0
1135,-15210.786721488093,15210.786721488093,15730.5,75.5707142857143,-3300.0,1081730.5,2015730.5
1136,-15442.761112685082,15442.761112685082,15973.5,78.35571428571431,1100.0,993973.5,2015973.5
1137,-15027.815176189579,15027.815176189579,15557.5,83.69428571428573,-4400.0,1103557.5,2015557.5
1138,-15292.822510281758,15292.822510281758,15818.0,74.92428571428573,5300.0,909818.0,2015818.0
1139,-14692.683748986572,14692.683748986572,15204.0,75.93428571428572,200.0,1011204.0,2015204.0
1140,-15209.23395518872,15209.23395518872,15723.5,64.25428571428573,1900.0,977723.5,2015723.5
1141,-15525.279607064651,15525.279607064651,16061.5,79.06428571428573,-1900.0,1054061.5,2016061.5
1142,-15214.097802447131,15214.097802447131,15745.5,84.21500000000002,-4000.0,1095745.5,2015745.5
1143,-14992.098632478499,14992.098632478499,15491.5,57.15857142857144,-1800.0,1051491.5,2015491.5
1144,-15180.050446790257,15180.050446790257,15723.0,89.25428571428573,2000.0,975723.0,2015723.0
1145,-15223.864139416795,15223.864139416795,15742.5,71.75500000000002,1700.0,981742.5,2015742.5
1146,-15139.00348167646,15139.00348167646,15668.0,84.02214285714288,-300.0,1021668.0,2015668.0
1147,-15449.478490376048,15449.478490376048,15963.5,59.908571428571435,1200.0,991963.5,2015963.5
1148,-15171.427359051482,15171.427359051482,15693.0,79.07428571428574,-2500.0,1065693.0,2015693.0
1149,-14839.451490493122,14839.451490493122,15358.5,80.38000000000001,-3000.0,1075358.5,2015358.5
1150,-15327.233107730091,15327.233107730091,15854.5,77.34428571428572,5000.0,915854.5,2015854.5
1151,-14879.611697887887,14879.611697887887,15380.0,60.203571428571436,-3900.0,1093380.0,2015380.0
1152,-15132.107475844827,15132.107475844827,15649.5,73.00428571428574,1100.0,993649.5,2015649.5
1153,-15148.608627869253,15148.608627869253,15676.5,81.555,2100.0,973676.5,2015676.5
1154,-15388.822485504803,15388.822485504803,15901.0,64.1407142857143,2700.0,961901.0,2015901.0
1155,-14873.611117098073,14873.611117098073,15369.0,60.013571428571446,3800.0,939369.0,2015369.0
1156,-15326.96122722777,15326.96122722777,15873.5,96.57500000000003,-2600.0,1067873.5,2015873.5
1157,-14923.586694772985,14923.586694772985,15471.5,105.27142857142859,1600.0,983471.5,2015471.5
1158,-15033.247514497965,15033.247514497965,15554.0,73.81785714285715,400.0,1007554.0,2015554.0
1159,-14712.39210487229,14712.39210487229,15214.5,66.67142857142858,1100.0,993214.5,2015214.5
1160,-14866.91881157961,14866.91881157961,15372.5,70.775,2700.0,961372.5,2015372.5
1161,-15054.762864512764,15054.762864512764,15559.5,62.19000000000001,-1500.0,1045559.5,2015559.5
1162,-15176.040676071705,15176.040676071705,15678.0,56.23357142857143,600.0,1003678.0,2015678.0
1163,-15103.555540983372,15103.555540983372,15632.0,90.75857142857146,3400.0,947632.0,2015632.0
1164,-15085.38701204232,15085.38701204232,15614.5,80.81571428571431,-2900.0,1073614.5,2015614.5
1165,-15297.33375722999,15297.33375722999,15819.0,71.75428571428573,-3300.0,1081819.0,2015819.0
1166,-14912.015282053955,14912.015282053955,15433.0,77.38642857142858,-4800.0,1111433.0,2015433.0
1167,-14706.34105258475,14706.34105258475,15234.0,90.00071428571431,7100.0,873234.0,2015234.0
1168,-14886.91881940097,14886.91881940097,15403.5,81.64928571428572,-1100.0,1037403.5,2015403.5
1169,-15350.913323238565,15350.913323238565,15883.5,72.58642857142858,800.0,999883.5,2015883.5
1170,-15445.881213133678,15445.881213133678,15981.0,80.86357142857145,-1700.0,1049981.0,2015981.0
1171,-15155.231622830903,15155.231622830903,15664.5,62.34642857142858,-800.0,1031664.5,2015664.5
1172,-15265.56302266462,15265.56302266462,15799.5,84.49928571428572,600.0,1003799.5,2015799.5
1173,-15119.483695883253,15119.483695883253,15645.5,78.54285714285716,400.0,1007645.5,2015645.5
1174,-15172.056260231162,15172.056260231162,15708.0,85.9207142857143,-5100.0,1117708.0,2015708.0
1175,-15347.384830914121,15347.384830914121,15853.5,48.35642857142858,1800.0,979853.5,2015853.5
1176,-14896.22875187792,14896.22875187792,15400.0,65.78357142857145,-1000.0,1035400.0,2015400.0
1177,-15062.131152835336,15062.131152835336,15591.5,85.89928571428574,4500.0,925591.5,2015591.5
1178,-14938.314223383757,14938.314223383757,15452.0,73.29714285714286,1200.0,991452.0,2015452.0
1179,-15195.024099695356,15195.024099695356,15713.0,70.625,1500.0,985713.0,2015713.0
1180,-15026.218540382182,15026.218540382182,15583.5,106.35714285714288,-400.0,1023583.5,2015583.5
1181,-15221.844507551894,15221.844507551894,15753.5,79.1007142857143,100.0,1013753.5,2015753.5
1182,-15161.52936152976,15161.52936152976,15686.5,75.78714285714288,-1100.0,1037686.5,2015686.5
1183,-15162.57271792358,15162.57271792358,15661.0,52.29142857142858,-100.0,1017661.0,2015661.0
1184,-15270.851662928111,15270.851662928111,15795.5,75.04928571428573,1100.0,993795.5,2015795.5
1185,-15052.856676348783,15052.856676348783,15592.0,87.125,-1100.0,1037592.0,2015592.0
1186,-15159.520184025318,15159.520184025318,15646.5,46.09928571428573,-1800.0,1051646.5,2015646.5
1187,-15053.231332661151,15053.231332661151,15563.0,69.89571428571429,-1200.0,1039563.0,2015563.0
1188,-15503.245886257031,15503.245886257031,16047.5,85.78285714285718,-1300.0,1042047.5,2016047.5
1189,-15142.79706584608,15142.79706584608,15691.0,97.7957142857143,1800.0,979691.0,2015691.0
1190,-14925.286857039875,14925.286857039875,15460.5,99.2907142857143,6100.0,893460.5,2015460.5
1191,-15517.531755382519,15517.531755382519,16049.5,71.51785714285715,1900.0,978049.5,2016049.5
1192,-14920.213399329332,14920.213399329332,15433.0,71.63928571428573,2000.0,975433.0,2015433.0
1193,-15187.238355994083,15187.238355994083,15712.0,77.2164285714286,-1000.0,1035712.0,2015712.0
1194,-15302.076058900504,15302.076058900504,15816.0,64.25714285714287,1100.0,993816.0,2015816.0
1195,-15346.39541215864,15346.39541215864,15856.5,60.04500000000001,-3100.0,1077856.5,2015856.5
1196,-14867.776913756283,14867.776913756283,15382.0,79.93357142857144,1900.0,977382.0,2015382.0
1197,-15164.355531039628,15164.355531039628,15702.5,81.57142857142858,2600.0,963702.5,2015702.5
1198,-15021.090635448785,15021.090635448785,15518.5,55.1507142857143,2200.0,971518.5,2015518.5
1199,-14704.547324218915,14704.547324218915,15227.5,87.12000000000003,800.0,999227.5,2015227.5
1200,-15357.4986479711,15357.4986479711,15863.5,54.867142857142866,1600.0,983863.5,2015863.5
1201,-15008.847717131048,15008.847717131048,15533.5,81.71071428571429,-1900.0,1053533.5,2015533.5
1202,-15157.879066235975,15157.879066235975,15684.5,77.21142857142858,-2200.0,1059684.5,2015684.5
1203,-15556.394178673065,15556.394178673065,16077.5,69.59214285714287,2100.0,974077.5,2016077.5
1204,-15251.692141683663,15251.692141683663,15757.0,58.467857142857156,100.0,1013757.0,2015757.0
1205,-14958.43809009936,14958.43809009936,15471.5,70.65142857142858,1100.0,993471.5,2015471.5
1206,-14837.722393009528,14837.722393009528,15356.5,81.05857142857144,1100.0,993356.5,2015356.5
1207,-15289.141608875665,15289.141608875665,15813.0,72.92428571428573,200.0,1011813.0,2015813.0
1208,-15153.93782884111,15153.93782884111,15662.5,57.941428571428574,-1300.0,1041662.5,2015662.5
1209,-15047.471310023844,15047.471310023844,15581.0,89.47857142857146,-2300.0,1061581.0,2015581.0
1210,-15362.507920226857,15362.507920226857,15898.0,78.00000000000001,-1800.0,1051898.0,2015898.0
1211,-15296.354011868454,15296.354011868454,15821.5,75.50642857142859,-2200.0,1059821.5,2015821.5
1212,-14991.07528248048,14991.07528248048,15484.0,57.36000000000001,2600.0,963484.0,2015484.0
1213,-14794.64828560648,14794.64828560648,15298.5,63.4707142857143,3600.0,943298.5,2015298.5
1214,-14763.645606061371,14763.645606061371,15269.5,70.84,600.0,1003269.5,2015269.5
1215,-15146.314179751289,15146.314179751289,15670.5,75.67857142857144,500.0,1005670.5,2015670.5
1216,-15322.388515021736,15322.388515021736,15850.0,80.46428571428572,-200.0,1019850.0,2015850.0
1217,-15246.097210385726,15246.097210385726,15783.0,85.79285714285717,-2100.0,1057783.0,2015783.0
1218,-14954.30871385078,14954.30871385078,15483.5,89.16928571428575,600.0,1003483.5,2015483.5
1219,-15201.438763319129,15201.438763319129,15713.5,61.257857142857155,-1500.0,1045713.5,2015713.5
1220,-15134.103278325783,15134.103278325783,15661.0,81.94642857142858,300.0,1009661.0,2015661.0
1221,-15083.531169690108,15083.531169690108,15595.0,66.15928571428572,-2600.0,1067595.0,2015595.0
1222,-15021.204916085951,15021.204916085951,15550.5,82.64357142857145,400.0,1007550.5,2015550.5
1223,-14769.286096044973,14769.286096044973,15279.0,76.66214285714287,-2200.0,1059279.0,2015279.0
1224,-14920.246667107178,14920.246667107178,15455.0,91.40714285714287,-800.0,1031455.0,2015455.0
1225,-15252.0454211812,15252.0454211812,15778.0,77.77428571428572,3500.0,945778.0,2015778.0
1226,-14971.428009391344,14971.428009391344,15487.0,74.34714285714287,700.0,1001487.0,2015487.0
1227,-15134.319140083357,15134.319140083357,15635.0,57.252142857142864,2700.0,961635.0,2015635.0
1228,-15215.343331308484,15215.343331308484,15729.5,67.46857142857144,-4500.0,1105729.5,2015729.5
1229,-15001.601230390603,15001.601230390603,15522.5,77.78285714285715,1400.0,987522.5,2015522.5
1230,-15382.111134869134,15382.111134869134,15905.5,78.49214285714287,-100.0,1017905.5,2015905.5
1231,-15304.150403598527,15304.150403598527,15845.0,88.98357142857145,-1400.0,1043845.0,2015845.0
1232,-15192.80605864567,15192.80605864567,15703.0,69.79000000000002,-500.0,1025703.0,2015703.0
1233,-14691.096148426124,14691.096148426124,15219.0,91.29857142857145,-1300.0,1041219.0,2015219.0
1234,-15407.434236528625,15407.434236528625,15932.5,72.58642857142857,-900.0,1033932.5,2015932.5
1235,-15086.994373538964,15086.994373538964,15608.5,73.42857142857144,-400.0,1023608.5,2015608.5
1236,-15226.018818593886,15226.018818593886,15744.0,73.27714285714288,-1300.0,1041744.0,2015744.0
1237,-15329.902607029328,15329.902607029328,15849.5,69.66857142857144,-2600.0,1067849.5,2015849.5
1238,-15201.553846222108,15201.553846222108,15706.5,55.73214285714287,2700.0,961706.5,2015706.5
1239,-14918.10224168272,14918.10224168272,15438.0,79.23642857142859,400.0,1007438.0,2015438.0
1240,-15132.151424362473,15132.151424362473,15647.5,66.03000000000002,2600.0,963647.5,2015647.5
1241,-15061.207088136787,15061.207088136787,15578.5,75.20785714285715,-600.0,1027578.5,2015578.5
1242,-15233.433448961983,15233.433448961983,15753.5,66.49714285714286,-4200.0,1099753.5,2015753.5
1243,-14899.720061582848,14899.720061582848,15414.0,72.83928571428572,2700.0,961414.0,2015414.0
1244,-15221.90003076585,15221.90003076585,15755.5,81.05357142857144,900.0,997755.5,2015755.5
1245,-14778.315772680557,14778.315772680557,15281.5,70.46000000000001,-2000.0,1055281.5,2015281.5
1246,-14805.08789745864,14805.08789745864,15313.0,70.4957142857143,-1500.0,1045313.0,2015313.0
1247,-15168.39891986,15168.39891986,15672.5,58.518571428571434,-3000.0,1075672.5,2015672.5
1248,-15285.503495105859,15285.503495105859,15801.0,66.45714285714287,-500.0,1025801.0,2015801.0
1249,-14976.015682550316,14976.015682550316,15516.5,93.37928571428573,-1700.0,1049516.5,2015516.5
1250,-15036.42046890963,15036.42046890963,15558.0,79.57714285714287,1500.0,985558.0,2015558.0
1251,-15310.230554859409,15310.230554859409,15825.0,64.24428571428572,400.0,1007825.0,2015825.0
1252,-15307.944683452155,15307.944683452155,15831.0,66.0307142857143,-2800.0,1071831.0,2015831.0
1253,-15023.160497518744,15023.160497518744,15526.0,62.133571428571436,1300.0,989526.0,2015526.0
1254,-15017.535008847986,15017.535008847986,15516.0,54.53857142857144,200.0,1011516.0,2015516.0
1255,-15108.971032305017,15108.971032305017,15619.5,59.71500000000002,2200.0,971619.5,2015619.5
1256,-15159.861703394898,15159.861703394898,15664.0,61.06000000000001,0.0,1015664.0,2015664.0
1257,-15053.685500963033,15053.685500963033,15588.0,91.44428571428574,-2000.0,1055588.0,2015588.0
1258,-15324.088677621186,15324.088677621186,15831.0,54.40928571428573,-1100.0,1037831.0,2015831.0
1259,-15350.312017451322,15350.312017451322,15861.5,61.20357142857144,3300.0,949861.5,2015861.5
1260,-14853.625074864156,14853.625074864156,15379.5,89.6307142857143,-1100.0,1037379.5,2015379.5
1261,-15150.128360319286,15150.128360319286,15660.0,60.125000000000014,-1500.0,1045660.0,2015660.0
1262,-15063.884836506488,15063.884836506488,15615.0,106.86571428571432,-1400.0,1043615.0,2015615.0
1263,-15371.861540605641,15371.861540605641,15876.0,51.96071428571429,200.0,1011876.0,2015876.0
1264,-15280.97240045471,15280.97240045471,15784.0,60.106428571428594,-3600.0,1087784.0,2015784.0
1265,-15327.897708936642,15327.897708936642,15844.5,67.21857142857144,1300.0,989844.5,2015844.5
1266,-14887.489531023144,14887.489531023144,15402.5,69.73357142857144,0.0,1015402.5,2015402.5
1267,-15008.484048699678,15008.484048699678,15531.0,77.61357142857143,2200.0,971531.0,2015531.0
1268,-15114.879628658095,15114.879628658095,15625.0,68.62714285714287,400.0,1007625.0,2015625.0
1269,-15408.992998174432,15408.992998174432,15929.0,59.48642857142859,1900.0,977929.0,2015929.0
1270,-14987.596121653929,14987.596121653929,15510.5,82.28357142857143,-2400.0,1063510.5,2015510.5
1271,-15078.713656678294,15078.713656678294,15625.0,103.56642857142859,3700.0,941625.0,2015625.0
1272,-15118.021980771942,15118.021980771942,15617.5,58.05285714285715,300.0,1009617.5,2015617.5
1273,-15204.57128922456,15204.57128922456,15704.0,53.86000000000001,1600.0,983704.0,2015704.0
1274,-15226.210672241657,15226.210672241657,15748.5,76.91642857142858,1300.0,989748.5,2015748.5
1275,-14978.269472613423,14978.269472613423,15517.0,93.77714285714288,3400.0,947517.0,2015517.0
1276,-15171.537021026354,15171.537021026354,15693.0,73.67857142857144,-1700.0,1049693.0,2015693.0
1277,-15203.212363407709,15203.212363407709,15729.5,79.95142857142858,-2200.0,1059729.5,2015729.5
1278,-14975.838134730551,14975.838134730551,15483.0,64.52285714285715,-100.0,1017483.0,2015483.0
1279,-15122.88595536142,15122.88595536142,15662.5,93.14785714285716,-2100.0,1057662.5,2015662.5
1280,-14849.4787055176,14849.4787055176,15359.0,69.71857142857145,-1400.0,1043359.0,2015359.0
1281,-14950.606122917921,14950.606122917921,15458.0,61.5757142857143,200.0,1011458.0,2015458.0
1282,-15001.967251789161,15001.967251789161,15518.0,74.02142857142859,900.0,997518.0,2015518.0
1283,-14850.310977458921,14850.310977458921,15367.0,75.28642857142859,1400.0,987367.0,2015367.0
1284,-15125.070285020814,15125.070285020814,15668.5,99.21214285714288,-2400.0,1063668.5,2015668.5
1285,-15062.955121402534,15062.955121402534,15585.5,81.32214285714286,1900.0,977585.5,2015585.5
1286,-15016.469569066547,15016.469569066547,15516.0,64.45214285714286,-3200.0,1079516.0,2015516.0
1287,-14848.490298801064,14848.490298801064,15373.5,84.87428571428573,3000.0,955373.5,2015373.5
1288,-15160.768706407074,15160.768706407074,15697.0,92.85642857142858,3300.0,949697.0,2015697.0
1289,-15086.169952808965,15086.169952808965,15634.0,96.16428571428573,800.0,999634.0,2015634.0
1290,-15176.888731333605,15176.888731333605,15689.5,71.20785714285716,-5500.0,1125689.5,2015689.5
1291,-14929.994322375762,14929.994322375762,15440.0,67.35642857142858,2100.0,973440.0,2015440.0
1292,-15225.88435893105,15225.88435893105,15743.5,62.37285714285716,3200.0,951743.5,2015743.5
1293,-14905.9651398527,14905.9651398527,15433.5,81.85214285714288,1500.0,985433.5,2015433.5
1294,-15219.621926188971,15219.621926188971,15760.5,91.17428571428573,-3100.0,1077760.5,2015760.5
1295,-14971.152957059947,14971.152957059947,15491.0,78.55714285714286,-2900.0,1073491.0,2015491.0
1296,-15301.544384211787,15301.544384211787,15817.0,64.74214285714288,-3200.0,1079817.0,2015817.0
1297,-15202.006450380632,15202.006450380632,15719.0,70.6057142857143,-2400.0,1063719.0,2015719.0
1298,-14946.921240509884,14946.921240509884,15463.5,76.84214285714287,0.0,1015463.5,2015463.5
1299,-15091.640670524906,15091.640670524906,15598.5,60.93357142857144,-1800.0,1051598.5,2015598.5
1300,-15092.03231341218,15092.03231341218,15585.0,45.13428571428572,-700.0,1029585.0,2015585.0
1301,-14628.27981204059,14628.27981204059,15142.0,83.38285714285716,300.0,1009142.0,2015142.0
1302,-15199.993117141945,15199.993117141945,15698.5,46.20428571428572,800.0,999698.5,2015698.5
1303,-14813.683866147348,14813.683866147348,15299.0,47.79000000000001,-100.0,1017299.0,2015299.0
1304,-15370.399164411374,15370.399164411374,15921.0,92.67142857142858,-2400.0,1063921.0,2015921.0
1305,-14927.743728179077,14927.743728179077,15441.5,73.46142857142857,-400.0,1023441.5,2015441.5
1306,-15418.516560536342,15418.516560536342,15951.0,78.35285714285715,600.0,1003951.0,2015951.0
1307,-15237.041266683102,15237.041266683102,15749.5,61.65285714285716,2300.0,969749.5,2015749.5
1308,-15124.849484748425,15124.849484748425,15637.0,67.46785714285716,-300.0,1021637.0,2015637.0
1309,-15203.460847630495,15203.460847630495,15722.0,72.67571428571429,-300.0,1021722.0,2015722.0
1310,-15398.735899850657,15398.735899850657,15927.0,75.67285714285715,0.0,1015927.0,2015927.0
1311,-15058.73882669686,15058.73882669686,15565.5,64.38642857142858,-2200.0,1059565.5,2015565.5
1312,-14986.222654372108,14986.222654372108,15488.5,64.55000000000001,600.0,1003488.5,2015488.5
1313,-15438.261103503279,15438.261103503279,15950.5,57.025714285714294,1900.0,977950.5,2015950.5
1314,-15235.599045862147,15235.599045862147,15763.5,82.92142857142858,2900.0,957763.5,2015763.5
1315,-15511.819617631045,15511.819617631045,16037.0,67.70214285714286,1900.0,978037.0,2016037.0
1316,-15102.2884823983,15102.2884823983,15612.5,66.23642857142858,1900.0,977612.5,2015612.5
1317,-15429.925042318839,15429.925042318839,15955.5,72.68928571428573,-4300.0,1101955.5,2015955.5
1318,-14910.232789779264,14910.232789779264,15433.0,82.61000000000001,-3500.0,1085433.0,2015433.0
1319,-15235.519326661386,15235.519326661386,15747.0,69.71785714285714,-2400.0,1063747.0,2015747.0
1320,-15066.708461230031,15066.708461230031,15588.5,75.02285714285716,-2400.0,1063588.5,2015588.5
1321,-14845.543009250105,14845.543009250105,15381.5,102.34714285714287,3800.0,939381.5,2015381.5
1322,-15449.912099824274,15449.912099824274,15962.5,61.274285714285725,3200.0,951962.5,2015962.5
1323,-14989.939105172296,14989.939105172296,15514.5,85.67214285714287,400.0,1007514.5,2015514.5
1324,-14835.203599132808,14835.203599132808,15340.5,65.3307142857143,-3200.0,1079340.5,2015340.5
1325,-15342.958791900124,15342.958791900124,15867.0,63.728571428571435,1400.0,987867.0,2015867.0
1326,-15184.85097286125,15184.85097286125,15707.5,77.60142857142858,-1900.0,1053707.5,2015707.5
1327,-14857.95733134752,14857.95733134752,15371.0,77.07785714285717,2000.0,975371.0,2015371.0
1328,-15129.394520123944,15129.394520123944,15631.5,58.20214285714287,1400.0,987631.5,2015631.5
1329,-14906.275804225344,14906.275804225344,15410.0,65.13428571428574,-1500.0,1045410.0,2015410.0
1330,-14902.3957476914,14902.3957476914,15421.0,82.06500000000001,-3200.0,1079421.0,2015421.0
1331,-14996.890011396586,14996.890011396586,15511.0,74.63857142857144,-2400.0,1063511.0,2015511.0
1332,-15167.295959030034,15167.295959030034,15722.0,98.95571428571431,-1800.0,1051722.0,2015722.0
1333,-15371.27673023169,15371.27673023169,15881.0,52.960714285714296,-900.0,1033881.0,2015881.0
1334,-15097.660023945333,15097.660023945333,15611.0,59.968571428571444,-400.0,1023611.0,2015611.0
1335,-14902.957660839407,14902.957660839407,15429.0,85.12000000000002,-1500.0,1045429.0,2015429.0
1336,-15065.997897033132,15065.997897033132,15597.5,86.20714285714287,2000.0,975597.5,2015597.5
1337,-15214.838581042597,15214.838581042597,15744.0,81.47428571428574,2100.0,973744.0,2015744.0
1338,-15017.825782414624,15017.825782414624,15531.0,67.56428571428572,200.0,1011531.0,2015531.0
1339,-15019.892339622613,15019.892339622613,15532.5,66.79785714285714,-800.0,1031532.5,2015532.5
1340,-15492.298525327678,15492.298525327678,16007.5,61.48428571428573,-2900.0,1074007.5,2016007.5
1341,-14984.655702640765,14984.655702640765,15519.0,94.04857142857145,1500.0,985519.0,2015519.0
1342,-15434.02151348395,15434.02151348395,15954.5,65.25357142857143,-2500.0,1065954.5,2015954.5
1343,-15003.711698931169,15003.711698931169,15520.5,72.74142857142859,1700.0,981520.5,2015520.5
1344,-14869.4313899082,14869.4313899082,15389.0,81.84214285714287,-400.0,1023389.0,2015389.0
1345,-14942.295262075895,14942.295262075895,15444.5,67.77785714285714,400.0,1007444.5,2015444.5
1346,-15298.550532602567,15298.550532602567,15845.5,91.92642857142857,-3700.0,1089845.5,2015845.5
1347,-15147.529485141798,15147.529485141798,15645.5,52.14214285714287,1500.0,985645.5,2015645.5
1348,-14875.712582037308,14875.712582037308,15392.5,79.01571428571431,-5700.0,1129392.5,2015392.5
1349,-15059.039414870462,15059.039414870462,15563.5,62.06142857142858,1200.0,991563.5,2015563.5
1350,-15155.297495035613,15155.297495035613,15692.0,86.18500000000002,-400.0,1023692.0,2015692.0
1351,-15089.171103004534,15089.171103004534,15621.0,80.91357142857143,-3100.0,1077621.0,2015621.0
1352,-14929.297284930475,14929.297284930475,15438.5,74.3414285714286,-3200.0,1079438.5,2015438.5
1353,-15249.300695830218,15249.300695830218,15776.5,73.90142857142858,2100.0,973776.5,2015776.5
1354,-15107.519134113296,15107.519134113296,15621.5,72.63928571428573,300.0,1009621.5,2015621.5
1355,-15231.625469810171,15231.625469810171,15766.0,83.11357142857145,1300.0,989766.0,2015766.0
1356,-15093.217368926162,15093.217368926162,15602.0,65.97142857142858,-1900.0,1053602.0,2015602.0
1357,-15108.848911885356,15108.848911885356,15643.5,95.10357142857146,1000.0,995643.5,2015643.5
1358,-15145.218222169993,15145.218222169993,15678.0,82.68285714285716,700.0,1001678.0,2015678.0
1359,-15208.337307798785,15208.337307798785,15732.5,73.21857142857144,-4300.0,1101732.5,2015732.5
1360,-15154.649208306058,15154.649208306058,15678.5,78.28785714285715,-500.0,1025678.5,2015678.5
1361,-15259.785866359825,15259.785866359825,15774.5,65.83142857142857,-1900.0,1053774.5,2015774.5
1362,-15174.26063842442,15174.26063842442,15712.5,86.16785714285716,2600.0,963712.5,2015712.5
1363,-15234.6084950768,15234.6084950768,15761.0,82.6007142857143,-4200.0,1099761.0,2015761.0
1364,-15046.35599323993,15046.35599323993,15566.0,77.57428571428574,-2100.0,1057566.0,2015566.0
1365,-14911.889414587498,14911.889414587498,15421.0,71.6364285714286,1800.0,979421.0,2015421.0
1366,-14871.197878511583,14871.197878511583,15369.0,57.3907142857143,1200.0,991369.0,2015369.0
1367,-15114.311031597972,15114.311031597972,15633.0,72.45357142857145,-1100.0,1037633.0,2015633.0
1368,-15004.55710818685,15004.55710818685,15545.0,99.2414285714286,-3600.0,1087545.0,2015545.0
1369,-15196.936808096678,15196.936808096678,15714.5,71.79285714285714,2300.0,969714.5,2015714.5
1370,-15153.304259010007,15153.304259010007,15666.5,65.6107142857143,-1300.0,1041666.5,2015666.5
1371,-15265.6328197129,15265.6328197129,15766.5,50.58000000000001,800.0,999766.5,2015766.5
1372,-14983.519911930254,14983.519911930254,15536.5,113.74500000000002,3700.0,941536.5,2015536.5
1373,-15107.00679760305,15107.00679760305,15618.5,60.80285714285715,600.0,1003618.5,2015618.5
1374,-15054.143824458319,15054.143824458319,15571.5,71.69000000000001,-3300.0,1081571.5,2015571.5
1375,-14874.444342343386,14874.444342343386,15371.5,63.94857142857144,-3300.0,1081371.5,2015371.5
1376,-15465.265176513847,15465.265176513847,15993.5,65.23714285714286,800.0,999993.5,2015993.5
1377,-15547.24886358822,15547.24886358822,16073.5,70.63142857142859,1100.0,994073.5,2016073.5
1378,-15540.865680515737,15540.865680515737,16071.5,71.29642857142858,-500.0,1026071.5,2016071.5
1379,-15367.496721872358,15367.496721872358,15878.0,63.07357142857144,-700.0,1029878.0,2015878.0
1380,-15170.654820937296,15170.654820937296,15687.5,73.87785714285715,-6500.0,1145687.5,2015687.5
1381,-15519.525188133048,15519.525188133048,16041.5,67.33571428571429,-700.0,1030041.5,2016041.5
1382,-15452.14165599123,15452.14165599123,15984.0,73.33142857142857,700.0,1001984.0,2015984.0
1383,-15347.394859319396,15347.394859319396,15866.0,71.6407142857143,-800.0,1031866.0,2015866.0
1384,-15303.627544686562,15303.627544686562,15821.0,66.525,2200.0,971821.0,2015821.0
1385,-14968.557837341094,14968.557837341094,15479.0,71.12428571428573,-300.0,1021479.0,2015479.0
1386,-15059.784503823012,15059.784503823012,15563.5,60.648571428571444,2100.0,973563.5,2015563.5
1387,-15352.558426124375,15352.558426124375,15871.0,68.03500000000003,700.0,1001871.0,2015871.0
1388,-14917.071551530982,14917.071551530982,15443.0,82.95785714285716,-1700.0,1049443.0,2015443.0
1389,-15143.980497998837,15143.980497998837,15678.5,85.95642857142859,-1700.0,1049678.5,2015678.5
1390,-14764.85053044655,14764.85053044655,15266.5,68.8357142857143,-100.0,1017266.5,2015266.5
1391,-15089.14307587313,15089.14307587313,15591.0,60.78928571428572,-400.0,1023591.0,2015591.0
1392,-15458.841504150909,15458.841504150909,15985.0,72.22000000000001,3100.0,953985.0,2015985.0
1393,-15009.668115862212,15009.668115862212,15527.0,73.74714285714286,0.0,1015527.0,2015527.0
1394,-15036.4964629289,15036.4964629289,15538.0,62.16000000000002,-500.0,1025538.0,2015538.0
1395,-15456.066391743107,15456.066391743107,15995.0,79.32500000000002,-3800.0,1091995.0,2015995.0
1396,-14729.775114752127,14729.775114752127,15247.5,85.10142857142858,3300.0,949247.5,2015247.5
1397,-15321.624283245234,15321.624283245234,15834.5,66.68285714285716,-200.0,1019834.5,2015834.5
1398,-15249.236122083685,15249.236122083685,15782.5,79.85857142857145,-3000.0,1075782.5,2015782.5
1399,-15230.795483750248,15230.795483750248,15763.5,81.53214285714287,1400.0,987763.5,2015763.5
1400,-15001.181085156571,15001.181085156571,15527.0,81.41714285714286,-4700.0,1109527.0,2015527.0
1401,-15239.831738581288,15239.831738581288,15752.5,61.06214285714286,1700.0,981752.5,2015752.5
1402,-15339.37094986238,15339.37094986238,15859.5,69.19285714285715,1000.0,995859.5,2015859.5
1403,-15435.375773237862,15435.375773237862,15949.0,58.32857142857144,1000.0,995949.0,2015949.0
1404,-14904.788044109067,14904.788044109067,15430.5,87.0214285714286,3500.0,945430.5,2015430.5
1405,-15042.71187060437,15042.71187060437,15576.0,91.65500000000002,-500.0,1025576.0,2015576.0
1406,-15179.877642760332,15179.877642760332,15693.0,63.600714285714304,900.0,997693.0,2015693.0
1407,-14884.758697635982,14884.758697635982,15418.5,88.03000000000002,-5300.0,1121418.5,2015418.5
1408,-15241.375840145112,15241.375840145112,15759.5,73.38857142857145,0.0,1015759.5,2015759.5
1409,-14928.463929422865,14928.463929422865,15456.5,82.76642857142858,-3500.0,1085456.5,2015456.5
1410,-15292.51200960344,15292.51200960344,15839.0,92.29357142857144,2500.0,965839.0,2015839.0
1411,-14850.069135555264,14850.069135555264,15369.0,84.52428571428572,600.0,1003369.0,2015369.0
1412,-14919.21824416961,14919.21824416961,15413.5,53.70571428571429,-2500.0,1065413.5,2015413.5
1413,-15302.138031049883,15302.138031049883,15823.5,73.46785714285717,-2900.0,1073823.5,2015823.5
1414,-14836.843742908914,14836.843742908914,15350.5,76.22500000000002,2200.0,971350.5,2015350.5
1415,-14953.607486296749,14953.607486296749,15476.0,83.00285714285715,-1700.0,1049476.0,2015476.0
1416,-14744.131279401954,14744.131279401954,15266.0,83.47357142857145,-500.0,1025266.0,2015266.0
1417,-15291.67068879754,15291.67068879754,15811.0,68.20357142857144,100.0,1013811.0,2015811.0
1418,-15096.356965020626,15096.356965020626,15604.5,57.7007142857143,800.0,999604.5,2015604.5
1419,-15254.326817815021,15254.326817815021,15793.0,87.8214285714286,-300.0,1021793.0,2015793.0
1420,-14913.05129276003,14913.05129276003,15436.0,78.50857142857143,3400.0,947436.0,2015436.0
1421,-15342.766579213998,15342.766579213998,15876.0,85.60714285714288,-100.0,1017876.0,2015876.0
1422,-15545.753360006536,15545.753360006536,16066.0,65.01357142857144,900.0,998066.0,2016066.0
1423,-14751.602426653259,14751.602426653259,15249.5,64.76357142857142,800.0,999249.5,2015249.5
1424,-15204.909993739668,15204.909993739668,15702.5,55.79928571428572,2400.0,967702.5,2015702.5
1425,-15199.432494174696,15199.432494174696,15710.5,66.91714285714288,4400.0,927710.5,2015710.5
1426,-15489.781789331711,15489.781789331711,16004.0,66.45285714285716,-4200.0,1100004.0,2016004.0
1427,-14938.342425416065,14938.342425416065,15436.5,60.06785714285715,-600.0,1027436.5,2015436.5
1428,-15098.733944423217,15098.733944423217,15627.5,90.61142857142859,1200.0,991627.5,2015627.5
1429,-15306.887377650455,15306.887377650455,15814.5,57.01857142857145,-800.0,1031814.5,2015814.5
1430,-15171.232961375283,15171.232961375283,15687.5,73.21285714285716,3500.0,945687.5,2015687.5
1431,-15233.425831289765,15233.425831289765,15741.5,55.463571428571434,-3300.0,1081741.5,2015741.5
1432,-15302.787334400427,15302.787334400427,15832.5,81.24928571428573,-400.0,1023832.5,2015832.5
1433,-15020.15914937688,15020.15914937688,15541.5,75.53428571428573,-300.0,1021541.5,2015541.5
1434,-14678.924758719026,14678.924758719026,15193.0,75.85642857142858,-3000.0,1075193.0,2015193.0
1435,-15415.68598915457,15415.68598915457,15935.0,69.94285714285715,400.0,1007935.0,2015935.0
1436,-15111.898700253478,15111.898700253478,15624.5,68.3257142857143,-1300.0,1041624.5,2015624.5
1437,-15082.889163696516,15082.889163696516,15585.5,58.860714285714295,-700.0,1029585.5,2015585.5
1438,-15162.332576769128,15162.332576769128,15682.5,70.32857142857144,3600.0,943682.5,2015682.5
1439,-15087.452910116359,15087.452910116359,15640.0,105.53857142857146,-6400.0,1143640.0,2015640.0
1440,-14855.345246357801,14855.345246357801,15412.5,117.99000000000002,-3700.0,1089412.5,2015412.5
1441,-15387.082371359938,15387.082371359938,15910.5,69.44857142857143,1700.0,981910.5,2015910.5
1442,-15083.813318771565,15083.813318771565,15598.0,70.80714285714288,-2800.0,1071598.0,2015598.0
1443,-15176.8929732277,15176.8929732277,15692.0,63.76785714285715,1000.0,995692.0,2015692.0
1444,-14814.678081442733,14814.678081442733,15317.0,68.65428571428573,-1100.0,1037317.0,2015317.0
1445,-15267.179466256508,15267.179466256508,15789.5,73.91428571428574,-4200.0,1099789.5,2015789.5
1446,-15500.522074212584,15500.522074212584,16028.5,72.31785714285716,-900.0,1034028.5,2016028.5
1447,-15024.62353922614,15024.62353922614,15552.5,81.96000000000002,-300.0,1021552.5,2015552.5
1448,-15156.60748918476,15156.60748918476,15667.5,61.32785714285714,0.0,1015667.5,2015667.5
1449,-15218.482615501049,15218.482615501049,15758.0,91.74428571428574,1700.0,981758.0,2015758.0
1450,-15151.091994494844,15151.091994494844,15683.0,84.75285714285715,-700.0,1029683.0,2015683.0
1451,-15097.29023035744,15097.29023035744,15623.0,82.13142857142859,-800.0,1031623.0,2015623.0
1452,-15003.261649069404,15003.261649069404,15493.0,54.54214285714287,1800.0,979493.0,2015493.0
1453,-14971.00340420886,14971.00340420886,15494.0,86.29,-5600.0,1127494.0,2015494.0
1454,-15518.964611030868,15518.964611030868,16037.5,64.29714285714287,-600.0,1028037.5,2016037.5
1455,-15395.58528613324,15395.58528613324,15916.5,72.09071428571431,1100.0,993916.5,2015916.5
1456,-15351.406506500529,15351.406506500529,15885.5,82.61571428571432,-900.0,1033885.5,2015885.5
1457,-15042.421532279499,15042.421532279499,15567.5,79.5607142857143,-300.0,1021567.5,2015567.5
1458,-15169.668140829384,15169.668140829384,15691.5,69.56714285714287,2000.0,975691.5,2015691.5
1459,-14948.306327103392,14948.306327103392,15464.5,79.27285714285716,1300.0,989464.5,2015464.5
1460,-15193.00622161793,15193.00622161793,15712.0,70.24428571428572,3600.0,943712.0,2015712.0
1461,-15213.516796409145,15213.516796409145,15711.5,56.56571428571429,-2700.0,1069711.5,2015711.5
1462,-15009.920432231229,15009.920432231229,15521.5,71.69428571428573,-2200.0,1059521.5,2015521.5
1463,-14930.716797016234,14930.716797016234,15439.5,68.74857142857144,2800.0,959439.5,2015439.5
1464,-14970.938926669542,14970.938926669542,15482.0,75.33000000000001,2200.0,971482.0,2015482.0
1465,-15140.815235153485,15140.815235153485,15657.0,69.56428571428573,-500.0,1025657.0,2015657.0
1466,-15153.043022576945,15153.043022576945,15690.5,82.89214285714287,2300.0,969690.5,2015690.5
1467,-15282.951799753395,15282.951799753395,15807.0,69.46857142857144,-1000.0,1035807.0,2015807.0
1468,-15143.981290327194,15143.981290327194,15681.0,92.89928571428574,1000.0,995681.0,2015681.0
1469,-15102.728544131594,15102.728544131594,15632.0,80.19357142857143,2300.0,969632.0,2015632.0
1470,-14918.513940330746,14918.513940330746,15407.0,47.770714285714284,-500.0,1025407.0,2015407.0
1471,-14953.642929906446,14953.642929906446,15490.0,96.89428571428574,-1200.0,1039490.0,2015490.0
1472,-15149.727970404265,15149.727970404265,15674.5,81.645,3300.0,949674.5,2015674.5
1473,-14838.34712839931,14838.34712839931,15354.5,75.88428571428572,3100.0,953354.5,2015354.5
1474,-15027.877473040662,15027.877473040662,15549.0,76.21142857142858,-200.0,1019549.0,2015549.0
1475,-15328.497958462387,15328.497958462387,15849.5,68.14428571428573,-1300.0,1041849.5,2015849.5
1476,-15033.566160625796,15033.566160625796,15569.5,95.22214285714287,800.0,999569.5,2015569.5
1477,-15017.02616916749,15017.02616916749,15516.5,57.672142857142866,-1100.0,1037516.5,2015516.5
1478,-15024.219567214166,15024.219567214166,15545.5,82.79642857142858,-2800.0,1071545.5,2015545.5
1479,-14980.201057750468,14980.201057750468,15470.0,48.7357142857143,1300.0,989470.0,2015470.0
1480,-14896.485224430256,14896.485224430256,15414.5,73.23857142857145,1900.0,977414.5,2015414.5
1481,-15082.357743193248,15082.357743193248,15594.0,66.41142857142859,700.0,1001594.0,2015594.0
1482,-15246.932446091967,15246.932446091967,15773.5,77.62214285714288,4200.0,931773.5,2015773.5
1483,-15179.437214778893,15179.437214778893,15686.0,58.7607142857143,1900.0,977686.0,2015686.0
1484,-14996.784079530815,14996.784079530815,15544.0,95.48642857142859,4700.0,921544.0,2015544.0
1485,-15468.2554597226,15468.2554597226,16006.5,78.36357142857145,-3900.0,1094006.5,2016006.5
1486,-15248.205091518814,15248.205091518814,15790.0,89.65357142857145,-2300.0,1061790.0,2015790.0
1487,-14991.301478348101,14991.301478348101,15543.5,108.58500000000002,-4900.0,1113543.5,2015543.5
1488,-15086.644474505038,15086.644474505038,15615.5,80.65142857142858,2100.0,973615.5,2015615.5
1489,-15039.144149296917,15039.144149296917,15563.0,80.9607142857143,900.0,997563.0,2015563.0
1490,-15351.170456634241,15351.170456634241,15865.5,63.32500000000002,-3100.0,1077865.5,2015865.5
1491,-15148.110716007515,15148.110716007515,15658.5,60.93928571428572,0.0,1015658.5,2015658.5
1492,-15004.457015106891,15004.457015106891,15526.5,77.21714285714287,-400.0,1023526.5,2015526.5
1493,-15612.663789369975,15612.663789369975,16149.5,82.7414285714286,-2300.0,1062149.5,2016149.5
1494,-14682.928503195399,14682.928503195399,15213.0,93.10857142857144,200.0,1011213.0,2015213.0
1495,-14854.098703880674,14854.098703880674,15379.5,84.11357142857145,-4200.0,1099379.5,2015379.5
1496,-14843.528209883541,14843.528209883541,15335.5,58.282142857142865,500.0,1005335.5,2015335.5
1497,-14866.188482287642,14866.188482287642,15355.0,56.057142857142864,-900.0,1033355.0,2015355.0
1498,-14814.526336383755,14814.526336383755,15328.5,80.05785714285717,1200.0,991328.5,2015328.5
1499,-15017.193125422784,15017.193125422784,15533.0,74.21714285714287,-1200.0,1039533.0,2015533.0
1500,-15080.909871518223,15080.909871518223,15584.0,57.76785714285715,2700.0,961584.0,2015584.0
1501,-14860.824102452305,14860.824102452305,15355.0,58.498571428571445,800.0,999355.0,2015355.0
1502,-15128.581206047376,15128.581206047376,15636.5,65.36857142857144,3800.0,939636.5,2015636.5
1503,-15123.572964029123,15123.572964029123,15647.0,77.4514285714286,1000.0,995647.0,2015647.0
1504,-14960.145635546098,14960.145635546098,15466.0,63.19928571428572,-1200.0,1039466.0,2015466.0
1505,-14870.70143371254,14870.70143371254,15389.0,80.43285714285716,-700.0,1029389.0,2015389.0
1506,-15139.062329130033,15139.062329130033,15658.5,72.98428571428573,-4000.0,1095658.5,2015658.5
1507,-15222.323138674134,15222.323138674134,15748.0,86.59500000000001,1100.0,993748.0,2015748.0
1508,-14983.300733855753,14983.300733855753,15494.5,66.44000000000001,2200.0,971494.5,2015494.5
1509,-14992.214507763192,14992.214507763192,15500.5,72.12071428571431,-3100.0,1077500.5,2015500.5
1510,-15088.877009011565,15088.877009011565,15593.5,61.53428571428572,3600.0,943593.5,2015593.5
1511,-15424.411821320391,15424.411821320391,15947.5,68.49071428571432,-1700.0,1049947.5,2015947.5
1512,-14978.704616182644,14978.704616182644,15509.0,89.47285714285715,-100.0,1017509.0,2015509.0
1513,-15166.898406595017,15166.898406595017,15692.5,80.20500000000001,-2200.0,1059692.5,2015692.5
1514,-15255.459077834592,15255.459077834592,15800.5,94.47785714285716,-3700.0,1089800.5,2015800.5
1515,-15128.379811848783,15128.379811848783,15641.0,64.4457142857143,-600.0,1027641.0,2015641.0
1516,-14984.641920066042,14984.641920066042,15483.0,59.265714285714296,-2300.0,1061483.0,2015483.0
1517,-15404.641008123144,15404.641008123144,15918.5,63.37642857142859,-4000.0,1095918.5,2015918.5
1518,-14947.075258441535,14947.075258441535,15451.5,64.68428571428572,400.0,1007451.5,2015451.5
1519,-14947.820815465122,14947.820815465122,15447.5,62.00857142857143,1400.0,987447.5,2015447.5
1520,-15029.801122433915,15029.801122433915,15533.5,60.52714285714286,-1800.0,1051533.5,2015533.5
1521,-15303.404016320288,15303.404016320288,15813.0,61.25571428571429,-2700.0,1069813.0,2015813.0
1522,-15100.031250896922,15100.031250896922,15641.5,96.69785714285716,-2000.0,1055641.5,2015641.5
1523,-15048.234042687403,15048.234042687403,15565.5,69.27428571428572,3000.0,955565.5,2015565.5
1524,-15104.560277941662,15104.560277941662,15642.0,93.62285714285716,3700.0,941642.0,2015642.0
1525,-15065.788301068224,15065.788301068224,15588.5,75.94428571428573,2600.0,963588.5,2015588.5
1526,-15043.0147074889,15043.0147074889,15553.5,68.70214285714287,-5900.0,1133553.5,2015553.5
1527,-15236.753528530324,15236.753528530324,15758.5,73.95357142857145,1400.0,987758.5,2015758.5
1528,-15365.617576474993,15365.617576474993,15882.0,71.30785714285716,2900.0,957882.0,2015882.0
1529,-15496.304508720166,15496.304508720166,16014.5,61.937857142857155,-200.0,1020014.5,2016014.5
1530,-14940.354202294404,14940.354202294404,15496.0,114.96714285714289,4000.0,935496.0,2015496.0
1531,-15016.738670915376,15016.738670915376,15534.5,74.41714285714286,2800.0,959534.5,2015534.5
1532,-15206.415945311655,15206.415945311655,15703.0,51.22285714285715,1200.0,991703.0,2015703.0
1533,-14914.91209778029,14914.91209778029,15474.0,111.65000000000003,-1700.0,1049474.0,2015474.0
1534,-15248.859943168416,15248.859943168416,15768.5,69.39357142857145,2000.0,975768.5,2015768.5
1535,-14879.16749983441,14879.16749983441,15431.5,111.37785714285717,2600.0,963431.5,2015431.5
1536,-14898.593962826491,14898.593962826491,15419.0,82.9357142857143,-700.0,1029419.0,2015419.0
1537,-15005.88071078152,15005.88071078152,15528.5,77.02500000000002,-2900.0,1073528.5,2015528.5
1538,-14940.711582219363,14940.711582219363,15475.5,90.48928571428573,-2700.0,1069475.5,2015475.5
1539,-15435.387776588672,15435.387776588672,15965.0,75.94500000000002,-1000.0,1035965.0,2015965.0
1540,-15349.862061853473,15349.862061853473,15885.5,84.26428571428573,-4100.0,1097885.5,2015885.5
1541,-14938.627603851844,14938.627603851844,15440.5,64.89928571428572,-1800.0,1051440.5,2015440.5
1542,-15066.021254495132,15066.021254495132,15591.0,73.62071428571429,-200.0,1019591.0,2015591.0
1543,-15458.52089435041,15458.52089435041,15976.5,64.27071428571429,1400.0,987976.5,2015976.5
1544,-15495.618177030776,15495.618177030776,16035.5,83.78642857142859,2400.0,968035.5,2016035.5
1545,-15127.750923257696,15127.750923257696,15650.5,80.45928571428573,-1900.0,1053650.5,2015650.5
1546,-15212.960572253198,15212.960572253198,15735.0,70.5157142857143,3200.0,951735.0,2015735.0
1547,-15003.852994661394,15003.852994661394,15545.5,95.10857142857145,4300.0,929545.5,2015545.5
1548,-15054.117108324073,15054.117108324073,15578.0,80.01285714285717,-800.0,1031578.0,2015578.0
1549,-15013.724746608648,15013.724746608648,15526.5,74.40214285714288,3000.0,955526.5,2015526.5
1550,-14997.21883298197,14997.21883298197,15523.0,81.86428571428573,3400.0,947523.0,2015523.0
1551,-15020.391374476727,15020.391374476727,15555.5,99.54928571428573,2000.0,975555.5,2015555.5
1552,-15067.856049056743,15067.856049056743,15589.0,73.56928571428571,1800.0,979589.0,2015589.0
1553,-15120.838454843748,15120.838454843748,15667.0,99.1157142857143,-1500.0,1045667.0,2015667.0
1554,-15335.342026890768,15335.342026890768,15847.0,61.313571428571436,-2900.0,1073847.0,2015847.0
1555,-15217.033400357352,15217.033400357352,15714.0,50.58571428571429,-800.0,1031714.0,2015714.0
1556,-15409.042329117507,15409.042329117507,15920.5,59.313571428571436,1200.0,991920.5,2015920.5
1557,-14966.004101311431,14966.004101311431,15492.5,87.1407142857143,-3500.0,1085492.5,2015492.5
1558,-14984.47643354518,14984.47643354518,15487.0,65.1957142857143,500.0,1005487.0,2015487.0
1559,-14946.383034426983,14946.383034426983,15448.5,69.03428571428572,3100.0,953448.5,2015448.5
1560,-15496.288581420871,15496.288581420871,16025.0,70.64428571428573,-1100.0,1038025.0,2016025.0
1561,-15303.654162348848,15303.654162348848,15823.0,66.27285714285716,6300.0,889823.0,2015823.0
1562,-15044.428037254558,15044.428037254558,15603.0,113.82000000000002,-3600.0,1087603.0,2015603.0
1563,-15136.469328774523,15136.469328774523,15645.5,64.09857142857143,-300.0,1021645.5,2015645.5
1564,-15153.30151004448,15153.30151004448,15670.0,69.88714285714288,1400.0,987670.0,2015670.0
1565,-14883.262465201517,14883.262465201517,15381.0,58.02857142857144,-2400.0,1063381.0,2015381.0
1566,-14941.343024742393,14941.343024742393,15480.0,95.59642857142859,-4100.0,1097480.0,2015480.0
1567,-15106.431687615728,15106.431687615728,15616.5,64.55857142857144,-3600.0,1087616.5,2015616.5
1568,-15260.557096410235,15260.557096410235,15795.0,81.4207142857143,1900.0,977795.0,2015795.0
1569,-15595.81799554904,15595.81799554904,16107.5,53.52500000000001,0.0,1016107.5,2016107.5
1570,-15240.62461011779,15240.62461011779,15767.0,84.28428571428573,-4600.0,1107767.0,2015767.0
1571,-14742.833361954876,14742.833361954876,15247.0,69.80285714285716,1300.0,989247.0,2015247.0
1572,-15118.817140091898,15118.817140091898,15618.5,60.88571428571429,4000.0,935618.5,2015618.5
1573,-15016.770076330587,15016.770076330587,15534.0,73.245,3400.0,947534.0,2015534.0
1574,-15022.033697811032,15022.033697811032,15526.0,61.96642857142858,2500.0,965526.0,2015526.0
1575,-14953.31128998778,14953.31128998778,15455.0,60.46500000000001,-400.0,1023455.0,2015455.0
1576,-15210.712250688335,15210.712250688335,15733.0,68.28071428571431,2300.0,969733.0,2015733.0
1577,-15166.567828615765,15166.567828615765,15686.0,75.19928571428574,2700.0,961686.0,2015686.0
1578,-15164.251151938004,15164.251151938004,15674.0,66.49714285714286,-300.0,1021674.0,2015674.0
1579,-15369.110121555961,15369.110121555961,15871.0,50.057857142857145,3900.0,937871.0,2015871.0
1580,-15213.735898012656,15213.735898012656,15721.0,63.46571428571429,600.0,1003721.0,2015721.0
1581,-15283.523296368354,15283.523296368354,15798.5,63.844285714285725,-800.0,1031798.5,2015798.5
1582,-14934.54870292241,14934.54870292241,15448.5,73.83285714285715,-700.0,1029448.5,2015448.5
1583,-15471.250007116967,15471.250007116967,15996.5,69.03785714285715,700.0,1001996.5,2015996.5
1584,-14938.765861842781,14938.765861842781,15448.5,71.17857142857144,700.0,1001448.5,2015448.5
1585,-15317.753243020667,15317.753243020667,15858.5,88.99785714285717,-2600.0,1067858.5,2015858.5
1586,-14856.681643296399,14856.681643296399,15389.0,91.64142857142858,-2800.0,1071389.0,2015389.0
1587,-15232.157992712222,15232.157992712222,15767.5,81.78857142857144,-5500.0,1125767.5,2015767.5
1588,-15231.023661716186,15231.023661716186,15749.0,67.37928571428573,-500.0,1025749.0,2015749.0
1589,-15248.391631581308,15248.391631581308,15770.5,74.75428571428573,-1000.0,1035770.5,2015770.5
1590,-15213.097842688045,15213.097842688045,15755.0,91.02500000000002,2000.0,975755.0,2015755.0
1591,-15284.648423769431,15284.648423769431,15819.0,86.60785714285716,1600.0,983819.0,2015819.0
1592,-15030.869348801174,15030.869348801174,15544.0,74.66214285714287,4100.0,933544.0,2015544.0
1593,-14961.570751086088,14961.570751086088,15465.5,63.80500000000001,600.0,1003465.5,2015465.5
1594,-15261.241371748907,15261.241371748907,15793.5,81.70642857142859,-1200.0,1039793.5,2015793.5
1595,-15242.895312128494,15242.895312128494,15793.5,98.44857142857146,3100.0,953793.5,2015793.5
1596,-14813.433020345132,14813.433020345132,15317.0,64.92857142857143,500.0,1005317.0,2015317.0
1597,-15337.851788843047,15337.851788843047,15842.0,55.461428571428584,0.0,1015842.0,2015842.0
1598,-15015.459009414024,15015.459009414024,15523.0,67.61500000000001,500.0,1005523.0,2015523.0
1599,-15322.64468529487,15322.64468529487,15830.5,55.17500000000001,-1000.0,1035830.5,2015830.5
1600,-15082.741939893125,15082.741939893125,15594.5,66.5157142857143,-200.0,1019594.5,2015594.5
1601,-15289.505888421729,15289.505888421729,15809.5,76.89285714285717,2600.0,963809.5,2015809.5
1602,-14983.687836985926,14983.687836985926,15512.0,86.4157142857143,200.0,1011512.0,2015512.0
1603,-14993.102347282093,14993.102347282093,15486.5,59.655714285714296,-1900.0,1053486.5,2015486.5
1604,-15075.158069177833,15075.158069177833,15603.5,89.25357142857145,800.0,999603.5,2015603.5
1605,-15071.972955491548,15071.972955491548,15573.5,63.36142857142859,-5800.0,1131573.5,2015573.5
1606,-15138.344169504866,15138.344169504866,15639.5,57.48928571428573,200.0,1011639.5,2015639.5
1607,-15003.375698893728,15003.375698893728,15554.5,104.11142857142859,-2000.0,1055554.5,2015554.5
1608,-14962.906917153541,14962.906917153541,15463.5,62.27500000000001,0.0,1015463.5,2015463.5
1609,-14718.014569987146,14718.014569987146,15212.5,65.65285714285716,100.0,1013212.5,2015212.5
1610,-15212.699595336977,15212.699595336977,15740.0,82.1407142857143,-1000.0,1035740.0,2015740.0
1611,-15017.752713008405,15017.752713008405,15557.0,101.81928571428574,-500.0,1025557.0,2015557.0
1612,-14955.530538228173,14955.530538228173,15453.0,63.69071428571429,-1300.0,1041453.0,2015453.0
1613,-14935.981614408549,14935.981614408549,15450.5,70.305,-900.0,1033450.5,2015450.5
1614,-15131.390554033984,15131.390554033984,15629.0,55.67785714285715,100.0,1013629.0,2015629.0
1615,-15050.535510746722,15050.535510746722,15545.0,53.068571428571445,-900.0,1033545.0,2015545.0
1616,-14851.013986914988,14851.013986914988,15346.5,55.12357142857144,-1000.0,1035346.5,2015346.5
1617,-15185.220604090046,15185.220604090046,15704.0,72.25357142857145,-1300.0,1041704.0,2015704.0
1618,-15272.771707815391,15272.771707815391,15795.0,69.97857142857144,-3100.0,1077795.0,2015795.0
1619,-15143.246042465367,15143.246042465367,15660.0,71.28500000000001,-1900.0,1053660.0,2015660.0
1620,-15178.29497990504,15178.29497990504,15713.5,87.65214285714289,3600.0,943713.5,2015713.5
1621,-15104.991018610484,15104.991018610484,15637.0,82.81142857142859,-3200.0,1079637.0,2015637.0
1622,-15309.42693901409,15309.42693901409,15843.5,83.81785714285715,300.0,1009843.5,2015843.5
1623,-15240.816412180802,15240.816412180802,15742.0,55.482142857142875,-100.0,1017742.0,2015742.0
1624,-14892.526670980038,14892.526670980038,15419.0,80.48357142857145,1400.0,987419.0,2015419.0
1625,-14949.189912091526,14949.189912091526,15480.0,87.29428571428573,2300.0,969480.0,2015480.0
1626,-14893.52557965333,14893.52557965333,15423.5,90.60428571428574,2400.0,967423.5,2015423.5
1627,-15439.58330226912,15439.58330226912,15975.0,84.93214285714286,1700.0,981975.0,2015975.0
1628,-14973.602684298381,14973.602684298381,15489.5,75.28214285714287,800.0,999489.5,2015489.5
1629,-15167.11892100174,15167.11892100174,15684.0,68.00857142857144,-100.0,1017684.0,2015684.0
1630,-14782.731734017185,14782.731734017185,15311.0,94.59000000000002,-3000.0,1075311.0,2015311.0
1631,-15308.154223037553,15308.154223037553,15831.0,73.9814285714286,-1100.0,1037831.0,2015831.0
1632,-15251.99782883847,15251.99782883847,15757.5,55.55428571428573,-400.0,1023757.5,2015757.5
1633,-15056.723434903977,15056.723434903977,15586.5,83.65357142857145,3700.0,941586.5,2015586.5
1634,-15286.642885155454,15286.642885155454,15794.0,56.90000000000001,-100.0,1017794.0,2015794.0
1635,-15023.409810312816,15023.409810312816,15539.5,71.16857142857145,-700.0,1029539.5,2015539.5
1636,-15035.016042346873,15035.016042346873,15538.0,63.61928571428573,-6000.0,1135538.0,2015538.0
1637,-14849.313516350705,14849.313516350705,15350.5,62.7557142857143,900.0,997350.5,2015350.5
1638,-15481.98865649796,15481.98865649796,15993.5,53.6957142857143,-400.0,1023993.5,2015993.5
1639,-15376.23017300873,15376.23017300873,15925.5,96.93,1300.0,989925.5,2015925.5
1640,-15405.4181369251,15405.4181369251,15904.0,47.259285714285724,-400.0,1023904.0,2015904.0
1641,-14967.542325912704,14967.542325912704,15471.0,61.86857142857144,3500.0,945471.0,2015471.0
1642,-15095.032689489086,15095.032689489086,15639.5,99.1457142857143,-1300.0,1041639.5,2015639.5
1643,-15016.573506553601,15016.573506553601,15525.0,67.77928571428572,1900.0,977525.0,2015525.0
1644,-14954.746437533227,14954.746437533227,15476.5,80.49500000000002,-2100.0,1057476.5,2015476.5
1645,-15020.190365731924,15020.190365731924,15532.5,74.25000000000001,3000.0,955532.5,2015532.5
1646,-15063.175911107512,15063.175911107512,15586.5,77.74357142857144,-3700.0,1089586.5,2015586.5
1647,-15126.223078369118,15126.223078369118,15627.0,57.14571428571429,1900.0,977627.0,2015627.0
1648,-14995.79145124405,14995.79145124405,15508.5,69.77428571428572,-4200.0,1099508.5,2015508.5
1649,-14659.543785815727,14659.543785815727,15179.5,80.14500000000001,-3800.0,1091179.5,2015179.5
1650,-14928.304112293728,14928.304112293728,15460.0,90.07714285714289,1500.0,985460.0,2015460.0
1651,-14922.682198917755,14922.682198917755,15415.0,51.067142857142855,-1000.0,1035415.0,2015415.0
1652,-15138.89576430342,15138.89576430342,15655.5,70.09928571428571,2000.0,975655.5,2015655.5
1653,-14962.64277095261,14962.64277095261,15472.5,71.78142857142859,800.0,999472.5,2015472.5
1654,-15499.799397515359,15499.799397515359,16036.0,76.9564285714286,400.0,1008036.0,2016036.0
1655,-15187.021546821583,15187.021546821583,15712.0,74.635,-2000.0,1055712.0,2015712.0
1656,-15251.483568937478,15251.483568937478,15774.0,73.81642857142859,1500.0,985774.0,2015774.0
1657,-15037.152659180676,15037.152659180676,15548.5,70.1107142857143,3100.0,953548.5,2015548.5
1658,-15335.670080372824,15335.670080372824,15886.5,97.47500000000002,-700.0,1029886.5,2015886.5
1659,-15147.566784955257,15147.566784955257,15674.0,79.69714285714288,-1400.0,1043674.0,2015674.0
1660,-15092.895675954349,15092.895675954349,15607.5,69.64214285714289,1900.0,977607.5,2015607.5
1661,-15194.810936527498,15194.810936527498,15748.5,107.63285714285716,2500.0,965748.5,2015748.5
1662,-15277.79805610815,15277.79805610815,15817.5,89.1457142857143,-3600.0,1087817.5,2015817.5
1663,-14810.366301271522,14810.366301271522,15331.0,81.69928571428574,700.0,1001331.0,2015331.0
1664,-14926.108556501447,14926.108556501447,15457.0,87.18,2800.0,959457.0,2015457.0
1665,-15216.131812421152,15216.131812421152,15745.0,75.23500000000001,1100.0,993745.0,2015745.0
1666,-15168.545421711286,15168.545421711286,15670.0,59.20500000000002,2200.0,971670.0,2015670.0
1667,-15409.868312588711,15409.868312588711,15922.0,61.143571428571434,1800.0,979922.0,2015922.0
1668,-15564.556597533341,15564.556597533341,16111.0,90.71571428571431,2100.0,974111.0,2016111.0
1669,-15180.781075169374,15180.781075169374,15689.5,61.91928571428572,-1900.0,1053689.5,2015689.5
1670,-15113.733826458349,15113.733826458349,15630.5,74.11428571428573,1500.0,985630.5,2015630.5
1671,-15049.605042734976,15049.605042734976,15562.5,70.43214285714286,-2100.0,1057562.5,2015562.5
1672,-15285.518793820036,15285.518793820036,15822.0,88.12857142857145,5300.0,909822.0,2015822.0
1673,-15571.78039961189,15571.78039961189,16096.0,66.41214285714288,1900.0,978096.0,2016096.0
1674,-15344.553075494765,15344.553075494765,15854.0,55.0757142857143,700.0,1001854.0,2015854.0
1675,-15015.62523463118,15015.62523463118,15545.5,85.32428571428574,2000.0,975545.5,2015545.5
1676,-15080.677769930368,15080.677769930368,15574.5,44.884285714285724,0.0,1015574.5,2015574.5
1677,-14943.934789620182,14943.934789620182,15465.5,86.305,2400.0,967465.5,2015465.5
1678,-14509.463718236166,14509.463718236166,15014.0,75.09785714285717,700.0,1001014.0,2015014.0
1679,-15296.114960771447,15296.114960771447,15795.0,51.84357142857144,2500.0,965795.0,2015795.0
1680,-14959.167592790147,14959.167592790147,15477.0,74.12785714285715,1400.0,987477.0,2015477.0
1681,-15031.641913193467,15031.641913193467,15546.5,70.43714285714287,-700.0,1029546.5,2015546.5
1682,-14727.178245682559,14727.178245682559,15248.0,86.12785714285715,5800.0,899248.0,2015248.0
1683,-14857.722054093618,14857.722054093618,15373.5,79.69785714285716,-2900.0,1073373.5,2015373.5
1684,-15104.715868662355,15104.715868662355,15651.0,97.81357142857144,2000.0,975651.0,2015651.0
1685,-15024.638047020857,15024.638047020857,15558.5,93.12642857142859,-2400.0,1063558.5,2015558.5
1686,-15155.287249699526,15155.287249699526,15688.0,87.46285714285716,-2900.0,1073688.0,2015688.0
1687,-14959.489555909158,14959.489555909158,15462.5,66.495,-4200.0,1099462.5,2015462.5
1688,-15211.733031129683,15211.733031129683,15733.0,71.97285714285715,-900.0,1033733.0,2015733.0
1689,-15161.62256033011,15161.62256033011,15668.5,60.84500000000001,0.0,1015668.5,2015668.5
1690,-15273.058817450892,15273.058817450892,15819.0,91.94357142857145,3700.0,941819.0,2015819.0
1691,-15127.625740646805,15127.625740646805,15643.5,74.87714285714287,-2800.0,1071643.5,2015643.5
1692,-15411.465711520832,15411.465711520832,15932.0,70.3364285714286,2300.0,969932.0,2015932.0
1693,-15199.355092049122,15199.355092049122,15707.0,63.76785714285715,1600.0,983707.0,2015707.0
1694,-15028.932691417434,15028.932691417434,15536.0,64.95285714285716,-1200.0,1039536.0,2015536.0
1695,-15095.473130034576,15095.473130034576,15601.0,57.30857142857144,-2100.0,1057601.0,2015601.0
1696,-15412.471771399058,15412.471771399058,15925.0,59.20785714285715,1900.0,977925.0,2015925.0
1697,-15194.54740870106,15194.54740870106,15709.0,69.47285714285715,-2700.0,1069709.0,2015709.0
1698,-15243.95014548473,15243.95014548473,15752.5,54.92142857142858,-2600.0,1067752.5,2015752.5
1699,-15368.141536170095,15368.141536170095,15875.5,57.07928571428573,-400.0,1023875.5,2015875.5
1700,-15239.415396339224,15239.415396339224,15770.0,76.91500000000002,2000.0,975770.0,2015770.0
1701,-15149.618222502113,15149.618222502113,15642.0,49.857857142857156,-800.0,1031642.0,2015642.0
1702,-15122.238480265252,15122.238480265252,15648.5,82.60428571428572,3900.0,937648.5,2015648.5
1703,-15462.062717478198,15462.062717478198,16000.0,86.69714285714288,3000.0,956000.0,2016000.0
1704,-15237.382923168963,15237.382923168963,15747.0,63.05714285714287,0.0,1015747.0,2015747.0
1705,-15088.015618055717,15088.015618055717,15601.5,70.71000000000002,-1000.0,1035601.5,2015601.5
1706,-15310.826603732208,15310.826603732208,15824.5,64.8607142857143,-1300.0,1041824.5,2015824.5
1707,-15302.970161959196,15302.970161959196,15811.0,61.1207142857143,-2600.0,1067811.0,2015811.0
1708,-14932.070263239473,14932.070263239473,15444.5,70.45928571428573,-2000.0,1055444.5,2015444.5
1709,-15139.597432937346,15139.597432937346,15645.5,53.53500000000001,1900.0,977645.5,2015645.5
1710,-15021.489401666935,15021.489401666935,15527.5,63.2957142857143,2900.0,957527.5,2015527.5
1711,-15074.904269560884,15074.904269560884,15611.0,97.13214285714287,300.0,1009611.0,2015611.0
1712,-14895.924910181253,14895.924910181253,15397.5,64.27000000000001,0.0,1015397.5,2015397.5
1713,-15193.656855954918,15193.656855954918,15722.0,76.39142857142859,-800.0,1031722.0,2015722.0
1714,-15197.847199460488,15197.847199460488,15699.5,58.70500000000001,-2300.0,1061699.5,2015699.5
1715,-15138.178639208645,15138.178639208645,15646.5,64.44285714285715,2200.0,971646.5,2015646.5
1716,-15068.374295480771,15068.374295480771,15570.0,58.92142857142858,300.0,1009570.0,2015570.0
1717,-14980.697698359734,14980.697698359734,15493.5,74.18785714285715,-500.0,1025493.5,2015493.5
1718,-15494.203656271071,15494.203656271071,16037.5,82.80857142857144,-2100.0,1058037.5,2016037.5
1719,-15088.987849567602,15088.987849567602,15629.0,94.50500000000001,-2000.0,1055629.0,2015629.0
1720,-14935.442196765784,14935.442196765784,15444.0,68.47285714285715,-100.0,1017444.0,2015444.0
1721,-15091.38342463024,15091.38342463024,15592.5,59.72428571428572,-700.0,1029592.5,2015592.5
1722,-14735.61362217473,14735.61362217473,15213.5,46.04714285714287,-900.0,1033213.5,2015213.5
1723,-15129.442160885135,15129.442160885135,15652.0,78.29928571428573,1200.0,991652.0,2015652.0
1724,-15207.100568146285,15207.100568146285,15719.5,68.19500000000001,-700.0,1029719.5,2015719.5
1725,-15265.507707191337,15265.507707191337,15768.0,55.423571428571435,200.0,1011768.0,2015768.0
1726,-15276.747723195554,15276.747723195554,15757.0,31.44000000000001,-1900.0,1053757.0,2015757.0
1727,-15288.222722603667,15288.222722603667,15838.0,94.08500000000002,1100.0,993838.0,2015838.0
1728,-15125.021179999241,15125.021179999241,15638.0,67.76214285714288,800.0,999638.0,2015638.0
1729,-14596.32750756284,14596.32750756284,15114.5,89.31000000000003,1000.0,995114.5,2015114.5
1730,-15385.882411717397,15385.882411717397,15909.5,67.74142857142859,-1100.0,1037909.5,2015909.5
1731,-15265.313974334285,15265.313974334285,15772.5,57.08714285714287,1400.0,987772.5,2015772.5
1732,-15087.703578353128,15087.703578353128,15580.0,51.85857142857144,-800.0,1031580.0,2015580.0
1733,-15426.151816283214,15426.151816283214,15960.0,81.685,-4600.0,1107960.0,2015960.0
1734,-14902.956446044678,14902.956446044678,15431.5,94.64214285714286,-4300.0,1101431.5,2015431.5
1735,-15178.518426827002,15178.518426827002,15732.0,105.0521428571429,2800.0,959732.0,2015732.0
1736,-14922.595514138426,14922.595514138426,15443.5,80.16928571428573,-1000.0,1035443.5,2015443.5
1737,-15291.905930186373,15291.905930186373,15814.5,68.58785714285716,2500.0,965814.5,2015814.5
1738,-14960.209570390245,14960.209570390245,15460.0,57.569285714285726,2400.0,967460.0,2015460.0
1739,-15084.246659226934,15084.246659226934,15610.5,78.28071428571431,1000.0,995610.5,2015610.5
1740,-14865.999684171096,14865.999684171096,15362.5,60.8857142857143,100.0,1013362.5,2015362.5
1741,-15387.423754942009,15387.423754942009,15907.0,65.31000000000002,-900.0,1033907.0,2015907.0
1742,-15023.741270660152,15023.741270660152,15540.0,75.94500000000001,2600.0,963540.0,2015540.0
1743,-14943.098582931038,14943.098582931038,15455.5,71.53285714285715,-1900.0,1053455.5,2015455.5
1744,-15316.045596174856,15316.045596174856,15819.0,50.98928571428572,1600.0,983819.0,2015819.0
1745,-15151.775220163097,15151.775220163097,15667.5,68.16285714285716,-5300.0,1121667.5,2015667.5
1746,-15131.593118050854,15131.593118050854,15666.5,86.305,-1800.0,1051666.5,2015666.5
1747,-15404.929667123753,15404.929667123753,15922.5,63.22857142857144,-100.0,1017922.5,2015922.5
1748,-14961.786678081367,14961.786678081367,15463.5,65.96428571428572,1700.0,981463.5,2015463.5
1749,-15403.118960134554,15403.118960134554,15933.5,81.95428571428573,900.0,997933.5,2015933.5
1750,-14711.837559046191,14711.837559046191,15219.5,72.7464285714286,-100.0,1017219.5,2015219.5
1751,-15227.659309368635,15227.659309368635,15761.5,82.90285714285716,5200.0,911761.5,2015761.5
1752,-15021.89595721195,15021.89595721195,15528.5,69.82714285714287,-5000.0,1115528.5,2015528.5
1753,-15085.30421273307,15085.30421273307,15597.5,63.68000000000002,600.0,1003597.5,2015597.5
1754,-15116.212885452282,15116.212885452282,15627.0,71.37142857142857,-2600.0,1067627.0,2015627.0
1755,-15189.62784028323,15189.62784028323,15692.5,59.67,200.0,1011692.5,2015692.5
1756,-15057.50766248474,15057.50766248474,15584.5,85.53857142857144,5500.0,905584.5,2015584.5
1757,-15293.401232046934,15293.401232046934,15857.5,107.21785714285716,-1400.0,1043857.5,2015857.5
1758,-14932.159417923378,14932.159417923378,15450.5,79.36142857142858,-4200.0,1099450.5,2015450.5
1759,-15127.601634141261,15127.601634141261,15653.0,75.74071428571432,700.0,1001653.0,2015653.0
1760,-15134.273736486008,15134.273736486008,15645.5,64.10071428571429,700.0,1001645.5,2015645.5
1761,-14988.126880895274,14988.126880895274,15520.0,93.20714285714287,-2600.0,1067520.0,2015520.0
1762,-15270.478231694502,15270.478231694502,15780.0,57.554285714285726,-700.0,1029780.0,2015780.0
1763,-15326.415834229834,15326.415834229834,15844.0,65.45428571428573,-100.0,1017844.0,2015844.0
1764,-15468.580290834627,15468.580290834627,16021.5,93.54928571428573,4900.0,918021.5,2016021.5
1765,-15175.107184107173,15175.107184107173,15705.5,78.65500000000003,-4700.0,1109705.5,2015705.5
1766,-15325.566661122388,15325.566661122388,15841.0,62.374285714285726,-600.0,1027841.0,2015841.0
1767,-14982.016313255876,14982.016313255876,15479.0,56.345714285714294,100.0,1013479.0,2015479.0
1768,-15156.871433086088,15156.871433086088,15665.0,63.088571428571434,-1400.0,1043665.0,2015665.0
1769,-15106.033593033013,15106.033593033013,15627.5,75.30285714285716,2700.0,961627.5,2015627.5
1770,-15316.200256023476,15316.200256023476,15838.5,72.9964285714286,900.0,997838.5,2015838.5
1771,-15322.483388169243,15322.483388169243,15828.0,58.89500000000001,-600.0,1027828.0,2015828.0
1772,-15383.116714471285,15383.116714471285,15915.0,75.27357142857143,-800.0,1031915.0,2015915.0
1773,-15198.524091135954,15198.524091135954,15722.5,75.92357142857145,-2600.0,1067722.5,2015722.5
1774,-15031.98805666869,15031.98805666869,15539.0,60.81642857142859,-2300.0,1061539.0,2015539.0
1775,-15101.288182238011,15101.288182238011,15597.5,54.37928571428572,-1200.0,1039597.5,2015597.5
1776,-15056.5439407223,15056.5439407223,15566.5,69.65214285714286,2700.0,961566.5,2015566.5
1777,-15131.53716958178,15131.53716958178,15663.5,82.57285714285715,-3100.0,1077663.5,2015663.5
1778,-15337.48693113881,15337.48693113881,15852.0,59.024285714285725,1100.0,993852.0,2015852.0
1779,-15381.27925274396,15381.27925274396,15876.5,48.66642857142858,3700.0,941876.5,2015876.5
1780,-14996.885096544866,14996.885096544866,15525.0,90.04857142857145,1300.0,989525.0,2015525.0
1781,-15154.582004288068,15154.582004288068,15662.0,65.83000000000001,-1600.0,1047662.0,2015662.0
1782,-15198.508836814624,15198.508836814624,15715.5,70.3607142857143,-100.0,1017715.5,2015715.5
1783,-15643.000472792595,15643.000472792595,16173.5,68.59357142857145,300.0,1010173.5,2016173.5
1784,-15425.704751749858,15425.704751749858,15966.5,82.1357142857143,-800.0,1031966.5,2015966.5
1785,-14889.974104323328,14889.974104323328,15388.0,53.66071428571429,-700.0,1029388.0,2015388.0
1786,-14884.254210490055,14884.254210490055,15390.0,66.44357142857143,-3700.0,1089390.0,2015390.0
1787,-14711.14504660621,14711.14504660621,15213.0,66.62000000000002,-700.0,1029213.0,2015213.0
1788,-15264.386619861685,15264.386619861685,15772.5,58.61571428571429,2100.0,973772.5,2015772.5
1789,-15076.349709549688,15076.349709549688,15598.0,74.76285714285716,-100.0,1017598.0,2015598.0
1790,-14872.605061845534,14872.605061845534,15388.0,78.20000000000002,3800.0,939388.0,2015388.0
1791,-14802.068335753498,14802.068335753498,15307.5,66.61500000000001,-700.0,1029307.5,2015307.5
1792,-15078.567084845512,15078.567084845512,15614.5,91.89428571428573,-2000.0,1055614.5,2015614.5
1793,-15373.826184976964,15373.826184976964,15910.0,81.76285714285716,-3600.0,1087910.0,2015910.0
1794,-15107.600849642959,15107.600849642959,15627.0,74.66000000000001,1800.0,979627.0,2015627.0
1795,-15099.090750235031,15099.090750235031,15624.0,77.78357142857143,2600.0,963624.0,2015624.0
1796,-15331.57521249872,15331.57521249872,15841.0,56.16642857142858,900.0,997841.0,2015841.0
1797,-15268.966154329584,15268.966154329584,15782.0,63.28714285714286,-2500.0,1065782.0,2015782.0
1798,-15282.24889879517,15282.24889879517,15788.5,54.048571428571435,700.0,1001788.5,2015788.5
1799,-15141.008197853245,15141.008197853245,15644.0,62.829285714285724,100.0,1013644.0,2015644.0
1800,-15305.95133540468,15305.95133540468,15812.0,57.21500000000001,-3200.0,1079812.0,2015812.0
1801,-15154.269607440487,15154.269607440487,15665.5,66.23928571428573,200.0,1011665.5,2015665.5
1802,-14869.223252061152,14869.223252061152,15391.0,81.67500000000001,-1600.0,1047391.0,2015391.0
1803,-15230.506634008932,15230.506634008932,15748.5,73.76500000000001,-1500.0,1045748.5,2015748.5
1804,-15177.252362445317,15177.252362445317,15711.5,84.28071428571431,1300.0,989711.5,2015711.5
1805,-15453.452058600848,15453.452058600848,15960.0,55.85428571428572,-1600.0,1047960.0,2015960.0
1806,-14860.788116445945,14860.788116445945,15371.5,72.29500000000002,1000.0,995371.5,2015371.5
1807,-14974.254931123736,14974.254931123736,15492.5,81.3907142857143,-2100.0,1057492.5,2015492.5
1808,-15217.586883753755,15217.586883753755,15740.0,70.69714285714286,2600.0,963740.0,2015740.0
1809,-14994.006764842474,14994.006764842474,15524.5,88.13428571428574,-3200.0,1079524.5,2015524.5
1810,-14916.544842541185,14916.544842541185,15430.5,66.65428571428572,-1200.0,1039430.5,2015430.5
1811,-15089.271284654475,15089.271284654475,15578.5,49.658571428571435,0.0,1015578.5,2015578.5
1812,-14955.884337148062,14955.884337148062,15476.5,83.64428571428573,-500.0,1025476.5,2015476.5
1813,-14691.506633204599,14691.506633204599,15196.0,71.77714285714288,-1900.0,1053196.0,2015196.0
1814,-15384.574317777646,15384.574317777646,15902.5,65.02142857142859,1300.0,989902.5,2015902.5
1815,-15192.640244306163,15192.640244306163,15699.0,59.06857142857143,4900.0,917699.0,2015699.0
1816,-15187.337500426309,15187.337500426309,15705.0,67.67571428571429,100.0,1013705.0,2015705.0
1817,-15058.443907733767,15058.443907733767,15599.0,94.99785714285716,-400.0,1023599.0,2015599.0
1818,-15134.954062218207,15134.954062218207,15669.0,87.54285714285716,4800.0,919669.0,2015669.0
1819,-15312.58293933752,15312.58293933752,15827.5,68.64428571428573,-1600.0,1047827.5,2015827.5
1820,-15387.524775448786,15387.524775448786,15896.0,59.9957142857143,5700.0,901896.0,2015896.0
1821,-15133.897775111747,15133.897775111747,15667.0,83.595,-3400.0,1083667.0,2015667.0
1822,-15156.019146273375,15156.019146273375,15677.5,72.1214285714286,2000.0,975677.5,2015677.5
1823,-14986.24007924019,14986.24007924019,15484.5,57.92285714285715,-100.0,1017484.5,2015484.5
1824,-15047.279228818985,15047.279228818985,15575.0,76.31071428571431,-2500.0,1065575.0,2015575.0
1825,-14834.102784731858,14834.102784731858,15322.5,57.534285714285716,-1700.0,1049322.5,2015322.5
1826,-15593.665788844777,15593.665788844777,16124.5,67.71571428571431,4800.0,920124.5,2016124.5
1827,-15128.349999486516,15128.349999486516,15647.5,74.93428571428572,-300.0,1021647.5,2015647.5
1828,-14725.874121769379,14725.874121769379,15236.0,73.21714285714287,1300.0,989236.0,2015236.0
1829,-15281.679270136901,15281.679270136901,15783.5,50.96857142857144,-1300.0,1041783.5,2015783.5
1830,-15224.61612226671,15224.61612226671,15761.0,85.45142857142858,3900.0,937761.0,2015761.0
1831,-15403.32852539746,15403.32852539746,15934.5,72.15500000000002,1100.0,993934.5,2015934.5
1832,-14768.209617143268,14768.209617143268,15303.5,100.53857142857143,2600.0,963303.5,2015303.5
1833,-14951.952767110299,14951.952767110299,15464.0,65.30357142857144,-1100.0,1037464.0,2015464.0
1834,-15070.394672021026,15070.394672021026,15595.5,76.38928571428573,3700.0,941595.5,2015595.5
1835,-15178.669220537988,15178.669220537988,15697.5,71.59142857142858,2300.0,969697.5,2015697.5
1836,-15186.301314652776,15186.301314652776,15740.0,101.78500000000003,5800.0,899740.0,2015740.0
1837,-14986.119546067526,14986.119546067526,15510.5,77.32642857142858,5600.0,903510.5,2015510.5
1838,-14961.397546981221,14961.397546981221,15485.0,83.74857142857145,-200.0,1019485.0,2015485.0
1839,-15204.975955035712,15204.975955035712,15739.5,85.0864285714286,-3300.0,1081739.5,2015739.5
1840,-15059.866759653883,15059.866759653883,15594.5,84.90428571428572,100.0,1013594.5,2015594.5
1841,-15405.682394802687,15405.682394802687,15930.5,66.79285714285716,-2700.0,1069930.5,2015930.5
1842,-15321.17537763792,15321.17537763792,15862.0,88.41000000000001,1200.0,991862.0,2015862.0
1843,-15120.780648728896,15120.780648728896,15647.0,70.25714285714287,-700.0,1029647.0,2015647.0
1844,-15249.265223277514,15249.265223277514,15758.0,61.272857142857156,-300.0,1021758.0,2015758.0
1845,-15283.514001656282,15283.514001656282,15816.0,82.66714285714286,1800.0,979816.0,2015816.0
1846,-15277.446138553965,15277.446138553965,15778.0,57.549285714285716,-1900.0,1053778.0,2015778.0
1847,-15348.562868158537,15348.562868158537,15854.0,56.08785714285715,-1500.0,1045854.0,2015854.0
1848,-15070.221247465694,15070.221247465694,15565.5,56.30857142857144,-200.0,1019565.5,2015565.5
1849,-15166.569440282175,15166.569440282175,15677.0,66.26285714285714,-3200.0,1079677.0,2015677.0
1850,-14847.199648970116,14847.199648970116,15351.0,63.48357142857144,1700.0,981351.0,2015351.0
1851,-14731.95043518343,14731.95043518343,15250.5,84.50000000000003,900.0,997250.5,2015250.5
1852,-15453.023266106315,15453.023266106315,15949.5,46.42500000000001,-2300.0,1061949.5,2015949.5
1853,-15061.046896477417,15061.046896477417,15593.0,89.89928571428572,-4100.0,1097593.0,2015593.0
1854,-15141.551283620152,15141.551283620152,15670.0,85.09785714285718,-1200.0,1039670.0,2015670.0
1855,-15036.674089239257,15036.674089239257,15586.5,104.26857142857145,-2300.0,1061586.5,2015586.5
1856,-15274.045595945134,15274.045595945134,15798.0,77.01142857142858,-900.0,1033798.0,2015798.0
1857,-14903.321042505982,14903.321042505982,15401.5,55.42357142857144,-800.0,1031401.5,2015401.5
1858,-15195.096301313715,15195.096301313715,15726.0,83.75714285714288,400.0,1007726.0,2015726.0
1859,-15313.199312803727,15313.199312803727,15837.5,77.41928571428573,-700.0,1029837.5,2015837.5
1860,-15103.625698880809,15103.625698880809,15615.5,74.46928571428572,5900.0,897615.5,2015615.5
1861,-15468.023803407508,15468.023803407508,15989.5,66.28428571428573,1000.0,995989.5,2015989.5
1862,-15058.800720812345,15058.800720812345,15589.0,79.7657142857143,-3900.0,1093589.0,2015589.0
1863,-15343.961127427057,15343.961127427057,15882.5,82.43500000000002,-1300.0,1041882.5,2015882.5
1864,-15112.555455375372,15112.555455375372,15652.0,99.05714285714288,0.0,1015652.0,2015652.0
1865,-15094.297353563346,15094.297353563346,15605.0,71.12642857142859,2000.0,975605.0,2015605.0
1866,-15183.90563637559,15183.90563637559,15728.5,93.54785714285717,-600.0,1027728.5,2015728.5
1867,-15159.240802992685,15159.240802992685,15670.5,56.6107142857143,-2500.0,1065670.5,2015670.5
1868,-15100.657890285345,15100.657890285345,15617.5,75.82500000000002,-5200.0,1119617.5,2015617.5
1869,-15114.266586865095,15114.266586865095,15638.5,80.40071428571429,4800.0,919638.5,2015638.5
1870,-14709.379000017547,14709.379000017547,15229.5,82.48214285714288,-1700.0,1049229.5,2015229.5
1871,-14962.334766911488,14962.334766911488,15454.5,55.80428571428572,0.0,1015454.5,2015454.5
1872,-15160.620233966805,15160.620233966805,15681.5,71.10500000000002,1100.0,993681.5,2015681.5
1873,-15096.283598742846,15096.283598742846,15587.5,55.72428571428573,-2600.0,1067587.5,2015587.5
1874,-14970.538757962642,14970.538757962642,15459.0,46.17500000000001,1800.0,979459.0,2015459.0
1875,-15155.582589025777,15155.582589025777,15667.5,68.04500000000002,1800.0,979667.5,2015667.5
1876,-15348.535545357496,15348.535545357496,15890.0,83.65714285714287,-1500.0,1045890.0,2015890.0
1877,-15133.677186740255,15133.677186740255,15643.0,65.51357142857142,300.0,1009643.0,2015643.0
1878,-15185.560643030978,15185.560643030978,15683.5,54.89500000000001,1700.0,981683.5,2015683.5
1879,-15110.521390545644,15110.521390545644,15629.0,71.77428571428572,700.0,1001629.0,2015629.0
1880,-15134.901912271613,15134.901912271613,15649.0,67.90285714285716,-3400.0,1083649.0,2015649.0
1881,-15383.646710977268,15383.646710977268,15898.5,64.82928571428572,4400.0,927898.5,2015898.5
1882,-15190.791735543138,15190.791735543138,15741.0,99.88357142857146,2500.0,965741.0,2015741.0
1883,-14798.140179686576,14798.140179686576,15313.5,88.82928571428573,3700.0,941313.5,2015313.5
1884,-15120.212197037912,15120.212197037912,15640.0,74.69071428571431,-2800.0,1071640.0,2015640.0
1885,-15238.97269983337,15238.97269983337,15765.0,76.29500000000002,-2400.0,1063765.0,2015765.0
1886,-15050.124661931155,15050.124661931155,15560.0,64.54571428571428,-1000.0,1035560.0,2015560.0
1887,-15002.378781279953,15002.378781279953,15541.5,96.67428571428573,-1200.0,1039541.5,2015541.5
1888,-14970.638076217954,14970.638076217954,15481.5,65.85071428571429,-2000.0,1055481.5,2015481.5
1889,-15041.015285698571,15041.015285698571,15549.5,65.09214285714287,-1100.0,1037549.5,2015549.5
1890,-15431.874705417522,15431.874705417522,15946.0,63.70500000000001,-2900.0,1073946.0,2015946.0
1891,-14879.779041946407,14879.779041946407,15398.5,81.70857142857145,4000.0,935398.5,2015398.5
1892,-15291.804811199847,15291.804811199847,15823.0,85.86714285714288,7100.0,873823.0,2015823.0
1893,-15242.167831439077,15242.167831439077,15750.5,58.01928571428572,400.0,1007750.5,2015750.5
1894,-15191.848402922311,15191.848402922311,15699.0,66.63285714285715,2100.0,973699.0,2015699.0
1895,-15003.463834545375,15003.463834545375,15500.5,55.52928571428573,1300.0,989500.5,2015500.5
1896,-15285.228519631457,15285.228519631457,15822.0,80.45571428571431,-4100.0,1097822.0,2015822.0
1897,-14757.305437333085,14757.305437333085,15268.0,73.20857142857145,-1700.0,1049268.0,2015268.0
1898,-15455.843527238158,15455.843527238158,15983.0,69.52214285714287,2500.0,965983.0,2015983.0
1899,-15441.122172767795,15441.122172767795,15941.0,49.34071428571429,-2000.0,1055941.0,2015941.0
1900,-15226.412582324901,15226.412582324901,15764.0,88.6514285714286,3100.0,953764.0,2015764.0
1901,-15203.298089588068,15203.298089588068,15733.5,83.35214285714287,5000.0,915733.5,2015733.5
1902,-14916.821424389938,14916.821424389938,15445.0,88.03071428571431,-1800.0,1051445.0,2015445.0
1903,-14993.820565476006,14993.820565476006,15522.5,88.42142857142858,4900.0,917522.5,2015522.5
1904,-14684.918635869917,14684.918635869917,15197.5,81.25142857142859,100.0,1013197.5,2015197.5
1905,-15385.339691151743,15385.339691151743,15882.0,45.63714285714286,900.0,997882.0,2015882.0
1906,-15101.514677218358,15101.514677218358,15624.5,77.97928571428574,-400.0,1023624.5,2015624.5
1907,-15141.799939879784,15141.799939879784,15670.0,83.2957142857143,-1900.0,1053670.0,2015670.0
1908,-14952.028803581074,14952.028803581074,15466.0,73.27142857142859,-1900.0,1053466.0,2015466.0
1909,-15415.632842822339,15415.632842822339,15944.5,76.79214285714288,3800.0,939944.5,2015944.5
1910,-14869.534074832838,14869.534074832838,15369.5,64.51142857142858,-2300.0,1061369.5,2015369.5
1911,-15072.497499234665,15072.497499234665,15616.5,99.09500000000003,-5600.0,1127616.5,2015616.5
1912,-14885.592282001468,14885.592282001468,15404.5,73.96071428571432,-900.0,1033404.5,2015404.5
1913,-15281.41682889266,15281.41682889266,15780.5,49.90142857142858,-500.0,1025780.5,2015780.5
1914,-14965.060635455116,14965.060635455116,15508.5,102.10357142857144,1100.0,993508.5,2015508.5
1915,-15021.857107925887,15021.857107925887,15558.5,91.47500000000001,3500.0,945558.5,2015558.5
1916,-15328.50541608981,15328.50541608981,15856.0,79.29928571428573,2800.0,959856.0,2015856.0
1917,-15096.52355454582,15096.52355454582,15594.0,54.23142857142858,1500.0,985594.0,2015594.0
1918,-15138.884952190514,15138.884952190514,15695.0,105.19857142857146,7300.0,869695.0,2015695.0
1919,-15383.35149235762,15383.35149235762,15906.0,67.4357142857143,2200.0,971906.0,2015906.0
1920,-14956.967790406541,14956.967790406541,15475.0,75.52214285714288,600.0,1003475.0,2015475.0
1921,-15289.502616991012,15289.502616991012,15797.0,60.931428571428576,1300.0,989797.0,2015797.0
1922,-15134.764079785527,15134.764079785527,15667.0,83.7114285714286,600.0,1003667.0,2015667.0
1923,-15223.931102816583,15223.931102816583,15744.5,76.79142857142858,500.0,1005744.5,2015744.5
1924,-15226.871932061138,15226.871932061138,15760.0,84.49500000000002,-1700.0,1049760.0,2015760.0
1925,-15229.982323773565,15229.982323773565,15734.5,60.61857142857143,1600.0,983734.5,2015734.5
1926,-14917.19405316863,14917.19405316863,15441.5,84.75285714285717,-4200.0,1099441.5,2015441.5
1927,-14940.803472323465,14940.803472323465,15477.0,91.17000000000002,900.0,997477.0,2015477.0
1928,-15200.89733308713,15200.89733308713,15700.0,53.88928571428573,-1600.0,1047700.0,2015700.0
1929,-15071.991746614818,15071.991746614818,15624.0,105.33714285714288,-3200.0,1079624.0,2015624.0
1930,-15570.749780491971,15570.749780491971,16110.5,79.86928571428574,-900.0,1034110.5,2016110.5
1931,-14993.951212737014,14993.951212737014,15505.0,69.58285714285716,900.0,997505.0,2015505.0
1932,-15221.372460631732,15221.372460631732,15728.0,60.51000000000001,900.0,997728.0,2015728.0
1933,-15143.71258605527,15143.71258605527,15639.5,53.10714285714286,2800.0,959639.5,2015639.5
1934,-15184.436688283246,15184.436688283246,15711.0,79.79142857142858,1800.0,979711.0,2015711.0
1935,-15241.246746085493,15241.246746085493,15752.0,61.25500000000002,1000.0,995752.0,2015752.0
1936,-15104.169815204192,15104.169815204192,15615.5,68.03857142857144,900.0,997615.5,2015615.5
1937,-14921.14681065236,14921.14681065236,15408.5,39.99071428571429,-1600.0,1047408.5,2015408.5
1938,-14770.721594193968,14770.721594193968,15293.0,82.09071428571431,-1400.0,1043293.0,2015293.0
1939,-15021.311971893067,15021.311971893067,15535.0,72.51214285714286,-4000.0,1095535.0,2015535.0
1940,-15035.78127193683,15035.78127193683,15549.5,68.91214285714288,1500.0,985549.5,2015549.5
1941,-15086.158468708349,15086.158468708349,15609.5,79.49857142857144,-1200.0,1039609.5,2015609.5
1942,-15061.554345430108,15061.554345430108,15576.5,72.6207142857143,1900.0,977576.5,2015576.5
1943,-15220.801668687054,15220.801668687054,15758.5,91.68,-6900.0,1153758.5,2015758.5
1944,-15080.476058305481,15080.476058305481,15608.5,83.22714285714287,2800.0,959608.5,2015608.5
1945,-15009.52147651315,15009.52147651315,15538.0,83.63214285714287,-4900.0,1113538.0,2015538.0
1946,-14912.110222157515,14912.110222157515,15419.5,66.62,-4000.0,1095419.5,2015419.5
1947,-15433.939503254736,15433.939503254736,15966.5,74.9957142857143,-2400.0,1063966.5,2015966.5
1948,-15342.07309053651,15342.07309053651,15862.5,67.18428571428572,-2200.0,1059862.5,2015862.5
1949,-14726.779936483144,14726.779936483144,15231.5,73.33000000000003,1400.0,987231.5,2015231.5
1950,-15602.842561036432,15602.842561036432,16128.5,71.37928571428573,1500.0,986128.5,2016128.5
1951,-15368.4334581117,15368.4334581117,15906.0,77.91357142857146,-2200.0,1059906.0,2015906.0
1952,-15124.970784166424,15124.970784166424,15647.0,73.4857142857143,-3900.0,1093647.0,2015647.0
1953,-15201.623584517405,15201.623584517405,15714.0,65.20357142857144,-600.0,1027714.0,2015714.0
1954,-15174.47612755599,15174.47612755599,15683.5,64.27071428571429,-1900.0,1053683.5,2015683.5
1955,-15074.837182860156,15074.837182860156,15586.0,67.96571428571428,-500.0,1025586.0,2015586.0
1956,-15246.206124885237,15246.206124885237,15783.5,88.97857142857146,800.0,999783.5,2015783.5
1957,-15190.193018310196,15190.193018310196,15686.0,52.140714285714296,-2700.0,1069686.0,2015686.0
1958,-15035.097603297407,15035.097603297407,15538.5,64.5857142857143,-500.0,1025538.5,2015538.5
1959,-15157.213293798763,15157.213293798763,15667.5,67.96214285714288,-1000.0,1035667.5,2015667.5
1960,-14964.257036560892,14964.257036560892,15482.5,78.29500000000002,2500.0,965482.5,2015482.5
1961,-15367.499242637648,15367.499242637648,15877.5,54.68285714285715,-1900.0,1053877.5,2015877.5
1962,-15154.918595242796,15154.918595242796,15679.5,75.85714285714289,700.0,1001679.5,2015679.5
1963,-15275.048087786581,15275.048087786581,15799.0,73.90857142857143,-2800.0,1071799.0,2015799.0
1964,-15044.291399560352,15044.291399560352,15582.0,90.17357142857145,-2300.0,1061582.0,2015582.0
1965,-15503.497818047597,15503.497818047597,16029.5,68.23928571428573,-700.0,1030029.5,2016029.5
1966,-15241.780804096159,15241.780804096159,15786.0,94.37285714285716,2500.0,965786.0,2015786.0
1967,-15113.08303602819,15113.08303602819,15642.5,79.61857142857144,-4200.0,1099642.5,2015642.5
1968,-14922.404255903339,14922.404255903339,15442.0,80.05642857142858,-2100.0,1057442.0,2015442.0
1969,-15412.37167358378,15412.37167358378,15925.5,59.10500000000002,300.0,1009925.5,2015925.5
1970,-15323.27129832406,15323.27129832406,15863.5,85.93214285714288,-900.0,1033863.5,2015863.5
1971,-15058.255754340149,15058.255754340149,15594.0,88.70714285714286,-3500.0,1085594.0,2015594.0
1972,-15330.008915136086,15330.008915136086,15900.5,116.04500000000003,400.0,1007900.5,2015900.5
1973,-14979.90741529713,14979.90741529713,15476.5,53.91142857142859,-1900.0,1053476.5,2015476.5
1974,-15008.477988510718,15008.477988510718,15512.0,64.80928571428572,100.0,1013512.0,2015512.0
1975,-14843.244963730413,14843.244963730413,15366.5,84.49142857142859,4300.0,929366.5,2015366.5
1976,-15034.083249337164,15034.083249337164,15565.0,81.13214285714287,1200.0,991565.0,2015565.0
1977,-15556.822736400747,15556.822736400747,16082.5,67.09142857142858,1500.0,986082.5,2016082.5
1978,-15028.808180369277,15028.808180369277,15526.5,57.92428571428572,-700.0,1029526.5,2015526.5
1979,-15300.009854162536,15300.009854162536,15819.0,70.22785714285716,-1400.0,1043819.0,2015819.0
1980,-15353.51036937158,15353.51036937158,15851.0,48.30857142857144,400.0,1007851.0,2015851.0
1981,-15060.975120567291,15060.975120567291,15577.0,73.25428571428573,300.0,1009577.0,2015577.0
1982,-15288.998637397515,15288.998637397515,15801.5,62.319285714285726,-900.0,1033801.5,2015801.5
1983,-15677.585156873827,15677.585156873827,16205.0,64.53142857142858,-300.0,1022205.0,2016205.0
1984,-14979.693931410402,14979.693931410402,15480.5,63.144285714285736,1900.0,977480.5,2015480.5
1985,-15054.99172781859,15054.99172781859,15579.0,75.72500000000001,-2300.0,1061579.0,2015579.0
1986,-14935.359428391239,14935.359428391239,15449.5,76.55571428571432,-1300.0,1041449.5,2015449.5
1987,-15447.293496209524,15447.293496209524,15992.5,82.87,-2800.0,1071992.5,2015992.5
1988,-15032.0637054083,15032.0637054083,15530.0,57.41714285714286,5600.0,903530.0,2015530.0
1989,-14859.452978838057,14859.452978838057,15364.5,64.46428571428572,600.0,1003364.5,2015364.5
1990,-15203.789857406287,15203.789857406287,15730.0,75.79000000000002,900.0,997730.0,2015730.0
1991,-15316.493685206566,15316.493685206566,15843.5,70.66714285714286,4500.0,925843.5,2015843.5
1992,-14904.860940338735,14904.860940338735,15424.0,76.75357142857143,3200.0,951424.0,2015424.0
1993,-15124.928972882788,15124.928972882788,15647.0,73.15500000000002,-2100.0,1057647.0,2015647.0
1994,-14798.149022465768,14798.149022465768,15307.0,76.19642857142858,-1100.0,1037307.0,2015307.0
1995,-15026.121299442606,15026.121299442606,15522.5,56.75642857142858,-2000.0,1055522.5,2015522.5
1996,-14992.921741743221,14992.921741743221,15504.5,73.28428571428573,-800.0,1031504.5,2015504.5
1997,-14994.020034340183,14994.020034340183,15505.0,70.885,1700.0,981505.0,2015505.0
1998,-15414.518621492938,15414.518621492938,15931.5,63.62285714285715,300.0,1009931.5,2015931.5
1999,-15366.173776261525,15366.173776261525,15888.5,70.17357142857145,400.0,1007888.5,2015888.5
2000,-15079.854428311834,15079.854428311834,15629.0,103.35214285714288,-2700.0,1069629.0,2015629.0
2001,-15190.354821805005,15190.354821805005,15704.5,65.82500000000002,-100.0,1017704.5,2015704.5
2002,-14965.39345583512,14965.39345583512,15478.5,77.69357142857145,300.0,1009478.5,2015478.5
2003,-15008.300628949,15008.300628949,15540.5,91.49000000000001,4200.0,931540.5,2015540.5
2004,-15456.024368208655,15456.024368208655,15975.5,66.19928571428572,800.0,999975.5,2015975.5
2005,-15407.87215739295,15407.87215739295,15930.0,68.17785714285715,2100.0,973930.0,2015930.0
2006,-15377.702374199063,15377.702374199063,15922.0,89.03785714285715,-1500.0,1045922.0,2015922.0
2007,-15083.526613666698,15083.526613666698,15589.5,62.208571428571446,3000.0,955589.5,2015589.5
2008,-15129.249800579157,15129.249800579157,15669.5,89.59714285714287,500.0,1005669.5,2015669.5
2009,-14830.217169551657,14830.217169551657,15360.0,91.99142857142859,-2100.0,1057360.0,2015360.0
2010,-15119.684789832834,15119.684789832834,15628.5,60.490000000000016,-1800.0,1051628.5,2015628.5
2011,-15175.978752785255,15175.978752785255,15707.0,86.41285714285716,3000.0,955707.0,2015707.0
2012,-14934.628057776532,14934.628057776532,15493.0,119.06571428571432,4300.0,929493.0,2015493.0
2013,-15486.978901801518,15486.978901801518,16023.0,79.31500000000001,1900.0,978023.0,2016023.0
2014,-14832.903374057067,14832.903374057067,15350.5,80.8557142857143,3400.0,947350.5,2015350.5
2015,-15280.667623945294,15280.667623945294,15815.0,83.94928571428574,2700.0,961815.0,2015815.0
2016,-15616.176689764357,15616.176689764357,16146.5,74.32428571428574,-3000.0,1076146.5,2016146.5
2017,-15169.667873914166,15169.667873914166,15684.0,67.48928571428573,600.0,1003684.0,2015684.0
2018,-15112.091330983421,15112.091330983421,15628.5,71.80642857142857,800.0,999628.5,2015628.5
2019,-15103.010056849465,15103.010056849465,15631.0,86.73142857142858,800.0,999631.0,2015631.0
2020,-15301.775140693955,15301.775140693955,15809.5,55.44214285714287,1000.0,995809.5,2015809.5
2021,-15349.470195186117,15349.470195186117,15858.5,60.24357142857144,2000.0,975858.5,2015858.5
2022,-15510.040531226448,15510.040531226448,16050.0,80.96214285714288,400.0,1008050.0,2016050.0
2023,-15122.6603357669,15122.6603357669,15621.5,57.079285714285724,2000.0,975621.5,2015621.5
2024,-15219.857442370601,15219.857442370601,15739.5,76.56214285714287,-2500.0,1065739.5,2015739.5
2025,-15045.350702958793,15045.350702958793,15571.5,82.50928571428574,3400.0,947571.5,2015571.5
2026,-15242.590627957652,15242.590627957652,15773.0,78.50928571428574,2700.0,961773.0,2015773.0
2027,-15106.345140687674,15106.345140687674,15616.0,65.79500000000002,-800.0,1031616.0,2015616.0
2028,-15090.822976974106,15090.822976974106,15619.5,83.01214285714288,1900.0,977619.5,2015619.5
2029,-15237.91139153763,15237.91139153763,15809.0,118.32000000000002,-2500.0,1065809.0,2015809.0
2030,-15363.276188022295,15363.276188022295,15907.0,91.89857142857144,3100.0,953907.0,2015907.0
2031,-14977.092532239956,14977.092532239956,15485.5,69.17500000000001,1400.0,987485.5,2015485.5
2032,-14724.74200361055,14724.74200361055,15234.0,78.89785714285716,-4100.0,1097234.0,2015234.0
2033,-15066.199150973112,15066.199150973112,15572.0,60.65642857142858,-2100.0,1057572.0,2015572.0
2034,-15110.390073606202,15110.390073606202,15623.0,68.7164285714286,-500.0,1025623.0,2015623.0
2035,-15255.390111823444,15255.390111823444,15784.0,75.0107142857143,2900.0,957784.0,2015784.0
2036,-15308.242970487598,15308.242970487598,15848.0,88.28214285714287,4500.0,925848.0,2015848.0
2037,-15079.952703328818,15079.952703328818,15598.5,74.65714285714287,-3000.0,1075598.5,2015598.5
2038,-15224.677680860927,15224.677680860927,15766.0,90.11785714285716,1000.0,995766.0,2015766.0
2039,-14957.069923142217,14957.069923142217,15477.0,80.49785714285716,-2100.0,1057477.0,2015477.0
2040,-15153.700740206612,15153.700740206612,15658.0,63.49428571428572,700.0,1001658.0,2015658.0
2041,-15112.48658526281,15112.48658526281,15603.0,47.73785714285715,-1200.0,1039603.0,2015603.0
2042,-15045.394888203764,15045.394888203764,15579.0,86.34357142857145,-200.0,1019579.0,2015579.0
2043,-14746.036010877171,14746.036010877171,15296.5,110.46785714285716,1600.0,983296.5,2015296.5
2044,-15058.5991412152,15058.5991412152,15575.5,72.73428571428573,3500.0,945575.5,2015575.5
2045,-14858.955122290055,14858.955122290055,15386.0,86.88785714285714,400.0,1007386.0,2015386.0
2046,-15146.24727706969,15146.24727706969,15650.5,59.78428571428572,3600.0,943650.5,2015650.5
2047,-15506.239084591103,15506.239084591103,16025.5,64.54857142857145,2800.0,960025.5,2016025.5
2048,-15439.624671514757,15439.624671514757,15966.0,77.4457142857143,-1500.0,1045966.0,2015966.0
2049,-14874.204198475822,14874.204198475822,15424.0,109.97285714285714,2300.0,969424.0,2015424.0
2050,-15024.22300359617,15024.22300359617,15538.0,70.10857142857145,1500.0,985538.0,2015538.0
2051,-15400.92008876906,15400.92008876906,15924.0,71.95000000000002,-2100.0,1057924.0,2015924.0
2052,-15123.758432976112,15123.758432976112,15646.5,74.5414285714286,-400.0,1023646.5,2015646.5
2053,-14890.610370696973,14890.610370696973,15418.0,89.44785714285716,1100.0,993418.0,2015418.0
2054,-14981.603064347626,14981.603064347626,15490.5,66.04214285714286,400.0,1007490.5,2015490.5
2055,-15246.663202491258,15246.663202491258,15767.0,72.67714285714285,-3700.0,1089767.0,2015767.0
2056,-15175.516305464062,15175.516305464062,15677.5,58.73285714285715,-1700.0,1049677.5,2015677.5
2057,-14950.577465445604,14950.577465445604,15472.5,80.65857142857145,100.0,1013472.5,2015472.5
2058,-14975.44839538689,14975.44839538689,15479.5,66.38357142857146,-1100.0,1037479.5,2015479.5
2059,-15082.141862826842,15082.141862826842,15620.5,94.97500000000002,4800.0,919620.5,2015620.5
2060,-15035.428436638122,15035.428436638122,15553.0,70.37428571428572,-1600.0,1047553.0,2015553.0
2061,-15190.03710187734,15190.03710187734,15706.0,71.59642857142859,500.0,1005706.0,2015706.0
2062,-15192.32656647195,15192.32656647195,15703.5,63.31500000000001,800.0,999703.5,2015703.5
2063,-15310.382460232595,15310.382460232595,15831.0,67.36214285714287,1400.0,987831.0,2015831.0
2064,-15328.982774248723,15328.982774248723,15848.5,67.82714285714286,-2600.0,1067848.5,2015848.5
2065,-14716.57617985307,14716.57617985307,15241.5,95.43500000000002,-1200.0,1039241.5,2015241.5
2066,-15343.941601125953,15343.941601125953,15881.5,89.97642857142858,1900.0,977881.5,2015881.5
2067,-14877.057205437115,14877.057205437115,15406.0,88.85857142857144,-1900.0,1053406.0,2015406.0
2068,-15433.134423758196,15433.134423758196,15952.0,65.03500000000001,2700.0,961952.0,2015952.0
2069,-15304.874087625592,15304.874087625592,15831.0,75.01000000000002,2900.0,957831.0,2015831.0
2070,-15161.157146622067,15161.157146622067,15677.0,69.3657142857143,-2900.0,1073677.0,2015677.0
2071,-14969.356320936413,14969.356320936413,15491.5,84.22785714285716,-500.0,1025491.5,2015491.5
2072,-14932.832806469276,14932.832806469276,15429.5,58.877142857142864,-3000.0,1075429.5,2015429.5
2073,-15265.727251002958,15265.727251002958,15767.0,50.09214285714286,-3200.0,1079767.0,2015767.0
2074,-14816.41233927173,14816.41233927173,15339.0,85.33357142857145,-100.0,1017339.0,2015339.0
2075,-15127.81272806801,15127.81272806801,15647.5,76.34428571428573,2600.0,963647.5,2015647.5
2076,-15250.695570150849,15250.695570150849,15781.0,81.09214285714287,-3800.0,1091781.0,2015781.0
2077,-15128.61102666076,15128.61102666076,15647.0,72.07214285714286,-300.0,1021647.0,2015647.0
2078,-15081.160134394586,15081.160134394586,15615.5,89.07857142857146,-4700.0,1109615.5,2015615.5
2079,-15019.839410835564,15019.839410835564,15524.5,65.07142857142858,900.0,997524.5,2015524.5
2080,-15236.136986241456,15236.136986241456,15743.5,62.27428571428573,1300.0,989743.5,2015743.5
2081,-15097.85823271266,15097.85823271266,15622.5,76.48285714285716,2200.0,971622.5,2015622.5
2082,-14838.174234921375,14838.174234921375,15369.0,91.07500000000002,-2000.0,1055369.0,2015369.0
2083,-14769.55652485348,14769.55652485348,15282.5,84.16428571428573,200.0,1011282.5,2015282.5
2084,-15186.534911136492,15186.534911136492,15699.5,68.70642857142857,3800.0,939699.5,2015699.5
2085,-15037.99206127992,15037.99206127992,15557.0,71.70357142857144,1000.0,995557.0,2015557.0
2086,-14922.584672073743,14922.584672073743,15466.0,103.29500000000003,-3000.0,1075466.0,2015466.0
2087,-15333.309077395046,15333.309077395046,15862.5,76.8357142857143,100.0,1013862.5,2015862.5
2088,-15055.22515463258,15055.22515463258,15573.5,77.09714285714287,1100.0,993573.5,2015573.5
2089,-15260.259989706003,15260.259989706003,15793.5,82.95714285714286,1100.0,993793.5,2015793.5
2090,-14914.556615911428,14914.556615911428,15416.0,65.61142857142858,500.0,1005416.0,2015416.0
2091,-15199.228254443755,15199.228254443755,15712.5,66.2357142857143,1100.0,993712.5,2015712.5
2092,-15007.737102139617,15007.737102139617,15518.0,64.84428571428573,1400.0,987518.0,2015518.0
2093,-14988.482386629079,14988.482386629079,15485.5,55.4807142857143,-1000.0,1035485.5,2015485.5
2094,-15242.28589243723,15242.28589243723,15755.5,68.92142857142858,2400.0,967755.5,2015755.5
2095,-15494.25762337342,15494.25762337342,16016.5,67.83285714285716,4300.0,930016.5,2016016.5
2096,-15275.090002957286,15275.090002957286,15806.0,80.77857142857145,2100.0,973806.0,2015806.0
2097,-15140.170877214543,15140.170877214543,15654.0,68.54500000000002,1700.0,981654.0,2015654.0
2098,-14906.72019726684,14906.72019726684,15438.5,97.47214285714287,4700.0,921438.5,2015438.5
2099,-15410.486973941552,15410.486973941552,15937.5,68.9857142857143,-2300.0,1061937.5,2015937.5
2100,-15389.173504306202,15389.173504306202,15953.0,110.31357142857144,-1700.0,1049953.0,2015953.0
2101,-14886.437443968278,14886.437443968278,15389.5,61.45928571428573,-1500.0,1045389.5,2015389.5
2102,-15488.223645833063,15488.223645833063,16014.5,68.85285714285716,200.0,1012014.5,2016014.5
2103,-15038.715811973061,15038.715811973061,15568.0,84.02500000000002,-1400.0,1043568.0,2015568.0
2104,-15090.23171764685,15090.23171764685,15634.5,99.51714285714289,-3500.0,1085634.5,2015634.5
2105,-15145.024354180237,15145.024354180237,15686.5,94.09714285714287,5300.0,909686.5,2015686.5
2106,-14905.091760038871,14905.091760038871,15402.5,58.26928571428572,-3100.0,1077402.5,2015402.5
2107,-14660.471136187478,14660.471136187478,15161.0,71.68785714285715,1000.0,995161.0,2015161.0
2108,-14957.366852660247,14957.366852660247,15475.0,82.87357142857145,-1200.0,1039475.0,2015475.0
2109,-14941.17438838898,14941.17438838898,15469.5,90.0107142857143,4500.0,925469.5,2015469.5
2110,-15040.629952503716,15040.629952503716,15561.5,75.24357142857144,400.0,1007561.5,2015561.5
2111,-15236.64557510582,15236.64557510582,15764.5,84.40642857142859,100.0,1013764.5,2015764.5
2112,-14728.9337876692,14728.9337876692,15226.0,61.33142857142858,1200.0,991226.0,2015226.0
2113,-15122.061106445359,15122.061106445359,15641.5,75.78000000000002,3100.0,953641.5,2015641.5
2114,-15316.490738904598,15316.490738904598,15838.5,65.39857142857144,-900.0,1033838.5,2015838.5
2115,-15038.579132398609,15038.579132398609,15566.0,84.42214285714287,500.0,1005566.0,2015566.0
2116,-15406.288631095525,15406.288631095525,15924.5,63.23000000000002,-400.0,1023924.5,2015924.5
2117,-14966.857558304893,14966.857558304893,15472.5,68.2357142857143,400.0,1007472.5,2015472.5
2118,-14774.375922545636,14774.375922545636,15279.0,70.93,2700.0,961279.0,2015279.0
2119,-15008.268297831484,15008.268297831484,15531.0,81.3257142857143,3000.0,955531.0,2015531.0
2120,-14890.204182859536,14890.204182859536,15404.0,71.79357142857145,-2100.0,1057404.0,2015404.0
2121,-14841.742308305384,14841.742308305384,15335.0,55.77928571428572,-100.0,1017335.0,2015335.0
2122,-15190.0190949991,15190.0190949991,15683.5,48.09357142857144,-100.0,1017683.5,2015683.5
2123,-15176.747210790767,15176.747210790767,15693.5,71.84285714285716,-2200.0,1059693.5,2015693.5
2124,-14869.305654254349,14869.305654254349,15393.0,80.2907142857143,-1300.0,1041393.0,2015393.0
2125,-15332.559334603775,15332.559334603775,15862.5,80.18285714285716,900.0,997862.5,2015862.5
2126,-15054.673420215047,15054.673420215047,15566.0,67.95428571428573,2800.0,959566.0,2015566.0
2127,-15133.105396285366,15133.105396285366,15675.5,93.23142857142858,-5000.0,1115675.5,2015675.5
2128,-15269.610375482083,15269.610375482083,15792.0,69.62,2100.0,973792.0,2015792.0
2129,-15226.512539566633,15226.512539566633,15742.5,66.71214285714287,1000.0,995742.5,2015742.5
2130,-14974.800737102822,14974.800737102822,15491.0,73.31714285714287,1600.0,983491.0,2015491.0
2131,-15122.084252814917,15122.084252814917,15645.5,75.71785714285716,-700.0,1029645.5,2015645.5
2132,-14917.019926704343,14917.019926704343,15443.0,96.76928571428573,300.0,1009443.0,2015443.0
2133,-14858.600348659551,14858.600348659551,15376.5,83.43642857142859,-100.0,1017376.5,2015376.5
2134,-14948.519589023996,14948.519589023996,15472.0,79.94642857142858,1500.0,985472.0,2015472.0
2135,-15079.165260003723,15079.165260003723,15615.0,92.1364285714286,-3900.0,1093615.0,2015615.0
2136,-15122.416853425111,15122.416853425111,15661.5,95.6407142857143,1700.0,981661.5,2015661.5
2137,-15250.49072572731,15250.49072572731,15770.0,72.63642857142858,2100.0,973770.0,2015770.0
2138,-15152.509460737208,15152.509460737208,15679.0,80.59928571428571,5400.0,907679.0,2015679.0
2139,-15288.556801384082,15288.556801384082,15803.5,68.82428571428574,-4000.0,1095803.5,2015803.5
2140,-14992.899280258218,14992.899280258218,15513.0,80.00857142857144,3000.0,955513.0,2015513.0
2141,-15463.512116086884,15463.512116086884,15981.5,65.9057142857143,1700.0,981981.5,2015981.5
2142,-15403.204619333934,15403.204619333934,15929.0,70.81500000000003,-1500.0,1045929.0,2015929.0
2143,-15203.987034514765,15203.987034514765,15714.0,62.217857142857156,-300.0,1021714.0,2015714.0
2144,-15059.65068231149,15059.65068231149,15558.5,57.74357142857144,-2500.0,1065558.5,2015558.5
2145,-15305.550460940536,15305.550460940536,15828.0,74.59642857142859,-100.0,1017828.0,2015828.0
2146,-15134.84710262424,15134.84710262424,15649.5,74.24428571428572,3300.0,949649.5,2015649.5
2147,-15381.159416260569,15381.159416260569,15909.0,77.56214285714287,400.0,1007909.0,2015909.0
2148,-14831.637149472755,14831.637149472755,15318.0,53.23928571428572,2300.0,969318.0,2015318.0
2149,-15244.042275504278,15244.042275504278,15776.0,80.52785714285716,-2900.0,1073776.0,2015776.0
2150,-15104.14720310355,15104.14720310355,15603.0,51.99785714285715,-2100.0,1057603.0,2015603.0
2151,-14748.163261232161,14748.163261232161,15260.5,74.1214285714286,-2400.0,1063260.5,2015260.5
2152,-14796.923580088498,14796.923580088498,15307.5,75.06071428571428,2600.0,963307.5,2015307.5
2153,-15225.823238140636,15225.823238140636,15744.5,68.41928571428573,1700.0,981744.5,2015744.5
2154,-14831.852287533839,14831.852287533839,15356.0,85.50500000000002,3300.0,949356.0,2015356.0
2155,-15199.787074010965,15199.787074010965,15715.0,69.48857142857145,-100.0,1017715.0,2015715.0
2156,-14938.801691067216,14938.801691067216,15447.0,73.30071428571429,2500.0,965447.0,2015447.0
2157,-15059.161027719585,15059.161027719585,15575.0,74.98214285714288,-1900.0,1053575.0,2015575.0
2158,-14958.619382300089,14958.619382300089,15501.5,101.16714285714288,-500.0,1025501.5,2015501.5
2159,-15309.76614051696,15309.76614051696,15841.5,79.52928571428573,-2600.0,1067841.5,2015841.5
2160,-15178.380145598137,15178.380145598137,15691.0,65.75214285714287,1800.0,979691.0,2015691.0
2161,-15102.473815381189,15102.473815381189,15653.0,103.05928571428574,4400.0,927653.0,2015653.0
2162,-14964.97462313236,14964.97462313236,15476.0,74.92571428571429,4700.0,921476.0,2015476.0
2163,-14907.588762306663,14907.588762306663,15412.5,64.10928571428573,-200.0,1019412.5,2015412.5
2164,-15130.920383045985,15130.920383045985,15648.5,68.98571428571431,-1300.0,1041648.5,2015648.5
2165,-14970.519977027543,14970.519977027543,15478.0,67.055,3400.0,947478.0,2015478.0
2166,-15163.858683121427,15163.858683121427,15690.5,76.39785714285716,2200.0,971690.5,2015690.5
2167,-15122.33935546991,15122.33935546991,15639.0,72.64428571428573,-1200.0,1039639.0,2015639.0
2168,-15432.696413645263,15432.696413645263,15961.0,72.65571428571431,200.0,1011961.0,2015961.0
2169,-15073.126944268171,15073.126944268171,15617.5,100.08500000000002,3300.0,949617.5,2015617.5
2170,-14993.853787392462,14993.853787392462,15505.5,72.58214285714286,-1700.0,1049505.5,2015505.5
2171,-14798.490756264406,14798.490756264406,15310.0,72.13714285714286,4200.0,931310.0,2015310.0
2172,-15096.717751856097,15096.717751856097,15622.0,79.0407142857143,-400.0,1023622.0,2015622.0
2173,-15164.756911768694,15164.756911768694,15701.5,90.09642857142859,-1200.0,1039701.5,2015701.5
2174,-15097.045350485469,15097.045350485469,15619.5,76.90285714285716,100.0,1013619.5,2015619.5
2175,-15516.400496708817,15516.400496708817,16054.0,74.77714285714286,-1000.0,1036054.0,2016054.0
2176,-15298.24898129188,15298.24898129188,15810.0,60.26285714285716,1100.0,993810.0,2015810.0
2177,-14855.251559743578,14855.251559743578,15378.5,87.29000000000002,100.0,1013378.5,2015378.5
2178,-15021.799989986845,15021.799989986845,15539.5,79.74214285714288,2800.0,959539.5,2015539.5
2179,-14949.341399608707,14949.341399608707,15453.5,66.95000000000002,-1000.0,1035453.5,2015453.5
2180,-15369.698416314266,15369.698416314266,15897.0,78.4957142857143,4100.0,933897.0,2015897.0
2181,-15462.632168277749,15462.632168277749,15976.0,62.657142857142865,400.0,1007976.0,2015976.0
2182,-14818.434670927429,14818.434670927429,15336.0,83.16142857142859,-1700.0,1049336.0,2015336.0
2183,-15187.98826972723,15187.98826972723,15714.0,79.86214285714289,-4300.0,1101714.0,2015714.0
2184,-14894.5067350848,14894.5067350848,15406.0,73.24500000000002,-2200.0,1059406.0,2015406.0
2185,-15054.34295544355,15054.34295544355,15553.5,61.58214285714287,3400.0,947553.5,2015553.5
2186,-15097.298055848874,15097.298055848874,15607.0,71.14500000000001,-2400.0,1063607.0,2015607.0
2187,-15137.964624068978,15137.964624068978,15647.0,59.25357142857144,-1800.0,1051647.0,2015647.0
2188,-15030.05875630834,15030.05875630834,15553.0,77.38071428571429,-2500.0,1065553.0,2015553.0
2189,-15061.449368585025,15061.449368585025,15605.0,98.23500000000001,0.0,1015605.0,2015605.0
2190,-15227.854766435667,15227.854766435667,15759.5,86.38214285714287,1200.0,991759.5,2015759.5
2191,-14977.994208619673,14977.994208619673,15497.5,83.90357142857144,-5500.0,1125497.5,2015497.5
2192,-15148.257137891773,15148.257137891773,15688.0,95.73142857142861,-3600.0,1087688.0,2015688.0
2193,-14970.396643036223,14970.396643036223,15487.0,71.15714285714287,1700.0,981487.0,2015487.0
2194,-15095.177420933627,15095.177420933627,15618.5,82.14928571428572,3000.0,955618.5,2015618.5
2195,-15305.631100723254,15305.631100723254,15837.5,76.41428571428573,4900.0,917837.5,2015837.5
2196,-15333.789712517475,15333.789712517475,15841.5,57.32000000000001,2100.0,973841.5,2015841.5
2197,-14927.52259457425,14927.52259457425,15439.0,68.99285714285716,2000.0,975439.0,2015439.0
2198,-15211.989745445899,15211.989745445899,15724.5,67.76785714285715,-400.0,1023724.5,2015724.5
2199,-14764.162708630642,14764.162708630642,15286.5,93.28285714285715,-200.0,1019286.5,2015286.5
2200,-14684.618647994954,14684.618647994954,15199.0,80.89714285714287,1100.0,993199.0,2015199.0
2201,-14946.601983334935,14946.601983334935,15470.0,82.78214285714287,1500.0,985470.0,2015470.0
2202,-15670.323692085105,15670.323692085105,16189.5,57.75428571428572,-4100.0,1098189.5,2016189.5
2203,-14835.18706510517,14835.18706510517,15336.0,64.40285714285716,2000.0,975336.0,2015336.0
2204,-15138.799188967805,15138.799188967805,15663.5,80.51428571428573,-3300.0,1081663.5,2015663.5
2205,-15248.556747658615,15248.556747658615,15799.0,99.77714285714289,-300.0,1021799.0,2015799.0
2206,-15356.889485369033,15356.889485369033,15892.5,80.05571428571429,-6400.0,1143892.5,2015892.5
2207,-15128.460295098223,15128.460295098223,15643.5,66.055,300.0,1009643.5,2015643.5
2208,-14484.810210217667,14484.810210217667,14992.0,83.0764285714286,-1100.0,1036992.0,2014992.0
2209,-15216.850352205533,15216.850352205533,15745.0,81.32214285714286,-700.0,1029745.0,2015745.0
2210,-15335.899858411296,15335.899858411296,15857.0,68.6057142857143,-1100.0,1037857.0,2015857.0
2211,-14854.644301591892,14854.644301591892,15375.0,79.18428571428574,-3000.0,1075375.0,2015375.0
2212,-14903.460975515385,14903.460975515385,15421.0,73.84785714285715,2100.0,973421.0,2015421.0
2213,-15170.80770213594,15170.80770213594,15704.5,89.04785714285715,3500.0,945704.5,2015704.5
2214,-15268.687347080331,15268.687347080331,15817.5,94.33214285714288,-3800.0,1091817.5,2015817.5
2215,-14993.94925698587,14993.94925698587,15497.0,54.030714285714296,-800.0,1031497.0,2015497.0
2216,-14787.867434980952,14787.867434980952,15321.5,94.9807142857143,-4200.0,1099321.5,2015321.5
2217,-15147.747110071236,15147.747110071236,15680.0,80.59714285714287,-1800.0,1051680.0,2015680.0
2218,-14901.798185653975,14901.798185653975,15412.5,75.26928571428573,-1900.0,1053412.5,2015412.5
2219,-15480.036547015387,15480.036547015387,16030.5,90.91428571428574,4900.0,918030.5,2016030.5
2220,-15370.581229860018,15370.581229860018,15891.5,67.3364285714286,500.0,1005891.5,2015891.5
2221,-15120.061689866947,15120.061689866947,15635.5,72.37357142857144,-900.0,1033635.5,2015635.5
2222,-15022.202472569788,15022.202472569788,15527.5,62.66000000000001,1300.0,989527.5,2015527.5
2223,-15015.06364372391,15015.06364372391,15540.0,77.96500000000002,-200.0,1019540.0,2015540.0
2224,-14967.910619238015,14967.910619238015,15456.5,55.38214285714287,-800.0,1031456.5,2015456.5
2225,-15180.527792985089,15180.527792985089,15703.5,76.01642857142859,-600.0,1027703.5,2015703.5
2226,-14976.258168178358,14976.258168178358,15509.0,94.92357142857145,-1800.0,1051509.0,2015509.0
2227,-14944.254874140779,14944.254874140779,15457.5,71.87642857142859,3400.0,947457.5,2015457.5
2228,-15353.158789957017,15353.158789957017,15869.5,65.2307142857143,-1500.0,1045869.5,2015869.5
2229,-15606.571098590675,15606.571098590675,16126.5,61.91142857142859,900.0,998126.5,2016126.5
2230,-15055.233500047667,15055.233500047667,15572.5,76.34642857142859,-1600.0,1047572.5,2015572.5
2231,-15459.429037223505,15459.429037223505,15971.5,58.52785714285715,-200.0,1019971.5,2015971.5
2232,-15326.032351094284,15326.032351094284,15857.5,79.08785714285716,-800.0,1031857.5,2015857.5
2233,-14951.810690261744,14951.810690261744,15459.0,65.74785714285716,-1800.0,1051459.0,2015459.0
2234,-15123.881143526525,15123.881143526525,15667.5,94.18214285714288,-1800.0,1051667.5,2015667.5
2235,-15173.863089981742,15173.863089981742,15690.5,71.1657142857143,3200.0,951690.5,2015690.5
2236,-15057.439534176261,15057.439534176261,15586.5,76.48642857142858,-1500.0,1045586.5,2015586.5
2237,-15058.986226736353,15058.986226736353,15578.5,76.51500000000001,4200.0,931578.5,2015578.5
2238,-15050.257433631885,15050.257433631885,15584.0,93.2557142857143,1600.0,983584.0,2015584.0
2239,-15089.639706840568,15089.639706840568,15593.0,60.85785714285715,800.0,999593.0,2015593.0
2240,-15325.508671318927,15325.508671318927,15845.5,70.08285714285716,2700.0,961845.5,2015845.5
2241,-15066.2718482313,15066.2718482313,15589.5,80.54285714285714,3000.0,955589.5,2015589.5
2242,-15065.087288134571,15065.087288134571,15585.0,70.42500000000001,2500.0,965585.0,2015585.0
2243,-14886.573025266982,14886.573025266982,15385.0,59.79857142857145,-800.0,1031385.0,2015385.0
2244,-15150.211523609922,15150.211523609922,15693.5,92.91785714285717,1400.0,987693.5,2015693.5
2245,-15245.736967135683,15245.736967135683,15783.5,85.03928571428573,2800.0,959783.5,2015783.5
2246,-15067.012941930967,15067.012941930967,15575.5,67.83785714285716,-2700.0,1069575.5,2015575.5
2247,-14743.94147095743,14743.94147095743,15260.0,78.59714285714288,1500.0,985260.0,2015260.0
2248,-14941.917932558947,14941.917932558947,15438.0,61.87857142857144,-900.0,1033438.0,2015438.0
2249,-15013.721581094,15013.721581094,15518.5,64.81928571428571,-3400.0,1083518.5,2015518.5
2250,-15024.31368528458,15024.31368528458,15560.5,89.31571428571431,-6700.0,1149560.5,2015560.5
2251,-15019.102160115606,15019.102160115606,15528.0,67.62428571428572,-4200.0,1099528.0,2015528.0
2252,-14857.10003406525,14857.10003406525,15370.0,76.24357142857143,1000.0,995370.0,2015370.0
2253,-15286.489316847044,15286.489316847044,15791.5,62.04428571428573,-1900.0,1053791.5,2015791.5
2254,-15423.025586792835,15423.025586792835,15948.0,70.00357142857143,700.0,1001948.0,2015948.0
2255,-14928.883873152507,14928.883873152507,15420.5,54.56214285714286,-1100.0,1037420.5,2015420.5
2256,-15411.543458381013,15411.543458381013,15948.0,86.52285714285716,3600.0,943948.0,2015948.0
2257,-15313.906442073354,15313.906442073354,15818.0,54.14714285714287,700.0,1001818.0,2015818.0
2258,-15314.029527193954,15314.029527193954,15815.5,51.71428571428573,-1600.0,1047815.5,2015815.5
2259,-14965.107623172651,14965.107623172651,15482.0,76.34214285714287,-600.0,1027482.0,2015482.0
2260,-14902.320691505192,14902.320691505192,15425.5,88.96214285714287,2900.0,957425.5,2015425.5
2261,-15208.842426460335,15208.842426460335,15710.0,54.812857142857155,-2500.0,1065710.0,2015710.0
2262,-15273.187690635003,15273.187690635003,15786.5,65.99285714285716,-1000.0,1035786.5,2015786.5
2263,-15240.2353994359,15240.2353994359,15768.0,79.66928571428573,2500.0,965768.0,2015768.0
2264,-15065.564414507064,15065.564414507064,15584.0,71.79857142857145,2200.0,971584.0,2015584.0
2265,-15316.864233888942,15316.864233888942,15847.5,71.0657142857143,-1500.0,1045847.5,2015847.5
2266,-15091.913514431126,15091.913514431126,15617.0,86.33142857142859,1600.0,983617.0,2015617.0
2267,-15087.539914949119,15087.539914949119,15607.0,73.11500000000001,-1200.0,1039607.0,2015607.0
2268,-15169.123394273842,15169.123394273842,15685.5,70.96000000000001,-2100.0,1057685.5,2015685.5
2269,-15333.730561389748,15333.730561389748,15863.5,75.34714285714287,1600.0,983863.5,2015863.5
2270,-15041.637689187763,15041.637689187763,15582.5,88.965,-2300.0,1061582.5,2015582.5
2271,-15194.631146328029,15194.631146328029,15701.5,58.56785714285716,-1500.0,1045701.5,2015701.5
2272,-15032.892256544108,15032.892256544108,15547.5,79.53357142857145,1800.0,979547.5,2015547.5
2273,-14986.065790532333,14986.065790532333,15494.5,68.13928571428573,400.0,1007494.5,2015494.5
2274,-15051.619686999105,15051.619686999105,15583.0,85.03000000000002,-1500.0,1045583.0,2015583.0
2275,-15082.398615385497,15082.398615385497,15577.0,57.78571428571429,600.0,1003577.0,2015577.0
2276,-15723.543696298279,15723.543696298279,16235.0,42.97857142857144,900.0,998235.0,2016235.0
2277,-14881.081948541076,14881.081948541076,15359.0,42.00714285714287,-600.0,1027359.0,2015359.0
2278,-15039.113889658058,15039.113889658058,15538.0,54.977142857142866,-3100.0,1077538.0,2015538.0
2279,-15150.21638080965,15150.21638080965,15658.5,62.30285714285715,-300.0,1021658.5,2015658.5
2280,-15008.614502399652,15008.614502399652,15513.5,61.84357142857144,4300.0,929513.5,2015513.5
2281,-14958.949609066289,14958.949609066289,15452.5,55.160000000000004,-2800.0,1071452.5,2015452.5
2282,-15215.332674309451,15215.332674309451,15732.0,65.12285714285716,-700.0,1029732.0,2015732.0
2283,-15015.384277781939,15015.384277781939,15535.0,80.98857142857145,1600.0,983535.0,2015535.0
2284,-15045.571743735534,15045.571743735534,15594.0,103.99500000000002,4100.0,933594.0,2015594.0
2285,-15114.81642581226,15114.81642581226,15631.5,68.3357142857143,-3200.0,1079631.5,2015631.5
2286,-15018.406307534065,15018.406307534065,15533.5,67.10000000000001,-3900.0,1093533.5,2015533.5
2287,-14949.941876971665,14949.941876971665,15486.0,98.52500000000002,-3500.0,1085486.0,2015486.0
2288,-15393.630936003226,15393.630936003226,15907.0,61.227857142857154,800.0,999907.0,2015907.0
2289,-15022.222899309423,15022.222899309423,15537.0,68.53000000000002,1500.0,985537.0,2015537.0
2290,-14900.832253879875,14900.832253879875,15405.5,67.22642857142857,-100.0,1017405.5,2015405.5
2291,-15246.21965886025,15246.21965886025,15762.5,73.38642857142858,2200.0,971762.5,2015762.5
2292,-14891.966464171508,14891.966464171508,15405.5,76.6957142857143,400.0,1007405.5,2015405.5
2293,-15255.420019629197,15255.420019629197,15772.5,66.8207142857143,-500.0,1025772.5,2015772.5
2294,-15503.882110999872,15503.882110999872,16033.5,74.52142857142857,1100.0,994033.5,2016033.5
2295,-15038.174125149519,15038.174125149519,15570.0,85.89000000000001,0.0,1015570.0,2015570.0
2296,-15164.484518845748,15164.484518845748,15678.0,68.84285714285716,2900.0,957678.0,2015678.0
2297,-15217.53300479514,15217.53300479514,15762.0,90.36928571428574,300.0,1009762.0,2015762.0
2298,-15001.346642817422,15001.346642817422,15523.5,80.75214285714287,2300.0,969523.5,2015523.5
2299,-15147.834176958475,15147.834176958475,15671.5,77.73500000000001,-1000.0,1035671.5,2015671.5
2300,-15426.086044009196,15426.086044009196,15947.5,68.34714285714287,2600.0,963947.5,2015947.5
2301,-14715.815833613113,14715.815833613113,15253.5,98.90928571428574,-1700.0,1049253.5,2015253.5
2302,-15189.185606783369,15189.185606783369,15705.0,74.85714285714286,100.0,1013705.0,2015705.0
2303,-15006.57142365429,15006.57142365429,15540.0,89.95214285714289,-2800.0,1071540.0,2015540.0
2304,-15435.775427284743,15435.775427284743,15969.0,82.54357142857144,-3200.0,1079969.0,2015969.0
2305,-14888.617551428673,14888.617551428673,15421.5,94.3057142857143,4000.0,935421.5,2015421.5
2306,-15017.58908471015,15017.58908471015,15524.0,59.702142857142874,-1000.0,1035524.0,2015524.0
2307,-15152.365570255703,15152.365570255703,15686.0,82.45571428571431,3500.0,945686.0,2015686.0
2308,-15481.073993368624,15481.073993368624,16002.5,64.8107142857143,1800.0,980002.5,2016002.5
2309,-14892.536452296385,14892.536452296385,15405.0,73.98142857142858,-1000.0,1035405.0,2015405.0
2310,-15298.950698273224,15298.950698273224,15831.0,79.34357142857144,700.0,1001831.0,2015831.0
2311,-14971.17957146914,14971.17957146914,15482.5,68.17785714285716,3500.0,945482.5,2015482.5
2312,-15245.96055161288,15245.96055161288,15762.0,70.20500000000001,2100.0,973762.0,2015762.0
2313,-15121.28617487465,15121.28617487465,15652.5,79.38928571428573,-1000.0,1035652.5,2015652.5
2314,-15117.901637369665,15117.901637369665,15624.0,60.87714285714287,3500.0,945624.0,2015624.0
2315,-15135.60134530162,15135.60134530162,15650.0,70.48500000000001,3600.0,943650.0,2015650.0
2316,-15336.074314179248,15336.074314179248,15862.5,75.54642857142859,-1500.0,1045862.5,2015862.5
2317,-15024.88587520024,15024.88587520024,15526.0,59.42642857142857,1200.0,991526.0,2015526.0
2318,-14756.68320989859,14756.68320989859,15285.5,93.94785714285716,2500.0,965285.5,2015285.5
2319,-14937.23192508069,14937.23192508069,15447.0,69.5914285714286,4700.0,921447.0,2015447.0
2320,-15129.344496303478,15129.344496303478,15641.0,67.96071428571429,-2600.0,1067641.0,2015641.0
2321,-14660.950701476522,14660.950701476522,15170.0,74.105,-4200.0,1099170.0,2015170.0
2322,-15191.907506865056,15191.907506865056,15709.5,71.39857142857144,3300.0,949709.5,2015709.5
2323,-15241.15556649767,15241.15556649767,15764.0,80.17714285714288,2400.0,967764.0,2015764.0
2324,-15025.714200092747,15025.714200092747,15536.5,70.08357142857145,700.0,1001536.5,2015536.5
2325,-15165.983023759718,15165.983023759718,15660.5,51.150000000000006,200.0,1011660.5,2015660.5
2326,-15053.471431024864,15053.471431024864,15555.5,61.385000000000005,600.0,1003555.5,2015555.5
2327,-15427.479087331212,15427.479087331212,15945.0,66.38642857142858,-1000.0,1035945.0,2015945.0
2328,-15413.621201852899,15413.621201852899,15949.0,76.48642857142859,-200.0,1019949.0,2015949.0
2329,-15464.720606025427,15464.720606025427,15995.0,74.10142857142858,1900.0,977995.0,2015995.0
2330,-15069.071475557996,15069.071475557996,15575.5,60.87000000000001,-1000.0,1035575.5,2015575.5
2331,-14982.272546792403,14982.272546792403,15504.5,85.61571428571429,3400.0,947504.5,2015504.5
2332,-15417.973194077158,15417.973194077158,15962.0,81.175,-1300.0,1041962.0,2015962.0
2333,-15181.690176593886,15181.690176593886,15688.0,58.45928571428573,2800.0,959688.0,2015688.0
2334,-15006.430992721213,15006.430992721213,15531.5,82.71214285714288,4900.0,917531.5,2015531.5
2335,-15196.356052848827,15196.356052848827,15712.5,65.78142857142859,-1000.0,1035712.5,2015712.5
2336,-15290.595798964347,15290.595798964347,15811.5,69.72500000000001,-700.0,1029811.5,2015811.5
2337,-15117.447959019748,15117.447959019748,15619.5,58.15857142857145,-1800.0,1051619.5,2015619.5
2338,-15026.403950695181,15026.403950695181,15529.5,62.069285714285726,-200.0,1019529.5,2015529.5
2339,-15224.431276769032,15224.431276769032,15742.5,67.88500000000002,-2300.0,1061742.5,2015742.5
2340,-15145.903373966765,15145.903373966765,15661.0,64.90928571428573,1100.0,993661.0,2015661.0
2341,-14826.595301761012,14826.595301761012,15347.5,85.01857142857145,-2200.0,1059347.5,2015347.5
2342,-14988.580484350101,14988.580484350101,15504.5,79.37500000000001,-3300.0,1081504.5,2015504.5
2343,-15073.772146240379,15073.772146240379,15595.5,78.78285714285715,-1900.0,1053595.5,2015595.5
2344,-15165.248641116745,15165.248641116745,15678.0,66.6357142857143,700.0,1001678.0,2015678.0
2345,-15099.247666730445,15099.247666730445,15612.5,63.695000000000014,1400.0,987612.5,2015612.5
2346,-14823.66289074236,14823.66289074236,15359.0,98.24357142857144,2000.0,975359.0,2015359.0
2347,-14710.191337529279,14710.191337529279,15241.0,94.91000000000003,-800.0,1031241.0,2015241.0
2348,-14812.366626594965,14812.366626594965,15332.0,82.84214285714287,-2900.0,1073332.0,2015332.0
2349,-14998.503044738914,14998.503044738914,15518.5,76.1707142857143,-800.0,1031518.5,2015518.5
2350,-15372.561924663893,15372.561924663893,15899.0,79.43571428571431,1000.0,995899.0,2015899.0
2351,-15115.40809393851,15115.40809393851,15655.0,92.14285714285715,-2800.0,1071655.0,2015655.0
2352,-14979.894742410896,14979.894742410896,15529.0,106.90214285714289,-1100.0,1037529.0,2015529.0
2353,-15110.370748869582,15110.370748869582,15617.5,66.2757142857143,-3600.0,1087617.5,2015617.5
2354,-15046.646168946863,15046.646168946863,15558.5,69.00714285714287,900.0,997558.5,2015558.5
2355,-15005.200553893224,15005.200553893224,15534.5,86.74857142857144,-3700.0,1089534.5,2015534.5
2356,-14959.685546653014,14959.685546653014,15470.5,72.11642857142857,-4400.0,1103470.5,2015470.5
2357,-15368.959710868323,15368.959710868323,15901.0,80.71357142857144,2000.0,975901.0,2015901.0
2358,-15007.916063428514,15007.916063428514,15551.5,99.35214285714287,1400.0,987551.5,2015551.5
2359,-15054.812998862526,15054.812998862526,15574.0,80.96500000000002,4000.0,935574.0,2015574.0
2360,-15175.96725445332,15175.96725445332,15682.5,59.999285714285726,-1300.0,1041682.5,2015682.5
2361,-15626.990666067053,15626.990666067053,16165.0,77.94285714285715,-1500.0,1046165.0,2016165.0
2362,-15045.881328751871,15045.881328751871,15568.5,86.17928571428573,2300.0,969568.5,2015568.5
2363,-14993.423106074171,14993.423106074171,15528.0,87.06428571428575,-4400.0,1103528.0,2015528.0
2364,-15363.937797109294,15363.937797109294,15888.5,70.57928571428573,1600.0,983888.5,2015888.5
2365,-15713.881087160664,15713.881087160664,16239.0,63.50857142857143,-2100.0,1058239.0,2016239.0
2366,-14951.503100877684,14951.503100877684,15465.0,74.58357142857145,1700.0,981465.0,2015465.0
2367,-14836.243518713143,14836.243518713143,15387.0,110.30785714285717,-4000.0,1095387.0,2015387.0
2368,-15176.408578178583,15176.408578178583,15689.0,61.380714285714305,1400.0,987689.0,2015689.0
2369,-15193.016200260616,15193.016200260616,15706.5,65.8857142857143,200.0,1011706.5,2015706.5
2370,-15313.765532978578,15313.765532978578,15854.5,86.08285714285715,3600.0,943854.5,2015854.5
2371,-15223.607674037698,15223.607674037698,15725.0,56.57500000000002,-4200.0,1099725.0,2015725.0
2372,-15063.854462681746,15063.854462681746,15575.0,73.50214285714287,1400.0,987575.0,2015575.0
2373,-15037.884238028739,15037.884238028739,15543.5,62.797857142857154,200.0,1011543.5,2015543.5
2374,-15313.398193993507,15313.398193993507,15867.5,105.30285714285716,-2400.0,1063867.5,2015867.5
2375,-15109.002378556215,15109.002378556215,15630.0,73.53357142857146,-100.0,1017630.0,2015630.0
2376,-15069.233795292777,15069.233795292777,15594.5,76.38714285714288,-1500.0,1045594.5,2015594.5
2377,-15033.433003821949,15033.433003821949,15526.0,51.492142857142866,-300.0,1021526.0,2015526.0
2378,-15062.86344467792,15062.86344467792,15586.0,84.35428571428574,-200.0,1019586.0,2015586.0
2379,-14906.18675636103,14906.18675636103,15425.0,81.74142857142859,-4700.0,1109425.0,2015425.0
2380,-15092.665103912175,15092.665103912175,15601.5,61.045,800.0,999601.5,2015601.5
2381,-15128.226831776805,15128.226831776805,15657.0,79.94928571428574,5100.0,913657.0,2015657.0
2382,-15255.066856968917,15255.066856968917,15781.5,77.1257142857143,100.0,1013781.5,2015781.5
2383,-15012.346944750167,15012.346944750167,15526.5,71.12714285714286,-300.0,1021526.5,2015526.5
2384,-15306.954474231354,15306.954474231354,15830.0,74.89214285714287,-2200.0,1059830.0,2015830.0
2385,-15187.780974203062,15187.780974203062,15700.5,67.245,1300.0,989700.5,2015700.5
2386,-14921.357113076836,14921.357113076836,15441.0,84.89928571428572,3800.0,939441.0,2015441.0
2387,-15091.104755365568,15091.104755365568,15625.0,94.63428571428574,-2300.0,1061625.0,2015625.0
2388,-15195.737180561733,15195.737180561733,15705.0,64.07714285714286,-1400.0,1043705.0,2015705.0
2389,-15055.680332868465,15055.680332868465,15580.5,74.11642857142857,4400.0,927580.5,2015580.5
2390,-15039.360843031984,15039.360843031984,15543.0,61.079285714285724,2500.0,965543.0,2015543.0
2391,-14918.239204451203,14918.239204451203,15452.0,89.29142857142858,3000.0,955452.0,2015452.0
2392,-15327.043528996652,15327.043528996652,15844.0,68.47785714285715,-900.0,1033844.0,2015844.0
2393,-14726.648222805004,14726.648222805004,15239.5,78.39928571428572,600.0,1003239.5,2015239.5
2394,-15363.787398907352,15363.787398907352,15895.0,75.52714285714288,-4200.0,1099895.0,2015895.0
2395,-15737.93032739593,15737.93032739593,16280.0,79.82785714285716,-1800.0,1052280.0,2016280.0
2396,-15597.572523096707,15597.572523096707,16131.0,70.81071428571431,-1900.0,1054131.0,2016131.0
2397,-15029.659033972162,15029.659033972162,15564.0,86.68500000000002,-200.0,1019564.0,2015564.0
2398,-15071.685351459199,15071.685351459199,15579.5,60.616428571428585,2600.0,963579.5,2015579.5
2399,-14816.64474941383,14816.64474941383,15332.0,81.53714285714287,-2200.0,1059332.0,2015332.0
2400,-14846.3505398625,14846.3505398625,15357.0,75.12,1700.0,981357.0,2015357.0
2401,-14962.92577137913,14962.92577137913,15477.5,73.08785714285716,-3500.0,1085477.5,2015477.5
2402,-15234.593064741246,15234.593064741246,15765.5,86.82142857142858,-3200.0,1079765.5,2015765.5
2403,-15127.091850294491,15127.091850294491,15667.5,92.1364285714286,-1300.0,1041667.5,2015667.5
2404,-15092.261780707557,15092.261780707557,15597.0,59.16071428571429,-2600.0,1067597.0,2015597.0
2405,-15090.919835649242,15090.919835649242,15604.5,71.31928571428573,3200.0,951604.5,2015604.5
2406,-15216.823335008521,15216.823335008521,15753.0,80.80928571428574,-900.0,1033753.0,2015753.0
2407,-15186.269337986914,15186.269337986914,15697.0,62.66928571428572,2600.0,963697.0,2015697.0
2408,-14946.337958667755,14946.337958667755,15450.5,60.49714285714287,2300.0,969450.5,2015450.5
2409,-15610.77157429399,15610.77157429399,16133.5,65.54428571428573,-2300.0,1062133.5,2016133.5
2410,-15159.590774541033,15159.590774541033,15673.0,71.22000000000001,3900.0,937673.0,2015673.0
2411,-15047.158101957264,15047.158101957264,15545.5,56.492142857142866,-1300.0,1041545.5,2015545.5
2412,-15230.422440366288,15230.422440366288,15741.0,62.96928571428573,2100.0,973741.0,2015741.0
2413,-15096.785255810868,15096.785255810868,15617.0,74.92642857142857,3600.0,943617.0,2015617.0
2414,-14922.202814431283,14922.202814431283,15440.0,80.95285714285716,3800.0,939440.0,2015440.0
2415,-15099.54418097116,15099.54418097116,15596.5,52.775000000000006,-1900.0,1053596.5,2015596.5
2416,-14822.781901848555,14822.781901848555,15314.5,53.42714285714286,700.0,1001314.5,2015314.5
2417,-15059.776725987307,15059.776725987307,15581.5,75.10500000000002,3800.0,939581.5,2015581.5
2418,-15027.183413495803,15027.183413495803,15559.5,84.91571428571432,900.0,997559.5,2015559.5
2419,-14821.87558894694,14821.87558894694,15330.0,77.39500000000001,1800.0,979330.0,2015330.0
2420,-15261.598484202665,15261.598484202665,15794.5,84.78214285714287,-3800.0,1091794.5,2015794.5
2421,-15331.104228105698,15331.104228105698,15873.0,88.90642857142859,-3200.0,1079873.0,2015873.0
2422,-15448.651663128723,15448.651663128723,15986.0,77.44714285714286,300.0,1009986.0,2015986.0
2423,-15267.534072361395,15267.534072361395,15785.5,65.7464285714286,-400.0,1023785.5,2015785.5
2424,-14753.93283107143,14753.93283107143,15266.0,77.7314285714286,-3500.0,1085266.0,2015266.0
2425,-15260.884208829695,15260.884208829695,15778.5,71.32500000000002,-1800.0,1051778.5,2015778.5
2426,-15287.042748544813,15287.042748544813,15806.0,64.91714285714286,-1200.0,1039806.0,2015806.0
2427,-15067.500924884036,15067.500924884036,15607.0,91.68,-2400.0,1063607.0,2015607.0
2428,-15134.120241375264,15134.120241375264,15674.0,97.3807142857143,-400.0,1023674.0,2015674.0
2429,-15380.477395241942,15380.477395241942,15916.5,80.95142857142858,500.0,1005916.5,2015916.5
2430,-14900.683164133578,14900.683164133578,15424.0,82.81214285714287,1200.0,991424.0,2015424.0
2431,-14990.730566244985,14990.730566244985,15515.5,80.00785714285716,-1700.0,1049515.5,2015515.5
2432,-15378.46211140717,15378.46211140717,15890.0,59.85142857142858,2000.0,975890.0,2015890.0
2433,-14845.333853098351,14845.333853098351,15395.0,113.48928571428574,5800.0,899395.0,2015395.0
2434,-14843.792683809486,14843.792683809486,15357.5,77.0807142857143,-700.0,1029357.5,2015357.5
2435,-14876.490104950519,14876.490104950519,15385.0,67.75500000000001,-600.0,1027385.0,2015385.0
2436,-15367.372398096966,15367.372398096966,15880.0,66.71857142857144,1000.0,995880.0,2015880.0
2437,-15135.441427696496,15135.441427696496,15649.0,61.56285714285715,-1200.0,1039649.0,2015649.0
2438,-14742.15900866381,14742.15900866381,15264.5,83.44428571428573,200.0,1011264.5,2015264.5
2439,-15069.190093892272,15069.190093892272,15569.0,59.812857142857155,1000.0,995569.0,2015569.0
2440,-14988.933487431028,14988.933487431028,15500.5,70.305,1000.0,995500.5,2015500.5
2441,-15290.551470537011,15290.551470537011,15811.0,68.42000000000002,-3700.0,1089811.0,2015811.0
2442,-15463.021492056521,15463.021492056521,15989.0,73.72357142857143,-300.0,1021989.0,2015989.0
2443,-15447.219553019495,15447.219553019495,15972.0,73.63642857142858,3100.0,953972.0,2015972.0
2444,-15352.580676750064,15352.580676750064,15877.0,73.48714285714287,-1900.0,1053877.0,2015877.0
2445,-15114.239801051157,15114.239801051157,15636.0,77.97357142857145,5200.0,911636.0,2015636.0
2446,-15092.357704149697,15092.357704149697,15617.5,77.05428571428573,700.0,1001617.5,2015617.5
2447,-14831.627327487418,14831.627327487418,15311.5,49.66571428571429,-500.0,1025311.5,2015311.5
2448,-14945.305216815323,14945.305216815323,15457.0,72.05357142857144,-1900.0,1053457.0,2015457.0
2449,-14935.04186308613,14935.04186308613,15474.0,95.83357142857145,6300.0,889474.0,2015474.0
2450,-15305.455513887442,15305.455513887442,15840.5,83.48714285714287,-2600.0,1067840.5,2015840.5
2451,-14730.929433754696,14730.929433754696,15243.5,74.29000000000002,2200.0,971243.5,2015243.5
2452,-14883.697702493087,14883.697702493087,15387.5,64.72714285714287,2500.0,965387.5,2015387.5
2453,-14911.52808515109,14911.52808515109,15430.5,80.09785714285715,1200.0,991430.5,2015430.5
2454,-15141.643233200188,15141.643233200188,15655.0,67.87500000000001,-3500.0,1085655.0,2015655.0
2455,-15217.507645591184,15217.507645591184,15751.0,83.5707142857143,-700.0,1029751.0,2015751.0
2456,-14978.093951153112,14978.093951153112,15504.5,83.45500000000001,1200.0,991504.5,2015504.5
2457,-15228.566138173443,15228.566138173443,15754.0,77.7207142857143,1500.0,985754.0,2015754.0
2458,-14885.968087291976,14885.968087291976,15404.5,80.00357142857145,-2900.0,1073404.5,2015404.5
2459,-15202.454778427684,15202.454778427684,15721.5,68.22785714285716,-300.0,1021721.5,2015721.5
2460,-15180.728116309418,15180.728116309418,15707.5,79.38285714285715,1200.0,991707.5,2015707.5
2461,-15033.202063209766,15033.202063209766,15558.5,83.5757142857143,2100.0,973558.5,2015558.5
2462,-15615.463317582773,15615.463317582773,16146.0,68.2307142857143,200.0,1012146.0,2016146.0
2463,-15150.470296630183,15150.470296630183,15678.0,79.40214285714288,-800.0,1031678.0,2015678.0
2464,-15001.105399405284,15001.105399405284,15534.0,86.19000000000003,400.0,1007534.0,2015534.0
2465,-14961.620406620988,14961.620406620988,15464.5,61.01357142857144,-600.0,1027464.5,2015464.5
2466,-14994.205045093715,14994.205045093715,15514.0,80.32785714285716,2600.0,963514.0,2015514.0
2467,-14990.871659269751,14990.871659269751,15487.0,58.97428571428572,3600.0,943487.0,2015487.0
2468,-15031.587902103984,15031.587902103984,15531.5,61.08214285714287,1300.0,989531.5,2015531.5
2469,-15240.909145029935,15240.909145029935,15756.5,65.02357142857144,200.0,1011756.5,2015756.5
2470,-15384.555763224478,15384.555763224478,15908.5,73.94214285714287,1100.0,993908.5,2015908.5
2471,-15211.985826273212,15211.985826273212,15724.0,63.622142857142876,-300.0,1021724.0,2015724.0
2472,-14917.102407288257,14917.102407288257,15448.5,80.37785714285715,-300.0,1021448.5,2015448.5
2473,-15154.762061012781,15154.762061012781,15688.5,84.10000000000001,3700.0,941688.5,2015688.5
2474,-15626.966284224749,15626.966284224749,16171.0,81.45285714285717,-600.0,1028171.0,2016171.0
2475,-15007.706451510247,15007.706451510247,15540.5,85.75928571428572,800.0,999540.5,2015540.5
2476,-15516.503473679984,15516.503473679984,16060.0,78.11214285714289,-3400.0,1084060.0,2016060.0
2477,-14677.879550159483,14677.879550159483,15190.0,77.87071428571429,1200.0,991190.0,2015190.0
2478,-15138.850537283732,15138.850537283732,15669.5,86.32000000000001,-2200.0,1059669.5,2015669.5
2479,-15395.380747183437,15395.380747183437,15924.0,79.89785714285716,-3000.0,1075924.0,2015924.0
2480,-15150.57984110618,15150.57984110618,15663.0,70.185,-3900.0,1093663.0,2015663.0
2481,-15147.38212726474,15147.38212726474,15660.5,70.28928571428573,1200.0,991660.5,2015660.5
2482,-14774.568231294765,14774.568231294765,15287.5,83.47714285714287,3700.0,941287.5,2015287.5
2483,-15129.157723301207,15129.157723301207,15652.5,75.9657142857143,0.0,1015652.5,2015652.5
2484,-14910.97485549998,14910.97485549998,15422.5,73.50357142857143,-2000.0,1055422.5,2015422.5
2485,-15068.041323757767,15068.041323757767,15583.5,66.32142857142858,-1100.0,1037583.5,2015583.5
2486,-14964.259897836906,14964.259897836906,15455.0,57.07500000000002,-2000.0,1055455.0,2015455.0
2487,-15012.69888005241,15012.69888005241,15551.5,100.6657142857143,-600.0,1027551.5,2015551.5
2488,-14983.383384058878,14983.383384058878,15510.0,86.4157142857143,5100.0,913510.0,2015510.0
2489,-15362.02787004512,15362.02787004512,15880.5,62.366428571428585,700.0,1001880.5,2015880.5
2490,-15213.918840135095,15213.918840135095,15735.0,72.55857142857145,-2500.0,1065735.0,2015735.0
2491,-15043.303302404453,15043.303302404453,15573.0,86.94785714285716,3900.0,937573.0,2015573.0
2492,-15275.238176314051,15275.238176314051,15806.5,80.65571428571431,300.0,1009806.5,2015806.5
2493,-14795.093861371375,14795.093861371375,15287.0,51.402857142857144,1400.0,987287.0,2015287.0
2494,-15025.634762163198,15025.634762163198,15536.5,69.26357142857145,1300.0,989536.5,2015536.5
2495,-14851.409419107908,14851.409419107908,15384.0,98.7407142857143,-100.0,1017384.0,2015384.0
2496,-15378.284140728672,15378.284140728672,15915.5,78.73500000000001,600.0,1003915.5,2015915.5
2497,-14795.15807698691,14795.15807698691,15296.0,65.52142857142859,900.0,997296.0,2015296.0
2498,-15018.176581075784,15018.176581075784,15537.5,76.08500000000002,-4400.0,1103537.5,2015537.5
2499,-15319.819233757598,15319.819233757598,15849.0,81.08214285714287,-1700.0,1049849.0,2015849.0
2500,-15077.711401098943,15077.711401098943,15601.0,84.62071428571429,-4000.0,1095601.0,2015601.0
2501,-15151.214371274764,15151.214371274764,15676.5,81.62357142857144,-600.0,1027676.5,2015676.5
2502,-15392.500134461638,15392.500134461638,15909.0,63.12357142857143,-1600.0,1047909.0,2015909.0
2503,-15078.673884023165,15078.673884023165,15646.0,125.29714285714287,-2300.0,1061646.0,2015646.0
2504,-15085.314517225957,15085.314517225957,15602.5,73.2957142857143,-1800.0,1051602.5,2015602.5
2505,-15114.610818923002,15114.610818923002,15647.5,87.6664285714286,5200.0,911647.5,2015647.5
2506,-15254.2060781904,15254.2060781904,15771.5,64.49357142857144,-600.0,1027771.5,2015771.5
2507,-15016.435195245054,15016.435195245054,15509.5,56.30071428571429,200.0,1011509.5,2015509.5
2508,-14790.079327801275,14790.079327801275,15289.5,61.875000000000014,3700.0,941289.5,2015289.5
2509,-15031.98478641083,15031.98478641083,15543.0,69.26142857142858,1300.0,989543.0,2015543.0
2510,-15277.113581195634,15277.113581195634,15801.5,74.82857142857144,600.0,1003801.5,2015801.5
2511,-15343.936414307918,15343.936414307918,15861.0,70.17142857142858,-3300.0,1081861.0,2015861.0
2512,-15131.820902708228,15131.820902708228,15635.5,54.265000000000015,2200.0,971635.5,2015635.5
2513,-15387.710885644045,15387.710885644045,15931.0,85.39000000000001,3400.0,947931.0,2015931.0
2514,-15296.843154209404,15296.843154209404,15829.5,78.83428571428573,-1600.0,1047829.5,2015829.5
2515,-15279.80700283213,15279.80700283213,15802.5,70.51500000000001,4600.0,923802.5,2015802.5
2516,-15107.347781538629,15107.347781538629,15629.5,75.75928571428574,3300.0,949629.5,2015629.5
2517,-15160.065761156937,15160.065761156937,15665.0,63.59857142857144,-800.0,1031665.0,2015665.0
2518,-15097.981130723689,15097.981130723689,15596.0,54.5857142857143,1300.0,989596.0,2015596.0
2519,-15046.989544968977,15046.989544968977,15559.5,66.57285714285715,-3600.0,1087559.5,2015559.5
2520,-15193.501644892473,15193.501644892473,15702.0,63.118571428571435,1200.0,991702.0,2015702.0
2521,-14838.217285368566,14838.217285368566,15352.5,74.73000000000002,-2800.0,1071352.5,2015352.5
2522,-14982.05965439591,14982.05965439591,15503.5,81.01500000000001,-3000.0,1075503.5,2015503.5
2523,-15217.203616531464,15217.203616531464,15741.5,84.31142857142859,-4900.0,1113741.5,2015741.5
2524,-14981.338303596207,14981.338303596207,15487.5,66.13357142857144,400.0,1007487.5,2015487.5
2525,-14954.617926350284,14954.617926350284,15498.5,104.06500000000003,-5100.0,1117498.5,2015498.5
2526,-15222.750084211733,15222.750084211733,15729.0,60.07428571428572,1100.0,993729.0,2015729.0
2527,-15094.274526191399,15094.274526191399,15621.0,78.63785714285716,800.0,999621.0,2015621.0
2528,-14892.970907318151,14892.970907318151,15400.0,70.2007142857143,-1400.0,1043400.0,2015400.0
2529,-15109.924129235149,15109.924129235149,15629.5,66.61000000000001,-1300.0,1041629.5,2015629.5
2530,-15139.817272275151,15139.817272275151,15644.0,58.91928571428572,700.0,1001644.0,2015644.0
2531,-15171.224328010243,15171.224328010243,15668.0,56.64142857142859,4200.0,931668.0,2015668.0
2532,-15153.598158106606,15153.598158106606,15664.5,65.47357142857145,-2700.0,1069664.5,2015664.5
2533,-15018.470969527161,15018.470969527161,15535.5,73.98357142857144,-2800.0,1071535.5,2015535.5
2534,-14980.22777861891,14980.22777861891,15490.0,71.33785714285715,1400.0,987490.0,2015490.0
2535,-15326.837765430737,15326.837765430737,15881.5,100.92285714285715,700.0,1001881.5,2015881.5
2536,-15217.95535552704,15217.95535552704,15773.5,105.30142857142859,-4300.0,1101773.5,2015773.5
2537,-15571.11575489135,15571.11575489135,16090.5,64.71071428571429,1500.0,986090.5,2016090.5
2538,-15363.30925434544,15363.30925434544,15871.0,57.102142857142866,-100.0,1017871.0,2015871.0
2539,-15239.67943962444,15239.67943962444,15757.0,71.59857142857143,-2800.0,1071757.0,2015757.0
2540,-14803.397275431136,14803.397275431136,15319.5,76.16428571428573,1700.0,981319.5,2015319.5
2541,-14902.108116450825,14902.108116450825,15425.5,80.98285714285717,2600.0,963425.5,2015425.5
2542,-14955.143392120668,14955.143392120668,15494.0,101.3707142857143,-600.0,1027494.0,2015494.0
2543,-15287.986597116016,15287.986597116016,15822.0,77.39285714285715,-3100.0,1077822.0,2015822.0
2544,-15079.48531659818,15079.48531659818,15618.0,90.97000000000001,700.0,1001618.0,2015618.0
2545,-14949.849271618663,14949.849271618663,15471.5,81.60000000000002,-1000.0,1035471.5,2015471.5
2546,-15274.079329422393,15274.079329422393,15798.0,78.48785714285714,1200.0,991798.0,2015798.0
2547,-15249.994104219855,15249.994104219855,15769.0,67.2807142857143,-800.0,1031769.0,2015769.0
2548,-14540.730788700279,14540.730788700279,15049.5,83.61928571428574,1300.0,989049.5,2015049.5
2549,-14949.576578492233,14949.576578492233,15452.0,63.15500000000001,-1000.0,1035452.0,2015452.0
2550,-14852.404715175617,14852.404715175617,15358.5,68.75142857142859,-800.0,1031358.5,2015358.5
2551,-15060.235246970482,15060.235246970482,15596.5,97.41357142857143,-1000.0,1035596.5,2015596.5
2552,-15277.904416940119,15277.904416940119,15797.5,70.90285714285716,1700.0,981797.5,2015797.5
2553,-15222.459137211026,15222.459137211026,15724.0,58.97214285714286,-2100.0,1057724.0,2015724.0
2554,-15322.941684084948,15322.941684084948,15839.0,66.75500000000002,-600.0,1027839.0,2015839.0
2555,-15308.054504844604,15308.054504844604,15811.0,56.03928571428572,1400.0,987811.0,2015811.0
2556,-15260.142456269814,15260.142456269814,15779.5,74.08928571428572,200.0,1011779.5,2015779.5
2557,-15072.705961970318,15072.705961970318,15577.0,60.42142857142858,-300.0,1021577.0,2015577.0
2558,-15259.332509080448,15259.332509080448,15767.0,60.13285714285716,1600.0,983767.0,2015767.0
2559,-15375.153613087452,15375.153613087452,15895.0,66.02571428571429,-200.0,1019895.0,2015895.0
2560,-15251.666335107377,15251.666335107377,15766.0,66.30642857142858,-3700.0,1089766.0,2015766.0
2561,-14968.369428070684,14968.369428070684,15472.0,55.87142857142858,3500.0,945472.0,2015472.0
2562,-14822.91804466923,14822.91804466923,15367.0,106.7557142857143,-5500.0,1125367.0,2015367.0
2563,-15016.7766819416,15016.7766819416,15520.0,63.80785714285715,-1500.0,1045520.0,2015520.0
2564,-14884.784873866982,14884.784873866982,15429.0,101.23142857142858,-700.0,1029429.0,2015429.0
2565,-15140.686829656415,15140.686829656415,15684.0,98.10785714285716,900.0,997684.0,2015684.0
2566,-15325.242234915975,15325.242234915975,15857.5,84.3357142857143,0.0,1015857.5,2015857.5
2567,-15061.545862361107,15061.545862361107,15567.5,60.92714285714287,1800.0,979567.5,2015567.5
2568,-15402.209389371415,15402.209389371415,15927.5,70.64857142857144,-3600.0,1087927.5,2015927.5
2569,-15304.624606120953,15304.624606120953,15810.5,54.86357142857143,-1200.0,1039810.5,2015810.5
2570,-15465.427393290818,15465.427393290818,16014.5,92.11142857142859,2500.0,966014.5,2016014.5
2571,-15324.413423915677,15324.413423915677,15840.0,67.09857142857143,-3000.0,1075840.0,2015840.0
2572,-15205.07180567857,15205.07180567857,15724.5,72.36285714285715,2900.0,957724.5,2015724.5
2573,-14969.935136599228,14969.935136599228,15489.0,75.40785714285715,-2500.0,1065489.0,2015489.0
2574,-15035.65670484566,15035.65670484566,15561.5,83.0514285714286,-400.0,1023561.5,2015561.5
2575,-14972.343325292733,14972.343325292733,15495.5,75.9807142857143,-200.0,1019495.5,2015495.5
2576,-15133.54014213859,15133.54014213859,15656.0,77.00071428571431,3900.0,937656.0,2015656.0
2577,-15279.399982272973,15279.399982272973,15807.5,84.69928571428574,2400.0,967807.5,2015807.5
2578,-15152.712933869623,15152.712933869623,15682.5,79.47428571428574,-2900.0,1073682.5,2015682.5
2579,-15296.187742302218,15296.187742302218,15835.5,92.53928571428574,-3800.0,1091835.5,2015835.5
2580,-15080.642295353135,15080.642295353135,15563.5,35.27214285714287,-900.0,1033563.5,2015563.5
2581,-15318.683498444443,15318.683498444443,15822.5,54.22357142857144,-1200.0,1039822.5,2015822.5
2582,-15202.144601615477,15202.144601615477,15716.5,70.14857142857144,-4900.0,1113716.5,2015716.5
2583,-14930.283869855988,14930.283869855988,15418.0,54.59214285714286,1600.0,983418.0,2015418.0
2584,-15062.828695293898,15062.828695293898,15559.0,53.70142857142858,1300.0,989559.0,2015559.0
2585,-14887.66692577978,14887.66692577978,15395.0,67.48642857142858,-1100.0,1037395.0,2015395.0
2586,-15391.016233315715,15391.016233315715,15926.0,80.05214285714287,-1200.0,1039926.0,2015926.0
2587,-15192.465315185913,15192.465315185913,15711.5,73.01642857142859,2700.0,961711.5,2015711.5
2588,-14915.0502117172,14915.0502117172,15417.5,64.96785714285716,700.0,1001417.5,2015417.5
2589,-15228.107482288142,15228.107482288142,15759.5,80.165,1400.0,987759.5,2015759.5
2590,-15226.792380677887,15226.792380677887,15743.0,73.2757142857143,2200.0,971743.0,2015743.0
2591,-15026.562733981853,15026.562733981853,15539.0,70.1057142857143,1400.0,987539.0,2015539.0
2592,-15136.619373431844,15136.619373431844,15653.0,67.28857142857144,2300.0,969653.0,2015653.0
2593,-14941.16069133368,14941.16069133368,15454.0,74.51428571428572,-3000.0,1075454.0,2015454.0
2594,-15050.579737488206,15050.579737488206,15546.5,54.72500000000001,-2700.0,1069546.5,2015546.5
2595,-15314.327558337447,15314.327558337447,15866.0,95.7764285714286,2500.0,965866.0,2015866.0
2596,-15434.553033254077,15434.553033254077,15975.5,86.51642857142858,-3700.0,1089975.5,2015975.5
2597,-15341.496816162984,15341.496816162984,15869.0,73.23785714285714,2200.0,971869.0,2015869.0
2598,-15277.888510277688,15277.888510277688,15805.0,80.2757142857143,1000.0,995805.0,2015805.0
2599,-15024.771972652134,15024.771972652134,15539.5,73.35142857142858,2400.0,967539.5,2015539.5
2600,-15201.2050957774,15201.2050957774,15723.0,73.15642857142859,1900.0,977723.0,2015723.0
2601,-15211.84517368381,15211.84517368381,15729.5,72.64714285714287,-400.0,1023729.5,2015729.5
2602,-14903.455661658398,14903.455661658398,15414.5,77.46857142857144,400.0,1007414.5,2015414.5
2603,-14885.104021283376,14885.104021283376,15395.5,73.2757142857143,100.0,1013395.5,2015395.5
2604,-14896.961815329672,14896.961815329672,15413.0,72.51142857142858,3500.0,945413.0,2015413.0
2605,-15160.828364748122,15160.828364748122,15687.0,80.23857142857145,-2000.0,1055687.0,2015687.0
2606,-15230.27739931164,15230.27739931164,15772.0,89.4457142857143,-1200.0,1039772.0,2015772.0
2607,-14866.666872573842,14866.666872573842,15361.5,55.55785714285715,500.0,1005361.5,2015361.5
2608,-15334.079565596392,15334.079565596392,15861.0,74.14214285714287,2900.0,957861.0,2015861.0
2609,-15185.875725514048,15185.875725514048,15710.0,74.56857142857143,4100.0,933710.0,2015710.0
2610,-15114.778212009835,15114.778212009835,15622.5,68.22428571428573,-100.0,1017622.5,2015622.5
2611,-14871.641963089338,14871.641963089338,15403.5,89.23357142857142,-1700.0,1049403.5,2015403.5
2612,-15141.5011566445,15141.5011566445,15645.0,60.10285714285715,100.0,1013645.0,2015645.0
2613,-14838.141025098681,14838.141025098681,15320.0,47.3007142857143,-900.0,1033320.0,2015320.0
2614,-15133.229767124223,15133.229767124223,15655.0,75.82285714285715,-2100.0,1057655.0,2015655.0
2615,-15389.455240711362,15389.455240711362,15935.5,91.71142857142858,-7300.0,1161935.5,2015935.5
2616,-14979.462580999625,14979.462580999625,15514.0,95.41500000000002,-1000.0,1035514.0,2015514.0
2617,-15178.891707419438,15178.891707419438,15705.5,76.97,1400.0,987705.5,2015705.5
2618,-15096.53729404564,15096.53729404564,15607.5,68.66714285714286,0.0,1015607.5,2015607.5
2619,-15117.594656443925,15117.594656443925,15629.0,67.10142857142858,-700.0,1029629.0,2015629.0
2620,-14786.367579174634,14786.367579174634,15313.0,87.44000000000001,3500.0,945313.0,2015313.0
2621,-15207.24966810374,15207.24966810374,15734.0,81.06642857142859,0.0,1015734.0,2015734.0
2622,-15346.297094647482,15346.297094647482,15859.5,60.97285714285715,-2200.0,1059859.5,2015859.5
2623,-14864.295279628084,14864.295279628084,15385.0,81.14928571428572,1600.0,983385.0,2015385.0
2624,-15468.61841444131,15468.61841444131,15995.5,68.37928571428573,600.0,1003995.5,2015995.5
2625,-15021.113481811462,15021.113481811462,15525.0,68.48000000000002,600.0,1003525.0,2015525.0
2626,-15013.506470379802,15013.506470379802,15555.5,92.855,-1700.0,1049555.5,2015555.5
2627,-15094.251837411635,15094.251837411635,15599.0,59.91785714285716,2400.0,967599.0,2015599.0
2628,-14867.646553600764,14867.646553600764,15390.0,79.59214285714287,-2800.0,1071390.0,2015390.0
2629,-14894.619803605987,14894.619803605987,15430.0,93.03785714285718,3400.0,947430.0,2015430.0
2630,-14903.196006541715,14903.196006541715,15421.0,73.17428571428573,600.0,1003421.0,2015421.0
2631,-15116.707604332332,15116.707604332332,15624.5,60.14500000000001,1400.0,987624.5,2015624.5
2632,-15014.751604322319,15014.751604322319,15509.0,60.22928571428572,-1100.0,1037509.0,2015509.0
2633,-15122.567055675223,15122.567055675223,15638.0,72.8907142857143,1000.0,995638.0,2015638.0
2634,-15353.108569035685,15353.108569035685,15876.0,70.4407142857143,900.0,997876.0,2015876.0
2635,-15411.155598904706,15411.155598904706,15933.0,69.57285714285715,1600.0,983933.0,2015933.0
2636,-15384.794830108882,15384.794830108882,15899.5,64.06928571428571,1300.0,989899.5,2015899.5
2637,-15298.81055967719,15298.81055967719,15807.5,56.46642857142858,-1800.0,1051807.5,2015807.5
2638,-15396.758553336778,15396.758553336778,15944.0,98.94714285714288,6000.0,895944.0,2015944.0
2639,-15055.005649736879,15055.005649736879,15571.0,73.21785714285716,2100.0,973571.0,2015571.0
2640,-15120.49748411784,15120.49748411784,15675.0,105.94428571428574,-3900.0,1093675.0,2015675.0
2641,-15033.937061108201,15033.937061108201,15544.0,72.40357142857144,-2700.0,1069544.0,2015544.0
2642,-15180.505204183195,15180.505204183195,15713.5,91.66785714285714,3500.0,945713.5,2015713.5
2643,-15004.710763441235,15004.710763441235,15519.0,75.34214285714287,-2200.0,1059519.0,2015519.0
2644,-15204.589615070694,15204.589615070694,15717.5,71.05571428571429,-1700.0,1049717.5,2015717.5
2645,-15178.84350419149,15178.84350419149,15716.0,91.84357142857144,-3100.0,1077716.0,2015716.0
2646,-15069.303593416891,15069.303593416891,15587.5,73.49714285714288,800.0,999587.5,2015587.5
2647,-15204.491432735516,15204.491432735516,15719.0,69.95142857142858,-200.0,1019719.0,2015719.0
2648,-15142.463451794925,15142.463451794925,15654.5,61.85142857142858,-900.0,1033654.5,2015654.5
2649,-15174.105840581231,15174.105840581231,15699.0,75.52428571428572,1000.0,995699.0,2015699.0
2650,-15208.442146480342,15208.442146480342,15728.5,73.2307142857143,2600.0,963728.5,2015728.5
2651,-14972.889866116908,14972.889866116908,15495.5,76.99785714285716,3800.0,939495.5,2015495.5
2652,-15299.023402616574,15299.023402616574,15838.5,90.28642857142859,4500.0,925838.5,2015838.5
2653,-15242.404026841323,15242.404026841323,15746.5,60.53642857142857,800.0,999746.5,2015746.5
2654,-15030.785412267373,15030.785412267373,15558.5,81.78285714285715,-600.0,1027558.5,2015558.5
2655,-15331.026170003493,15331.026170003493,15864.5,81.065,-1400.0,1043864.5,2015864.5
2656,-15063.559964937776,15063.559964937776,15583.5,75.785,4400.0,927583.5,2015583.5
2657,-15117.460189052732,15117.460189052732,15637.5,78.48285714285716,-2200.0,1059637.5,2015637.5
2658,-14723.040896087798,14723.040896087798,15230.5,76.0764285714286,-3500.0,1085230.5,2015230.5
2659,-14983.443301217789,14983.443301217789,15513.5,88.57214285714286,-2600.0,1067513.5,2015513.5
2660,-15042.856026176552,15042.856026176552,15540.0,56.73928571428572,2000.0,975540.0,2015540.0
2661,-15073.994698007024,15073.994698007024,15576.5,65.20000000000002,600.0,1003576.5,2015576.5
2662,-15158.517641440587,15158.517641440587,15686.5,77.53214285714287,1500.0,985686.5,2015686.5
2663,-15329.619609963349,15329.619609963349,15843.5,65.32642857142858,2300.0,969843.5,2015843.5
2664,-14981.843484378696,14981.843484378696,15498.5,77.67928571428573,-4100.0,1097498.5,2015498.5
2665,-15546.00144185931,15546.00144185931,16069.5,60.634285714285724,-2600.0,1068069.5,2016069.5
2666,-14821.079806685771,14821.079806685771,15348.5,87.62142857142858,-3200.0,1079348.5,2015348.5
2667,-15363.673731699291,15363.673731699291,15864.0,49.06000000000002,1600.0,983864.0,2015864.0
2668,-15097.819142124772,15097.819142124772,15617.0,76.5457142857143,700.0,1001617.0,2015617.0
2669,-15084.837344080304,15084.837344080304,15597.5,65.66785714285716,2500.0,965597.5,2015597.5
2670,-15052.022655063785,15052.022655063785,15576.5,83.61285714285717,-900.0,1033576.5,2015576.5
2671,-14967.13978804062,14967.13978804062,15488.0,80.87071428571429,1900.0,977488.0,2015488.0
2672,-14953.060769739066,14953.060769739066,15459.0,66.69785714285717,0.0,1015459.0,2015459.0
2673,-15099.364311288502,15099.364311288502,15620.5,74.23500000000001,3700.0,941620.5,2015620.5
2674,-15055.512136693904,15055.512136693904,15559.5,62.906428571428584,-100.0,1017559.5,2015559.5
2675,-15159.609728846119,15159.609728846119,15683.0,79.34,3000.0,955683.0,2015683.0
2676,-15486.352818296073,15486.352818296073,16007.5,63.944285714285726,-1400.0,1044007.5,2016007.5
2677,-15261.87298520972,15261.87298520972,15771.0,62.60500000000001,3400.0,947771.0,2015771.0
2678,-14934.672425751512,14934.672425751512,15469.5,91.715,-400.0,1023469.5,2015469.5
2679,-15000.340067284053,15000.340067284053,15513.5,73.52714285714286,-1400.0,1043513.5,2015513.5
2680,-15217.57633375922,15217.57633375922,15741.5,75.56785714285715,-700.0,1029741.5,2015741.5
2681,-15070.107217984041,15070.107217984041,15597.0,74.4807142857143,-1300.0,1041597.0,2015597.0
2682,-15071.54225907779,15071.54225907779,15599.0,85.46214285714287,1100.0,993599.0,2015599.0
2683,-15285.187078268069,15285.187078268069,15795.5,54.030714285714296,-1700.0,1049795.5,2015795.5
2684,-15267.739277115117,15267.739277115117,15785.5,66.60428571428574,1200.0,991785.5,2015785.5
2685,-15051.885186895996,15051.885186895996,15575.5,82.29357142857144,-1300.0,1041575.5,2015575.5
2686,-15095.63256103058,15095.63256103058,15627.0,86.48785714285717,-4100.0,1097627.0,2015627.0
2687,-15128.482658752131,15128.482658752131,15652.5,77.88928571428573,900.0,997652.5,2015652.5
2688,-15384.868783260401,15384.868783260401,15899.0,64.74285714285715,1700.0,981899.0,2015899.0
2689,-15108.781462409766,15108.781462409766,15631.5,78.19357142857145,1500.0,985631.5,2015631.5
2690,-15174.993149477505,15174.993149477505,15704.0,82.53285714285717,5800.0,899704.0,2015704.0
2691,-15114.427896906293,15114.427896906293,15634.0,72.27857142857144,-1300.0,1041634.0,2015634.0
2692,-15048.476688685685,15048.476688685685,15576.0,88.2557142857143,2800.0,959576.0,2015576.0
2693,-14881.470323848325,14881.470323848325,15391.0,72.35857142857145,3600.0,943391.0,2015391.0
2694,-15350.304850916782,15350.304850916782,15862.0,60.55357142857143,2100.0,973862.0,2015862.0
2695,-15105.739326117677,15105.739326117677,15638.5,89.2714285714286,-1500.0,1045638.5,2015638.5
2696,-14926.839320110932,14926.839320110932,15438.5,71.6214285714286,200.0,1011438.5,2015438.5
2697,-15186.72758046675,15186.72758046675,15721.0,87.00785714285715,2300.0,969721.0,2015721.0
2698,-15221.967993541828,15221.967993541828,15739.0,72.47428571428573,600.0,1003739.0,2015739.0
2699,-15045.790566884403,15045.790566884403,15598.0,107.71357142857144,1300.0,989598.0,2015598.0
2700,-15272.534409555801,15272.534409555801,15802.0,75.93357142857145,-700.0,1029802.0,2015802.0
2701,-15242.119255279868,15242.119255279868,15750.5,56.84642857142859,1900.0,977750.5,2015750.5
2702,-15245.397377415597,15245.397377415597,15760.5,73.22428571428571,0.0,1015760.5,2015760.5
2703,-15230.91129175379,15230.91129175379,15762.5,79.82357142857146,-400.0,1023762.5,2015762.5
2704,-15486.16992528781,15486.16992528781,16025.0,80.62214285714286,-2200.0,1060025.0,2016025.0
2705,-15242.66810373701,15242.66810373701,15769.5,82.1057142857143,-1800.0,1051769.5,2015769.5
2706,-14971.432135121606,14971.432135121606,15489.0,78.53857142857143,1500.0,985489.0,2015489.0
2707,-15476.719372740761,15476.719372740761,16025.5,90.05785714285716,3100.0,954025.5,2016025.5
2708,-14878.266041504987,14878.266041504987,15393.5,73.61714285714287,400.0,1007393.5,2015393.5
2709,-15391.35352836247,15391.35352836247,15913.5,63.63,800.0,999913.5,2015913.5
2710,-14866.401216929116,14866.401216929116,15380.0,75.4757142857143,-1600.0,1047380.0,2015380.0
2711,-15013.774250360602,15013.774250360602,15532.0,70.1207142857143,-1100.0,1037532.0,2015532.0
2712,-15385.202065653075,15385.202065653075,15915.0,82.09928571428574,-2000.0,1055915.0,2015915.0
2713,-15238.530769792014,15238.530769792014,15769.0,84.5757142857143,-1900.0,1053769.0,2015769.0
2714,-15293.61829306284,15293.61829306284,15785.0,43.03500000000001,1900.0,977785.0,2015785.0
2715,-14685.166093879023,14685.166093879023,15218.5,98.24714285714288,4800.0,919218.5,2015218.5
2716,-15154.695258650414,15154.695258650414,15703.0,99.52785714285716,-500.0,1025703.0,2015703.0
2717,-15348.335427969298,15348.335427969298,15864.5,69.83928571428572,-5600.0,1127864.5,2015864.5
2718,-14961.956765150826,14961.956765150826,15484.0,83.2114285714286,3800.0,939484.0,2015484.0
2719,-15051.380121436068,15051.380121436068,15564.5,65.8664285714286,-500.0,1025564.5,2015564.5
2720,-15286.301026646346,15286.301026646346,15801.5,60.773571428571444,700.0,1001801.5,2015801.5
2721,-14939.098543834414,14939.098543834414,15480.5,107.20428571428573,1700.0,981480.5,2015480.5
2722,-15404.210801767713,15404.210801767713,15933.0,75.80642857142858,800.0,999933.0,2015933.0
2723,-14966.48437889771,14966.48437889771,15465.5,56.12357142857144,1400.0,987465.5,2015465.5
2724,-14685.78819009212,14685.78819009212,15165.0,49.30785714285715,-1400.0,1043165.0,2015165.0
2725,-15354.608516644676,15354.608516644676,15877.5,69.71500000000002,-2200.0,1059877.5,2015877.5
2726,-15300.480560543136,15300.480560543136,15825.0,74.68142857142858,1700.0,981825.0,2015825.0
2727,-15353.93358679077,15353.93358679077,15866.5,64.82000000000002,800.0,999866.5,2015866.5
2728,-14941.082528991,14941.082528991,15481.5,101.51571428571431,1900.0,977481.5,2015481.5
2729,-15196.001101789447,15196.001101789447,15709.0,69.82428571428574,1000.0,995709.0,2015709.0
2730,-15064.092131039823,15064.092131039823,15607.5,94.36714285714288,-1800.0,1051607.5,2015607.5
2731,-15216.317293482143,15216.317293482143,15720.0,57.65428571428573,1900.0,977720.0,2015720.0
2732,-15257.436256618457,15257.436256618457,15787.0,74.71857142857144,-200.0,1019787.0,2015787.0
2733,-15250.071909306898,15250.071909306898,15762.5,63.09714285714287,1200.0,991762.5,2015762.5
2734,-15386.937059217704,15386.937059217704,15909.0,71.45857142857145,700.0,1001909.0,2015909.0
2735,-14931.78258165425,14931.78258165425,15458.5,81.23428571428573,-400.0,1023458.5,2015458.5
2736,-14957.112100289763,14957.112100289763,15479.0,80.0557142857143,1200.0,991479.0,2015479.0
2737,-15171.896076610697,15171.896076610697,15692.0,69.67500000000001,-1900.0,1053692.0,2015692.0
2738,-14417.687951314718,14417.687951314718,14939.5,96.60285714285716,2000.0,974939.5,2014939.5
2739,-15274.436108800266,15274.436108800266,15794.0,70.44428571428573,-4200.0,1099794.0,2015794.0
2740,-15150.474784111331,15150.474784111331,15657.0,61.14285714285715,-100.0,1017657.0,2015657.0
2741,-15456.703898896634,15456.703898896634,15991.5,76.85357142857144,4200.0,931991.5,2015991.5
2742,-15205.42920856128,15205.42920856128,15735.5,80.83214285714287,-800.0,1031735.5,2015735.5
2743,-15040.374384034734,15040.374384034734,15572.0,89.12357142857145,200.0,1011572.0,2015572.0
2744,-14867.916954353883,14867.916954353883,15392.0,80.38857142857144,-2300.0,1061392.0,2015392.0
2745,-14957.75203277629,14957.75203277629,15467.0,70.44000000000003,-1700.0,1049467.0,2015467.0
2746,-15246.804914959548,15246.804914959548,15782.5,79.78785714285715,2200.0,971782.5,2015782.5
2747,-14750.314834145258,14750.314834145258,15263.0,73.47142857142859,-1000.0,1035263.0,2015263.0
2748,-15048.261950753527,15048.261950753527,15540.5,54.94142857142859,-2200.0,1059540.5,2015540.5
2749,-15487.492133574051,15487.492133574051,16017.5,71.9457142857143,-1000.0,1036017.5,2016017.5
2750,-15067.222606984647,15067.222606984647,15586.0,73.48642857142858,-5200.0,1119586.0,2015586.0
2751,-15086.781285182888,15086.781285182888,15609.0,77.67500000000001,-1500.0,1045609.0,2015609.0
2752,-14968.717858841315,14968.717858841315,15491.5,84.42142857142858,700.0,1001491.5,2015491.5
2753,-15264.101680692202,15264.101680692202,15787.5,78.04857142857145,-2200.0,1059787.5,2015787.5
2754,-15121.857993890973,15121.857993890973,15622.0,59.0107142857143,-1300.0,1041622.0,2015622.0
2755,-15133.433027870262,15133.433027870262,15662.5,83.48642857142859,1300.0,989662.5,2015662.5
2756,-15045.345256496457,15045.345256496457,15555.5,66.7607142857143,-2600.0,1067555.5,2015555.5
2757,-15121.563511776567,15121.563511776567,15655.0,85.1657142857143,-2900.0,1073655.0,2015655.0
2758,-14857.45006319431,14857.45006319431,15383.0,90.79285714285716,0.0,1015383.0,2015383.0
2759,-15515.231569852633,15515.231569852633,16048.0,71.79857142857145,-800.0,1032048.0,2016048.0
2760,-14980.718287059184,14980.718287059184,15482.5,60.51142857142858,1600.0,983482.5,2015482.5
2761,-15100.762510987295,15100.762510987295,15617.5,73.13928571428573,-1100.0,1037617.5,2015617.5
2762,-15122.070510125901,15122.070510125901,15632.0,72.12214285714288,-2100.0,1057632.0,2015632.0
2763,-15225.311772366133,15225.311772366133,15750.5,70.23357142857144,1300.0,989750.5,2015750.5
2764,-15158.158863422172,15158.158863422172,15688.5,86.13714285714286,200.0,1011688.5,2015688.5
2765,-15223.002157187555,15223.002157187555,15734.5,58.81928571428571,200.0,1011734.5,2015734.5
2766,-15432.152773908945,15432.152773908945,15954.0,65.81142857142859,-3300.0,1081954.0,2015954.0
2767,-15377.651917204537,15377.651917204537,15891.0,60.59214285714287,1100.0,993891.0,2015891.0
2768,-15232.384110934654,15232.384110934654,15746.0,72.35285714285715,2000.0,975746.0,2015746.0
2769,-14802.680273394526,14802.680273394526,15327.0,86.95785714285715,-5100.0,1117327.0,2015327.0
2770,-15115.518992821273,15115.518992821273,15630.0,67.35928571428572,600.0,1003630.0,2015630.0
2771,-15297.049551805849,15297.049551805849,15841.0,91.69857142857146,0.0,1015841.0,2015841.0
2772,-15066.66961864504,15066.66961864504,15597.5,91.29357142857145,-3700.0,1089597.5,2015597.5
2773,-15442.644512266666,15442.644512266666,15973.0,74.3657142857143,5100.0,913973.0,2015973.0
2774,-15352.013429432976,15352.013429432976,15864.5,65.75214285714287,-600.0,1027864.5,2015864.5
2775,-15368.253792260733,15368.253792260733,15883.0,66.38928571428572,100.0,1013883.0,2015883.0
2776,-15194.528857892612,15194.528857892612,15715.5,70.50785714285715,4100.0,933715.5,2015715.5
2777,-14881.645390874599,14881.645390874599,15417.0,96.87071428571429,-3500.0,1085417.0,2015417.0
2778,-15124.125259079734,15124.125259079734,15643.5,70.46000000000002,1400.0,987643.5,2015643.5
2779,-15074.428847984913,15074.428847984913,15561.0,51.087142857142865,-2000.0,1055561.0,2015561.0
2780,-14870.342009367143,14870.342009367143,15428.0,124.91571428571432,-4500.0,1105428.0,2015428.0
2781,-15200.533341745926,15200.533341745926,15713.0,59.445714285714295,700.0,1001713.0,2015713.0
2782,-15258.233781054925,15258.233781054925,15762.0,53.392142857142865,900.0,997762.0,2015762.0
2783,-15265.391447622891,15265.391447622891,15798.5,80.5607142857143,-800.0,1031798.5,2015798.5
2784,-15146.80892764029,15146.80892764029,15675.5,83.28642857142859,-2400.0,1063675.5,2015675.5
2785,-15576.652831003748,15576.652831003748,16118.0,81.68000000000002,-100.0,1018118.0,2016118.0
2786,-15326.39073278544,15326.39073278544,15854.5,82.37142857142858,2200.0,971854.5,2015854.5
2787,-15403.03207221003,15403.03207221003,15915.5,62.908571428571435,1300.0,989915.5,2015915.5
2788,-15116.595153018883,15116.595153018883,15645.0,86.38500000000003,2600.0,963645.0,2015645.0
2789,-15425.171488441243,15425.171488441243,15958.5,77.3564285714286,-2200.0,1059958.5,2015958.5
2790,-14781.098582000119,14781.098582000119,15297.5,76.74214285714288,1700.0,981297.5,2015297.5
2791,-15119.6700274689,15119.6700274689,15639.5,74.4507142857143,600.0,1003639.5,2015639.5
2792,-14892.270483008622,14892.270483008622,15423.5,95.74000000000001,-3500.0,1085423.5,2015423.5
2793,-15265.656786324525,15265.656786324525,15811.0,94.7314285714286,1900.0,977811.0,2015811.0
2794,-15147.28221653741,15147.28221653741,15649.5,58.50428571428572,1800.0,979649.5,2015649.5
2795,-14837.202947721536,14837.202947721536,15360.5,88.20285714285716,5200.0,911360.5,2015360.5
2796,-14992.511992332917,14992.511992332917,15507.5,69.61928571428572,3600.0,943507.5,2015507.5
2797,-15167.179914028875,15167.179914028875,15700.0,84.26642857142859,2900.0,957700.0,2015700.0
2798,-15393.580869152334,15393.580869152334,15916.5,73.44857142857144,-100.0,1017916.5,2015916.5
2799,-15013.598807671366,15013.598807671366,15523.0,67.20000000000002,1100.0,993523.0,2015523.0
2800,-15166.406318579484,15166.406318579484,15695.0,83.50071428571431,3300.0,949695.0,2015695.0
2801,-15293.987790755396,15293.987790755396,15828.5,82.11000000000001,1000.0,995828.5,2015828.5
2802,-15114.214305423333,15114.214305423333,15627.5,70.43428571428572,200.0,1011627.5,2015627.5
2803,-15032.100654190534,15032.100654190534,15533.5,59.47857142857145,-3100.0,1077533.5,2015533.5
2804,-15045.652568564905,15045.652568564905,15553.0,70.70500000000001,1700.0,981553.0,2015553.0
2805,-15140.273080096771,15140.273080096771,15657.5,66.6007142857143,-1400.0,1043657.5,2015657.5
2806,-14999.420214748672,14999.420214748672,15505.5,62.412857142857156,1100.0,993505.5,2015505.5
2807,-15580.602204904884,15580.602204904884,16119.5,73.42714285714288,-2600.0,1068119.5,2016119.5
2808,-15041.394294425972,15041.394294425972,15569.5,79.32714285714287,-1700.0,1049569.5,2015569.5
2809,-15148.521036158116,15148.521036158116,15670.0,74.04500000000002,-900.0,1033670.0,2015670.0
2810,-15067.587962706499,15067.587962706499,15580.0,68.22500000000001,-2100.0,1057580.0,2015580.0
2811,-15159.899980270306,15159.899980270306,15680.0,70.54357142857145,800.0,999680.0,2015680.0
2812,-14988.68641114312,14988.68641114312,15498.5,66.75285714285715,1700.0,981498.5,2015498.5
2813,-14981.840725797996,14981.840725797996,15494.0,68.9057142857143,2400.0,967494.0,2015494.0
2814,-15090.89482903168,15090.89482903168,15608.5,76.63428571428574,-2000.0,1055608.5,2015608.5
2815,-15222.625265109566,15222.625265109566,15760.5,86.6507142857143,2800.0,959760.5,2015760.5
2816,-14725.6718976099,14725.6718976099,15216.5,57.21357142857144,300.0,1009216.5,2015216.5
2817,-15188.363528906866,15188.363528906866,15709.5,70.22428571428571,-2600.0,1067709.5,2015709.5
2818,-15008.91931677768,15008.91931677768,15522.5,69.37071428571429,-500.0,1025522.5,2015522.5
2819,-15141.51632140605,15141.51632140605,15646.0,57.56500000000001,1000.0,995646.0,2015646.0
2820,-14785.886663942396,14785.886663942396,15300.0,73.69928571428572,-200.0,1019300.0,2015300.0
2821,-14860.209435002651,14860.209435002651,15394.5,93.20000000000002,4300.0,929394.5,2015394.5
2822,-15136.37582075505,15136.37582075505,15666.0,92.5457142857143,-1600.0,1047666.0,2015666.0
2823,-14887.841024310717,14887.841024310717,15405.0,78.80642857142857,1500.0,985405.0,2015405.0
2824,-15135.971057881194,15135.971057881194,15672.5,90.74714285714288,1600.0,983672.5,2015672.5
2825,-15023.142623211465,15023.142623211465,15557.0,92.18285714285716,4200.0,931557.0,2015557.0
2826,-15186.779620082554,15186.779620082554,15722.5,80.70785714285716,3000.0,955722.5,2015722.5
2827,-14999.861270618443,14999.861270618443,15521.0,78.42928571428573,-900.0,1033521.0,2015521.0
2828,-15310.953128898062,15310.953128898062,15848.5,88.60785714285716,-2600.0,1067848.5,2015848.5
2829,-15320.671761564014,15320.671761564014,15834.5,69.25071428571431,4000.0,935834.5,2015834.5
2830,-15045.115378201152,15045.115378201152,15552.0,63.351428571428585,1000.0,995552.0,2015552.0
2831,-15105.992201991236,15105.992201991236,15617.0,65.90285714285716,400.0,1007617.0,2015617.0
2832,-15230.331463911858,15230.331463911858,15752.0,71.63714285714288,4000.0,935752.0,2015752.0
2833,-15408.3454792461,15408.3454792461,15927.5,68.93,1700.0,981927.5,2015927.5
2834,-15368.428483612284,15368.428483612284,15878.0,57.249285714285726,100.0,1013878.0,2015878.0
2835,-15383.048690141233,15383.048690141233,15925.0,87.02928571428572,5800.0,899925.0,2015925.0
2836,-15274.752673725086,15274.752673725086,15792.0,71.81428571428572,-3600.0,1087792.0,2015792.0
2837,-14842.261270030544,14842.261270030544,15370.0,86.93500000000002,-3900.0,1093370.0,2015370.0
2838,-14727.11972253508,14727.11972253508,15261.5,102.45285714285717,-4400.0,1103261.5,2015261.5
2839,-15140.573274505441,15140.573274505441,15645.5,56.48357142857144,-1300.0,1041645.5,2015645.5
2840,-15015.156452477844,15015.156452477844,15538.5,85.41642857142858,-3200.0,1079538.5,2015538.5
2841,-15656.618571680348,15656.618571680348,16179.5,65.62785714285715,4300.0,930179.5,2016179.5
2842,-15414.853598106936,15414.853598106936,15954.0,83.86714285714287,2700.0,961954.0,2015954.0
2843,-15200.424833458026,15200.424833458026,15697.5,51.217857142857156,-2300.0,1061697.5,2015697.5
2844,-15073.581929161985,15073.581929161985,15596.5,82.91928571428573,4000.0,935596.5,2015596.5
2845,-15441.878767373586,15441.878767373586,15965.0,69.10214285714287,-300.0,1021965.0,2015965.0
2846,-15620.321446788534,15620.321446788534,16135.5,58.10285714285716,-1200.0,1040135.5,2016135.5
2847,-15401.325382153573,15401.325382153573,15912.5,60.251428571428576,3500.0,945912.5,2015912.5
2848,-14755.717887546318,14755.717887546318,15264.5,70.39500000000001,-1100.0,1037264.5,2015264.5
2849,-14875.434677311998,14875.434677311998,15380.5,60.77642857142858,-100.0,1017380.5,2015380.5
2850,-14952.000422097313,14952.000422097313,15461.0,71.03142857142859,-3800.0,1091461.0,2015461.0
2851,-15093.805000975026,15093.805000975026,15603.5,71.92428571428573,2500.0,965603.5,2015603.5
2852,-14891.391415414333,14891.391415414333,15395.5,63.076428571428586,2700.0,961395.5,2015395.5
2853,-15291.976837147526,15291.976837147526,15822.5,84.99000000000001,-2300.0,1061822.5,2015822.5
2854,-15316.553201267063,15316.553201267063,15824.0,57.77,-1700.0,1049824.0,2015824.0
2855,-15112.82426929121,15112.82426929121,15610.5,60.57500000000001,800.0,999610.5,2015610.5
2856,-15031.642243595325,15031.642243595325,15520.5,49.008571428571436,-1000.0,1035520.5,2015520.5
2857,-15377.570087099926,15377.570087099926,15899.0,69.71285714285715,-800.0,1031899.0,2015899.0
2858,-15125.935313629776,15125.935313629776,15644.0,73.30785714285716,-3200.0,1079644.0,2015644.0
2859,-14771.74666361597,14771.74666361597,15295.5,86.94785714285716,1900.0,977295.5,2015295.5
2860,-15030.798936034116,15030.798936034116,15528.5,58.67428571428573,4100.0,933528.5,2015528.5
2861,-15086.054704470593,15086.054704470593,15599.5,71.96214285714287,1100.0,993599.5,2015599.5
2862,-14913.705704062719,14913.705704062719,15412.5,63.01214285714286,1900.0,977412.5,2015412.5
2863,-15331.904630352641,15331.904630352641,15859.0,75.49214285714285,-1000.0,1035859.0,2015859.0
2864,-15033.001458233539,15033.001458233539,15608.0,129.10428571428574,-6400.0,1143608.0,2015608.0
2865,-15211.567003034761,15211.567003034761,15743.0,79.97357142857145,-3600.0,1087743.0,2015743.0
2866,-15091.735159000316,15091.735159000316,15617.0,78.25142857142859,3500.0,945617.0,2015617.0
2867,-15029.178482070221,15029.178482070221,15548.0,73.57928571428573,2700.0,961548.0,2015548.0
2868,-14994.729702188852,14994.729702188852,15501.5,63.42428571428572,1600.0,983501.5,2015501.5
2869,-15107.07126854433,15107.07126854433,15647.0,96.09071428571431,-3900.0,1093647.0,2015647.0
2870,-15236.47958778721,15236.47958778721,15754.0,66.48857142857145,-1700.0,1049754.0,2015754.0
2871,-15182.608341766034,15182.608341766034,15708.0,74.11714285714285,-800.0,1031708.0,2015708.0
2872,-15544.258218085073,15544.258218085073,16060.5,58.51500000000001,-2100.0,1058060.5,2016060.5
2873,-15142.648855738791,15142.648855738791,15650.5,59.91714285714286,100.0,1013650.5,2015650.5
2874,-15089.701499541963,15089.701499541963,15608.0,72.16714285714286,4600.0,923608.0,2015608.0
2875,-15009.778914203962,15009.778914203962,15548.0,90.68928571428573,1300.0,989548.0,2015548.0
2876,-15242.843915588202,15242.843915588202,15750.0,63.72928571428572,-2300.0,1061750.0,2015750.0
2877,-15454.692154975397,15454.692154975397,15998.0,92.19357142857146,1700.0,981998.0,2015998.0
2878,-15256.188626706135,15256.188626706135,15799.5,97.63285714285716,4100.0,933799.5,2015799.5
2879,-15364.023443972865,15364.023443972865,15879.5,66.57857142857145,1900.0,977879.5,2015879.5
2880,-15206.561970317562,15206.561970317562,15727.5,73.8257142857143,-5300.0,1121727.5,2015727.5
2881,-15163.306557294181,15163.306557294181,15675.0,64.00785714285716,2500.0,965675.0,2015675.0
2882,-15191.401509661926,15191.401509661926,15705.0,64.48285714285716,-1700.0,1049705.0,2015705.0
2883,-15036.476003983074,15036.476003983074,15560.5,91.50714285714287,-5500.0,1125560.5,2015560.5
2884,-14998.819753881142,14998.819753881142,15542.5,101.20571428571432,1400.0,987542.5,2015542.5
2885,-15248.899850613245,15248.899850613245,15771.0,70.4207142857143,1400.0,987771.0,2015771.0
2886,-15080.35803654548,15080.35803654548,15617.0,91.7857142857143,1000.0,995617.0,2015617.0
2887,-15277.66561515072,15277.66561515072,15790.5,61.692142857142876,-2700.0,1069790.5,2015790.5
2888,-15181.680349768687,15181.680349768687,15688.5,58.84142857142858,-400.0,1023688.5,2015688.5
2889,-15122.985259027668,15122.985259027668,15636.5,65.7207142857143,2200.0,971636.5,2015636.5
2890,-15062.750742226657,15062.750742226657,15574.5,65.88214285714287,1400.0,987574.5,2015574.5
2891,-15120.437223576937,15120.437223576937,15636.0,69.75357142857145,2100.0,973636.0,2015636.0
2892,-14876.359841233654,14876.359841233654,15377.0,64.68714285714287,-700.0,1029377.0,2015377.0
2893,-15042.941249927284,15042.941249927284,15552.5,63.14000000000001,-1200.0,1039552.5,2015552.5
2894,-14987.123143999914,14987.123143999914,15516.5,86.29214285714289,500.0,1005516.5,2015516.5
2895,-15133.862613837042,15133.862613837042,15636.0,57.85000000000001,900.0,997636.0,2015636.0
2896,-15110.75080576468,15110.75080576468,15631.0,74.25785714285715,-600.0,1027631.0,2015631.0
2897,-15436.500926289893,15436.500926289893,15978.5,86.2357142857143,4700.0,921978.5,2015978.5
2898,-15146.626375177219,15146.626375177219,15670.5,77.16642857142858,-2200.0,1059670.5,2015670.5
2899,-14741.312200994164,14741.312200994164,15245.0,69.59714285714287,3600.0,943245.0,2015245.0
2900,-15079.238402413659,15079.238402413659,15593.5,62.347857142857166,-700.0,1029593.5,2015593.5
2901,-15240.869272602597,15240.869272602597,15755.5,69.21857142857144,1100.0,993755.5,2015755.5
2902,-15652.393883000137,15652.393883000137,16178.0,64.74285714285716,2000.0,976178.0,2016178.0
2903,-15404.147123149549,15404.147123149549,15934.0,76.12428571428572,-1600.0,1047934.0,2015934.0
2904,-15128.905038801853,15128.905038801853,15625.0,56.92857142857144,1400.0,987625.0,2015625.0
2905,-15432.941942162572,15432.941942162572,15941.5,59.242142857142866,900.0,997941.5,2015941.5
2906,-15241.961258656582,15241.961258656582,15754.0,64.76928571428573,1400.0,987754.0,2015754.0
2907,-14806.34562277488,14806.34562277488,15309.0,70.20428571428573,3300.0,949309.0,2015309.0
2908,-14880.293456048485,14880.293456048485,15407.5,90.94428571428571,2900.0,957407.5,2015407.5
2909,-14875.410062524956,14875.410062524956,15410.5,93.81000000000003,0.0,1015410.5,2015410.5
2910,-15122.244298497477,15122.244298497477,15668.0,98.79785714285717,-3700.0,1089668.0,2015668.0
2911,-14847.131530690061,14847.131530690061,15371.5,85.01428571428573,-900.0,1033371.5,2015371.5
2912,-15398.652460464082,15398.652460464082,15970.0,119.44714285714286,-5300.0,1121970.0,2015970.0
2913,-15202.458705355908,15202.458705355908,15721.0,67.3457142857143,-2700.0,1069721.0,2015721.0
2914,-14934.166137728176,14934.166137728176,15436.5,65.47785714285716,2000.0,975436.5,2015436.5
2915,-14924.014762473946,14924.014762473946,15463.0,93.77428571428574,1900.0,977463.0,2015463.0
2916,-14938.343678058056,14938.343678058056,15452.0,72.87214285714288,-200.0,1019452.0,2015452.0
2917,-14951.291381307386,14951.291381307386,15491.5,100.50000000000001,-4400.0,1103491.5,2015491.5
2918,-15119.893573085945,15119.893573085945,15652.0,84.06071428571431,600.0,1003652.0,2015652.0
2919,-15217.689761764055,15217.689761764055,15737.0,71.10857142857144,-700.0,1029737.0,2015737.0
2920,-15246.69248297256,15246.69248297256,15768.5,75.495,3000.0,955768.5,2015768.5
2921,-15176.089692591646,15176.089692591646,15724.0,93.83857142857144,-1100.0,1037724.0,2015724.0
2922,-15117.609185326146,15117.609185326146,15630.5,64.95142857142858,2000.0,975630.5,2015630.5
2923,-15291.42507166545,15291.42507166545,15801.5,57.759285714285724,1900.0,977801.5,2015801.5
2924,-15028.77438766907,15028.77438766907,15569.0,95.2407142857143,-4200.0,1099569.0,2015569.0
2925,-15024.618562193768,15024.618562193768,15533.5,68.06428571428572,800.0,999533.5,2015533.5
2926,-15186.99041749704,15186.99041749704,15708.5,73.4057142857143,3800.0,939708.5,2015708.5
2927,-15174.278056095325,15174.278056095325,15676.0,59.29285714285715,600.0,1003676.0,2015676.0
2928,-15057.1413436017,15057.1413436017,15596.0,96.3414285714286,-1900.0,1053596.0,2015596.0
2929,-14996.295711392235,14996.295711392235,15513.0,71.20142857142858,700.0,1001513.0,2015513.0
2930,-14869.158198137016,14869.158198137016,15385.0,76.40928571428574,-900.0,1033385.0,2015385.0
2931,-14950.424727758385,14950.424727758385,15496.5,108.52857142857145,2400.0,967496.5,2015496.5
2932,-15207.889261416876,15207.889261416876,15734.5,82.12642857142859,-2800.0,1071734.5,2015734.5
2933,-15514.63669045312,15514.63669045312,16030.0,59.94785714285716,500.0,1006030.0,2016030.0
2934,-15244.671445901477,15244.671445901477,15770.5,80.17071428571431,800.0,999770.5,2015770.5
2935,-15215.562025474957,15215.562025474957,15760.5,95.14857142857144,-400.0,1023760.5,2015760.5
2936,-15179.08412027937,15179.08412027937,15719.5,90.95000000000002,-1400.0,1043719.5,2015719.5
2937,-15322.220371262887,15322.220371262887,15859.5,81.80642857142858,3700.0,941859.5,2015859.5
2938,-15050.164514277867,15050.164514277867,15552.5,57.200714285714305,-2600.0,1067552.5,2015552.5
2939,-15020.603434669858,15020.603434669858,15540.0,82.5257142857143,-5800.0,1131540.0,2015540.0
2940,-15158.92741147859,15158.92741147859,15672.5,72.22000000000001,-1800.0,1051672.5,2015672.5
2941,-15116.241147163173,15116.241147163173,15623.0,58.437857142857155,-3100.0,1077623.0,2015623.0
2942,-14943.222111527088,14943.222111527088,15452.0,71.37500000000001,-2700.0,1069452.0,2015452.0
2943,-15243.171847010228,15243.171847010228,15762.0,73.25928571428574,-2600.0,1067762.0,2015762.0
2944,-15105.276818017055,15105.276818017055,15640.0,85.85500000000002,-200.0,1019640.0,2015640.0
2945,-15014.333224969823,15014.333224969823,15528.5,74.57714285714287,-200.0,1019528.5,2015528.5
2946,-15118.579303261477,15118.579303261477,15651.5,77.56500000000001,-1800.0,1051651.5,2015651.5
2947,-15250.069632836145,15250.069632836145,15781.5,81.38857142857144,-600.0,1027781.5,2015781.5
2948,-15234.549097185973,15234.549097185973,15766.0,78.97500000000001,-3700.0,1089766.0,2015766.0
2949,-14829.117675158619,14829.117675158619,15320.5,55.657857142857154,900.0,997320.5,2015320.5
2950,-15229.909467071111,15229.909467071111,15727.5,51.562857142857155,-2900.0,1073727.5,2015727.5
2951,-15474.61031078106,15474.61031078106,15989.5,57.62571428571431,-700.0,1029989.5,2015989.5
2952,-15241.060411124214,15241.060411124214,15757.0,69.87642857142859,-2300.0,1061757.0,2015757.0
2953,-15466.39876207789,15466.39876207789,15984.0,61.51428571428573,-200.0,1019984.0,2015984.0
2954,-15441.341303674135,15441.341303674135,16000.5,103.38428571428574,-3900.0,1094000.5,2016000.5
2955,-14918.387314006177,14918.387314006177,15423.0,61.765,3400.0,947423.0,2015423.0
2956,-15158.589922383759,15158.589922383759,15679.5,82.6407142857143,-800.0,1031679.5,2015679.5
2957,-14968.196851811575,14968.196851811575,15468.0,59.96857142857144,4000.0,935468.0,2015468.0
2958,-14803.31841097981,14803.31841097981,15337.0,100.22642857142858,-1800.0,1051337.0,2015337.0
2959,-15205.986226348617,15205.986226348617,15714.5,66.91142857142859,-2100.0,1057714.5,2015714.5
2960,-15396.343169781594,15396.343169781594,15946.0,100.34285714285716,-3600.0,1087946.0,2015946.0
2961,-14914.195028103399,14914.195028103399,15465.0,106.30642857142858,-400.0,1023465.0,2015465.0
2962,-15002.778319511845,15002.778319511845,15514.0,70.95357142857145,-1100.0,1037514.0,2015514.0
2963,-14880.354902051498,14880.354902051498,15396.0,77.56071428571431,1300.0,989396.0,2015396.0
2964,-15014.51201422597,15014.51201422597,15520.5,63.608571428571445,-2200.0,1059520.5,2015520.5
2965,-15388.641282811077,15388.641282811077,15901.5,58.710000000000015,100.0,1013901.5,2015901.5
2966,-15108.698727026334,15108.698727026334,15627.5,72.42000000000002,-900.0,1033627.5,2015627.5
2967,-14692.343463421048,14692.343463421048,15202.0,78.81428571428575,2100.0,973202.0,2015202.0
2968,-15051.985403198627,15051.985403198627,15576.0,79.57785714285716,100.0,1013576.0,2015576.0
2969,-14915.273481974878,14915.273481974878,15430.0,74.11285714285717,-1700.0,1049430.0,2015430.0
2970,-14852.948620942127,14852.948620942127,15352.5,62.520714285714305,-800.0,1031352.5,2015352.5
2971,-15468.499038380103,15468.499038380103,16018.0,89.42785714285718,2300.0,970018.0,2016018.0
2972,-15321.302442971464,15321.302442971464,15853.0,81.68142857142857,900.0,997853.0,2015853.0
2973,-14861.316996047994,14861.316996047994,15372.5,75.74785714285716,1700.0,981372.5,2015372.5
2974,-15235.427374919087,15235.427374919087,15751.5,67.49357142857144,-300.0,1021751.5,2015751.5
2975,-14696.509917939222,14696.509917939222,15220.5,86.74428571428574,0.0,1015220.5,2015220.5
2976,-14997.533232529137,14997.533232529137,15515.0,73.62500000000001,-3700.0,1089515.0,2015515.0
2977,-15320.17878337385,15320.17878337385,15837.5,63.070714285714295,-100.0,1017837.5,2015837.5
2978,-15168.4533211519,15168.4533211519,15706.0,97.69214285714287,4300.0,929706.0,2015706.0
2979,-15163.750864867332,15163.750864867332,15681.5,70.48428571428573,0.0,1015681.5,2015681.5
2980,-15042.889883698832,15042.889883698832,15541.5,57.53785714285715,-100.0,1017541.5,2015541.5
2981,-15085.405629696794,15085.405629696794,15589.0,61.679285714285726,1500.0,985589.0,2015589.0
2982,-15353.359483692579,15353.359483692579,15869.5,67.35285714285715,-2400.0,1063869.5,2015869.5
2983,-14786.845407569712,14786.845407569712,15290.0,70.4757142857143,-1700.0,1049290.0,2015290.0
2984,-15029.478900669223,15029.478900669223,15537.0,66.0657142857143,-3400.0,1083537.0,2015537.0
2985,-15171.719771579314,15171.719771579314,15728.5,105.15714285714287,500.0,1005728.5,2015728.5
2986,-15383.891843081881,15383.891843081881,15911.0,73.97357142857143,2700.0,961911.0,2015911.0
2987,-15038.586462040972,15038.586462040972,15557.5,78.29714285714289,3000.0,955557.5,2015557.5
2988,-15112.172391554312,15112.172391554312,15615.5,58.75142857142859,900.0,997615.5,2015615.5
2989,-15274.707538661864,15274.707538661864,15797.5,73.08785714285716,4400.0,927797.5,2015797.5
2990,-15212.499647535511,15212.499647535511,15711.0,50.43428571428572,-1100.0,1037711.0,2015711.0
2991,-15323.463023260352,15323.463023260352,15848.5,74.98142857142858,1200.0,991848.5,2015848.5
2992,-15279.1225854706,15279.1225854706,15841.5,105.75928571428574,4600.0,923841.5,2015841.5
2993,-14650.389844428337,14650.389844428337,15169.0,83.62,-2300.0,1061169.0,2015169.0
2994,-15119.794684372526,15119.794684372526,15617.5,50.38285714285715,700.0,1001617.5,2015617.5
2995,-15175.401692918662,15175.401692918662,15722.5,101.4914285714286,100.0,1013722.5,2015722.5
2996,-15309.758381903905,15309.758381903905,15824.0,66.5407142857143,200.0,1011824.0,2015824.0
2997,-14794.41467892017,14794.41467892017,15312.0,75.18,2400.0,967312.0,2015312.0
2998,-15046.983135579245,15046.983135579245,15590.5,100.4,-2100.0,1057590.5,2015590.5
2999,-15409.350402008127,15409.350402008127,15913.5,53.76642857142858,800.0,999913.5,2015913.5
3000,-15388.11998154484,15388.11998154484,15929.5,84.58000000000001,-700.0,1029929.5,2015929.5
3001,-15267.06177231638,15267.06177231638,15801.5,84.57500000000002,400.0,1007801.5,2015801.5
3002,-15203.555856741412,15203.555856741412,15721.0,70.54500000000002,-2100.0,1057721.0,2015721.0
3003,-14965.085195508162,14965.085195508162,15470.0,67.33142857142859,-1600.0,1047470.0,2015470.0
3004,-15000.4369661438,15000.4369661438,15550.5,106.33642857142858,3400.0,947550.5,2015550.5
3005,-15214.313476167692,15214.313476167692,15751.0,85.88714285714288,3100.0,953751.0,2015751.0
3006,-15265.38542564115,15265.38542564115,15790.5,75.43785714285715,100.0,1013790.5,2015790.5
3007,-14918.812810552296,14918.812810552296,15460.5,96.35785714285717,-5700.0,1129460.5,2015460.5
3008,-15026.520151143959,15026.520151143959,15543.5,74.8714285714286,-3300.0,1081543.5,2015543.5
3009,-14778.318680503784,14778.318680503784,15285.0,72.83857142857144,-1200.0,1039285.0,2015285.0
3010,-15229.011367094998,15229.011367094998,15733.5,59.25285714285714,2600.0,963733.5,2015733.5
3011,-14910.654271295727,14910.654271295727,15396.5,52.750000000000014,-100.0,1017396.5,2015396.5
3012,-15621.34549381824,15621.34549381824,16118.5,34.10642857142858,400.0,1008118.5,2016118.5
3013,-14887.68791042145,14887.68791042145,15385.0,63.040714285714294,1700.0,981385.0,2015385.0
3014,-15235.525033757778,15235.525033757778,15754.0,67.07142857142858,-800.0,1031754.0,2015754.0
3015,-15401.307238686852,15401.307238686852,15926.0,71.98285714285716,-2800.0,1071926.0,2015926.0
3016,-14989.99581122553,14989.99581122553,15490.5,55.36714285714287,1600.0,983490.5,2015490.5
3017,-14813.548389776177,14813.548389776177,15353.5,96.9814285714286,-3200.0,1079353.5,2015353.5
3018,-15064.918227349364,15064.918227349364,15573.5,64.08000000000001,2100.0,973573.5,2015573.5
3019,-15175.082716949892,15175.082716949892,15706.5,87.25214285714287,200.0,1011706.5,2015706.5
3020,-15235.404843789918,15235.404843789918,15780.5,100.14071428571431,600.0,1003780.5,2015780.5
3021,-15420.472633545396,15420.472633545396,15921.5,50.66642857142858,2500.0,965921.5,2015921.5
3022,-15086.603105296332,15086.603105296332,15611.0,74.59285714285716,-200.0,1019611.0,2015611.0
3023,-15512.661685412135,15512.661685412135,16023.0,54.00142857142859,-3800.0,1092023.0,2016023.0
3024,-15163.84461996103,15163.84461996103,15687.5,80.72714285714287,3200.0,951687.5,2015687.5
3025,-15060.146153621925,15060.146153621925,15597.5,90.89571428571429,900.0,997597.5,2015597.5
3026,-14852.304308533767,14852.304308533767,15342.0,54.48857142857145,-1100.0,1037342.0,2015342.0
3027,-14951.918954447732,14951.918954447732,15465.5,76.68642857142858,-3200.0,1079465.5,2015465.5
3028,-15346.968779010975,15346.968779010975,15878.0,81.53500000000001,100.0,1013878.0,2015878.0
3029,-15041.915781942707,15041.915781942707,15569.5,89.15857142857143,-5500.0,1125569.5,2015569.5
3030,-15098.885536930433,15098.885536930433,15626.0,81.90000000000002,4000.0,935626.0,2015626.0
3031,-15018.773533669766,15018.773533669766,15511.0,50.66214285714287,-800.0,1031511.0,2015511.0
3032,-15288.665113614563,15288.665113614563,15804.5,68.56571428571431,3700.0,941804.5,2015804.5
3033,-15223.839683833146,15223.839683833146,15740.0,70.40642857142859,1600.0,983740.0,2015740.0
3034,-15191.864721846105,15191.864721846105,15717.0,78.79500000000002,-3600.0,1087717.0,2015717.0
3035,-15339.955624041659,15339.955624041659,15870.0,80.56500000000001,200.0,1011870.0,2015870.0
3036,-15309.70788270934,15309.70788270934,15832.0,67.81857142857145,500.0,1005832.0,2015832.0
3037,-15112.669950420823,15112.669950420823,15623.0,64.42642857142857,1700.0,981623.0,2015623.0
3038,-15470.255626872138,15470.255626872138,15991.5,63.65142857142859,1700.0,981991.5,2015991.5
3039,-15039.314138181486,15039.314138181486,15541.5,61.44571428571429,-400.0,1023541.5,2015541.5
3040,-14858.594297032363,14858.594297032363,15360.0,64.51285714285714,2500.0,965360.0,2015360.0
3041,-14716.317092697685,14716.317092697685,15224.5,74.74428571428572,600.0,1003224.5,2015224.5
3042,-15324.74729949605,15324.74729949605,15856.0,82.47000000000001,100.0,1013856.0,2015856.0
3043,-14746.59945227964,14746.59945227964,15255.5,73.47785714285716,100.0,1013255.5,2015255.5
3044,-15222.853888926356,15222.853888926356,15752.5,87.74357142857144,5500.0,905752.5,2015752.5
3045,-14763.78623990147,14763.78623990147,15268.0,68.02714285714288,1300.0,989268.0,2015268.0
3046,-15087.233103860362,15087.233103860362,15591.5,56.67857142857144,900.0,997591.5,2015591.5
3047,-14976.275460222048,14976.275460222048,15538.5,120.11428571428573,-4200.0,1099538.5,2015538.5
3048,-14964.118989089488,14964.118989089488,15472.5,70.11142857142858,1900.0,977472.5,2015472.5
3049,-14831.945647198212,14831.945647198212,15356.5,85.05785714285716,-300.0,1021356.5,2015356.5
3050,-15127.586275645808,15127.586275645808,15643.5,70.68285714285716,-5000.0,1115643.5,2015643.5
3051,-15094.967914562381,15094.967914562381,15619.5,77.36857142857143,800.0,999619.5,2015619.5
3052,-14884.210177961219,14884.210177961219,15406.5,78.09000000000003,-1400.0,1043406.5,2015406.5
3053,-15080.00693498919,15080.00693498919,15581.0,53.237142857142864,-1300.0,1041581.0,2015581.0
3054,-15071.849212855795,15071.849212855795,15617.0,98.51642857142859,-3300.0,1081617.0,2015617.0
3055,-15131.141641328868,15131.141641328868,15641.5,63.311428571428586,-400.0,1023641.5,2015641.5
3056,-14945.963859165378,14945.963859165378,15463.0,71.35857142857144,-1000.0,1035463.0,2015463.0
3057,-15213.440745053516,15213.440745053516,15725.5,65.24785714285716,1600.0,983725.5,2015725.5
3058,-15250.050785213018,15250.050785213018,15784.5,83.48642857142859,-4400.0,1103784.5,2015784.5
3059,-15002.427890527899,15002.427890527899,15494.5,53.204285714285724,3600.0,943494.5,2015494.5
3060,-15211.06651783721,15211.06651783721,15747.0,83.275,-3300.0,1081747.0,2015747.0
3061,-14976.908261043569,14976.908261043569,15513.0,97.76500000000001,-3000.0,1075513.0,2015513.0
3062,-15114.285186095492,15114.285186095492,15627.5,71.08285714285715,-4600.0,1107627.5,2015627.5
3063,-15222.407386239185,15222.407386239185,15730.0,61.80857142857145,-700.0,1029730.0,2015730.0
3064,-15277.973845481947,15277.973845481947,15800.5,69.855,-200.0,1019800.5,2015800.5
3065,-15238.769421429362,15238.769421429362,15755.0,72.12285714285716,3300.0,949755.0,2015755.0
3066,-15434.236176333623,15434.236176333623,15953.0,68.83785714285716,-1300.0,1041953.0,2015953.0
3067,-14933.23449212415,14933.23449212415,15448.5,80.1657142857143,1100.0,993448.5,2015448.5
3068,-14956.908734164736,14956.908734164736,15505.5,103.48071428571431,1600.0,983505.5,2015505.5
3069,-15127.954472093184,15127.954472093184,15664.5,89.83214285714288,3900.0,937664.5,2015664.5
3070,-15152.046137502091,15152.046137502091,15672.5,77.87142857142857,600.0,1003672.5,2015672.5
3071,-15101.611697143519,15101.611697143519,15619.5,69.68285714285716,-2800.0,1071619.5,2015619.5
3072,-15180.158659395574,15180.158659395574,15707.0,74.44214285714287,700.0,1001707.0,2015707.0
3073,-15030.47350674216,15030.47350674216,15544.0,68.00000000000001,2800.0,959544.0,2015544.0
3074,-15208.071262356963,15208.071262356963,15715.5,62.534285714285716,3100.0,953715.5,2015715.5
3075,-15133.93388993417,15133.93388993417,15663.5,84.09500000000003,1100.0,993663.5,2015663.5
3076,-15069.921287460687,15069.921287460687,15601.0,90.025,-3300.0,1081601.0,2015601.0
3077,-15319.178666228225,15319.178666228225,15848.0,79.02214285714288,-2400.0,1063848.0,2015848.0
3078,-15107.421856021158,15107.421856021158,15624.0,69.28785714285715,1200.0,991624.0,2015624.0
3079,-14962.724743056384,14962.724743056384,15477.5,73.88285714285716,-300.0,1021477.5,2015477.5
3080,-15157.116433450718,15157.116433450718,15697.5,94.00285714285715,1400.0,987697.5,2015697.5
3081,-14816.970831453847,14816.970831453847,15370.5,121.32071428571429,-200.0,1019370.5,2015370.5
3082,-15091.731067643246,15091.731067643246,15607.5,72.19142857142859,1200.0,991607.5,2015607.5
3083,-14982.000489625925,14982.000489625925,15501.5,78.85500000000002,1000.0,995501.5,2015501.5
3084,-15127.757972367312,15127.757972367312,15640.0,71.37214285714288,-3900.0,1093640.0,2015640.0
3085,-14773.64014101088,14773.64014101088,15290.5,80.94428571428573,4300.0,929290.5,2015290.5
3086,-15180.11955056935,15180.11955056935,15699.0,73.42857142857144,2300.0,969699.0,2015699.0
3087,-14875.59452609606,14875.59452609606,15385.5,69.2807142857143,600.0,1003385.5,2015385.5
3088,-15070.013581385885,15070.013581385885,15578.0,61.83785714285716,-900.0,1033578.0,2015578.0
3089,-14996.132645739362,14996.132645739362,15502.5,62.93285714285716,-2500.0,1065502.5,2015502.5
3090,-14860.0629714083,14860.0629714083,15389.5,92.34214285714287,-400.0,1023389.5,2015389.5
3091,-15085.401807957933,15085.401807957933,15582.5,54.69928571428572,-100.0,1017582.5,2015582.5
3092,-15325.167186663331,15325.167186663331,15839.0,63.057142857142864,1000.0,995839.0,2015839.0
3093,-14908.523725815803,14908.523725815803,15428.5,76.46428571428572,1400.0,987428.5,2015428.5
3094,-15350.678478565947,15350.678478565947,15888.5,87.7657142857143,2700.0,961888.5,2015888.5
3095,-15327.890827726595,15327.890827726595,15844.5,67.57642857142858,500.0,1005844.5,2015844.5
3096,-15297.436762059624,15297.436762059624,15803.5,62.49214285714287,-500.0,1025803.5,2015803.5
3097,-15134.468944618986,15134.468944618986,15672.5,91.74214285714288,3100.0,953672.5,2015672.5
3098,-15031.731837212106,15031.731837212106,15556.0,76.35000000000001,-4200.0,1099556.0,2015556.0
3099,-15342.095145205654,15342.095145205654,15854.5,58.55357142857144,-1700.0,1049854.5,2015854.5
3100,-14932.35380373719,14932.35380373719,15469.5,104.52928571428575,5200.0,911469.5,2015469.5
3101,-14937.650209475863,14937.650209475863,15466.0,83.83785714285716,-2900.0,1073466.0,2015466.0
3102,-15025.825287879155,15025.825287879155,15562.0,96.28642857142859,-2100.0,1057562.0,2015562.0
3103,-14806.184643763914,14806.184643763914,15307.0,60.15500000000001,-1600.0,1047307.0,2015307.0
3104,-14881.040675485521,14881.040675485521,15402.0,84.86500000000001,1700.0,981402.0,2015402.0
3105,-14971.519813712235,14971.519813712235,15501.0,89.91285714285715,1200.0,991501.0,2015501.0
3106,-15190.195685135528,15190.195685135528,15695.5,61.062857142857155,2100.0,973695.5,2015695.5
3107,-14875.636994422443,14875.636994422443,15395.5,83.69928571428574,-2600.0,1067395.5,2015395.5
3108,-14840.019280511568,14840.019280511568,15356.0,80.10857142857145,-1900.0,1053356.0,2015356.0
3109,-15227.598581461069,15227.598581461069,15757.0,78.31857142857146,2100.0,973757.0,2015757.0
3110,-15002.693960045264,15002.693960045264,15536.0,90.40500000000002,-200.0,1019536.0,2015536.0
3111,-15239.168774162546,15239.168774162546,15772.0,85.08500000000001,-1600.0,1047772.0,2015772.0
3112,-15208.469952095515,15208.469952095515,15705.0,51.018571428571434,-1100.0,1037705.0,2015705.0
3113,-15224.872179615371,15224.872179615371,15736.0,62.62857142857145,2700.0,961736.0,2015736.0
3114,-15229.388629517716,15229.388629517716,15736.5,60.83214285714286,3600.0,943736.5,2015736.5
3115,-15257.06205685361,15257.06205685361,15790.0,80.51357142857144,1600.0,983790.0,2015790.0
3116,-15141.949983487066,15141.949983487066,15636.5,50.392142857142865,1500.0,985636.5,2015636.5
3117,-14970.570545475695,14970.570545475695,15488.5,74.46285714285716,-1900.0,1053488.5,2015488.5
3118,-15159.811101796004,15159.811101796004,15675.5,68.61500000000001,-900.0,1033675.5,2015675.5
3119,-14569.657851280524,14569.657851280524,15091.0,89.00357142857145,4400.0,927091.0,2015091.0
3120,-15158.916247159392,15158.916247159392,15695.5,88.38142857142859,-1400.0,1043695.5,2015695.5
3121,-15103.919522470274,15103.919522470274,15628.5,82.88500000000002,3000.0,955628.5,2015628.5
3122,-15408.836513523165,15408.836513523165,15926.0,62.38642857142858,2200.0,971926.0,2015926.0
3123,-15045.491787252213,15045.491787252213,15548.0,61.54142857142858,2700.0,961548.0,2015548.0
3124,-15070.360399926833,15070.360399926833,15581.0,68.96928571428573,4500.0,925581.0,2015581.0
3125,-15023.368695568779,15023.368695568779,15527.5,61.87785714285715,1600.0,983527.5,2015527.5
3126,-15007.980262804977,15007.980262804977,15532.5,80.70285714285717,-1200.0,1039532.5,2015532.5
3127,-15175.376038027916,15175.376038027916,15695.0,72.80285714285716,1000.0,995695.0,2015695.0
3128,-15281.786166813497,15281.786166813497,15787.0,61.2707142857143,-1600.0,1047787.0,2015787.0
3129,-14828.93899578432,14828.93899578432,15331.5,67.30928571428574,3000.0,955331.5,2015331.5
3130,-15367.962544740101,15367.962544740101,15885.5,60.06642857142859,-600.0,1027885.5,2015885.5
3131,-15344.93378403407,15344.93378403407,15879.0,87.71357142857144,-1000.0,1035879.0,2015879.0
3132,-15020.235066674666,15020.235066674666,15528.5,71.50928571428574,2400.0,967528.5,2015528.5
3133,-15013.958929891363,15013.958929891363,15547.5,90.95785714285716,3600.0,943547.5,2015547.5
3134,-14889.764370570123,14889.764370570123,15372.5,51.23928571428572,900.0,997372.5,2015372.5
3135,-14727.583548542594,14727.583548542594,15234.0,71.74500000000002,500.0,1005234.0,2015234.0
3136,-15021.62936716857,15021.62936716857,15529.0,59.597142857142856,1800.0,979529.0,2015529.0
3137,-15413.497105092112,15413.497105092112,15929.0,56.602142857142866,2200.0,971929.0,2015929.0
3138,-15209.155749826356,15209.155749826356,15724.5,67.39142857142858,-600.0,1027724.5,2015724.5
3139,-15220.602607061432,15220.602607061432,15746.5,81.46428571428574,1800.0,979746.5,2015746.5
3140,-15079.633846863853,15079.633846863853,15601.5,82.77000000000002,1500.0,985601.5,2015601.5
3141,-15456.918209939297,15456.918209939297,15976.5,66.7907142857143,1400.0,987976.5,2015976.5
3142,-15426.964143436368,15426.964143436368,15940.0,65.23428571428573,-400.0,1023940.0,2015940.0
3143,-15035.257057979074,15035.257057979074,15552.0,77.84285714285716,-1300.0,1041552.0,2015552.0
3144,-15181.093394850086,15181.093394850086,15698.0,70.54214285714288,-1200.0,1039698.0,2015698.0
3145,-14732.493707774243,14732.493707774243,15245.0,85.53785714285716,1600.0,983245.0,2015245.0
3146,-14992.385452870083,14992.385452870083,15501.0,63.90571428571429,-200.0,1019501.0,2015501.0
3147,-15313.903164688192,15313.903164688192,15838.0,72.67714285714288,-100.0,1017838.0,2015838.0
3148,-14800.336710463815,14800.336710463815,15340.0,106.0407142857143,2000.0,975340.0,2015340.0
3149,-15078.622350339545,15078.622350339545,15611.5,89.61285714285717,3200.0,951611.5,2015611.5
3150,-15445.254304420949,15445.254304420949,15976.0,72.48928571428573,800.0,999976.0,2015976.0
3151,-15346.321156833721,15346.321156833721,15873.5,71.6607142857143,-2000.0,1055873.5,2015873.5
3152,-15062.148689467624,15062.148689467624,15592.0,91.18214285714289,300.0,1009592.0,2015592.0
3153,-15022.341493116168,15022.341493116168,15543.5,82.06071428571431,2600.0,963543.5,2015543.5
3154,-14930.373823862647,14930.373823862647,15453.0,86.07714285714287,1900.0,977453.0,2015453.0
3155,-15088.24254608576,15088.24254608576,15605.0,71.2157142857143,1600.0,983605.0,2015605.0
3156,-15226.255199259725,15226.255199259725,15761.5,83.51000000000002,4400.0,927761.5,2015761.5
3157,-14816.755088782307,14816.755088782307,15317.0,63.99857142857143,-1900.0,1053317.0,2015317.0
3158,-14794.24095694479,14794.24095694479,15315.5,85.26357142857145,-2900.0,1073315.5,2015315.5
3159,-15153.96573289026,15153.96573289026,15690.5,96.37500000000001,3000.0,955690.5,2015690.5
3160,-14974.053475948747,14974.053475948747,15497.5,87.77857142857144,-4900.0,1113497.5,2015497.5
3161,-15153.913759491665,15153.913759491665,15662.0,62.21428571428572,1900.0,977662.0,2015662.0
3162,-15229.637170126363,15229.637170126363,15770.5,94.42928571428573,6200.0,891770.5,2015770.5
3163,-14982.23712462213,14982.23712462213,15498.5,73.53214285714287,2200.0,971498.5,2015498.5
3164,-15120.316412520944,15120.316412520944,15667.0,98.16214285714288,1200.0,991667.0,2015667.0
3165,-15210.717038876799,15210.717038876799,15727.0,64.11500000000001,2500.0,965727.0,2015727.0
3166,-15261.516511519887,15261.516511519887,15793.0,84.38928571428573,700.0,1001793.0,2015793.0
3167,-15114.812175637802,15114.812175637802,15640.5,81.33357142857145,-1400.0,1043640.5,2015640.5
3168,-15419.569580348245,15419.569580348245,15934.0,66.37500000000001,-900.0,1033934.0,2015934.0
3169,-15413.247994795382,15413.247994795382,15921.5,55.680000000000014,-1000.0,1035921.5,2015921.5
3170,-15331.315574976894,15331.315574976894,15854.0,66.28142857142859,-1700.0,1049854.0,2015854.0
3171,-15016.768397182132,15016.768397182132,15545.0,79.84928571428573,-600.0,1027545.0,2015545.0
3172,-15046.8599331041,15046.8599331041,15551.5,59.77857142857144,2600.0,963551.5,2015551.5
3173,-15017.02363233384,15017.02363233384,15538.0,77.50500000000002,3300.0,949538.0,2015538.0
3174,-14877.130326979921,14877.130326979921,15383.0,68.35785714285716,2000.0,975383.0,2015383.0
3175,-14995.629847080618,14995.629847080618,15503.5,62.43928571428573,-800.0,1031503.5,2015503.5
3176,-15153.95624265078,15153.95624265078,15664.5,63.78857142857144,1900.0,977664.5,2015664.5
3177,-15175.7111079406,15175.7111079406,15720.0,94.45142857142858,-200.0,1019720.0,2015720.0
3178,-14857.110475002439,14857.110475002439,15359.0,65.41642857142858,3400.0,947359.0,2015359.0
3179,-15190.604909829699,15190.604909829699,15726.0,89.02285714285715,-3900.0,1093726.0,2015726.0
3180,-15311.468262427534,15311.468262427534,15838.0,72.28142857142859,1000.0,995838.0,2015838.0
3181,-15095.226504954986,15095.226504954986,15590.5,50.66285714285715,-800.0,1031590.5,2015590.5
3182,-15315.941259072675,15315.941259072675,15846.5,74.70000000000002,-2600.0,1067846.5,2015846.5
3183,-15363.42617943355,15363.42617943355,15903.0,85.19142857142859,-1500.0,1045903.0,2015903.0
3184,-15151.35241378368,15151.35241378368,15652.5,57.82357142857143,-500.0,1025652.5,2015652.5
3185,-15126.435250922415,15126.435250922415,15658.5,85.06428571428575,2300.0,969658.5,2015658.5
3186,-14874.507081209304,14874.507081209304,15383.5,68.82285714285715,900.0,997383.5,2015383.5
3187,-15212.18638645687,15212.18638645687,15756.5,98.75714285714287,-3700.0,1089756.5,2015756.5
3188,-15316.002907041018,15316.002907041018,15834.5,68.9607142857143,1100.0,993834.5,2015834.5
3189,-14792.139377003507,14792.139377003507,15294.0,67.99928571428572,-1000.0,1035294.0,2015294.0
3190,-15417.143621329902,15417.143621329902,15943.0,71.34214285714286,-1800.0,1051943.0,2015943.0
3191,-14860.607592359538,14860.607592359538,15370.5,71.72142857142858,-1300.0,1041370.5,2015370.5
3192,-15005.055844079743,15005.055844079743,15526.0,79.65214285714288,-2500.0,1065526.0,2015526.0
3193,-15481.57889844468,15481.57889844468,15991.0,58.46714285714286,-3400.0,1083991.0,2015991.0
3194,-15006.883778568928,15006.883778568928,15513.5,65.09714285714287,600.0,1003513.5,2015513.5
3195,-14937.07552292278,14937.07552292278,15433.0,60.018571428571434,-500.0,1025433.0,2015433.0
3196,-15323.336257534755,15323.336257534755,15841.0,67.95785714285716,-100.0,1017841.0,2015841.0
3197,-15294.720296940603,15294.720296940603,15829.5,82.4107142857143,-1200.0,1039829.5,2015829.5
3198,-15034.564922959464,15034.564922959464,15543.5,61.40428571428572,2900.0,957543.5,2015543.5
3199,-15204.902469964556,15204.902469964556,15748.5,101.0214285714286,4100.0,933748.5,2015748.5
3200,-15060.346719132313,15060.346719132313,15592.5,89.94928571428574,-3900.0,1093592.5,2015592.5
3201,-15084.286516291419,15084.286516291419,15617.5,86.56928571428573,1800.0,979617.5,2015617.5
3202,-15208.325721754518,15208.325721754518,15726.0,75.12571428571428,0.0,1015726.0,2015726.0
3203,-15042.569176230729,15042.569176230729,15551.0,65.37714285714287,2600.0,963551.0,2015551.0
3204,-15117.83487708912,15117.83487708912,15640.5,76.96071428571429,-4500.0,1105640.5,2015640.5
3205,-15325.152163619801,15325.152163619801,15869.5,86.44214285714288,2900.0,957869.5,2015869.5
3206,-15192.497918755664,15192.497918755664,15694.5,58.40857142857144,-1200.0,1039694.5,2015694.5
3207,-15175.076982785416,15175.076982785416,15707.0,87.44285714285718,-700.0,1029707.0,2015707.0
3208,-15019.72314432793,15019.72314432793,15556.5,90.76714285714289,2100.0,973556.5,2015556.5
3209,-14729.505866177038,14729.505866177038,15235.5,67.5157142857143,400.0,1007235.5,2015235.5
3210,-15140.974094314766,15140.974094314766,15674.0,88.73,-3500.0,1085674.0,2015674.0
3211,-15077.5952523936,15077.5952523936,15591.0,65.19571428571429,1900.0,977591.0,2015591.0
3212,-15059.72574113937,15059.72574113937,15561.5,61.391428571428584,3900.0,937561.5,2015561.5
3213,-15172.111261790284,15172.111261790284,15678.5,62.23928571428573,-1100.0,1037678.5,2015678.5
3214,-14983.061180903902,14983.061180903902,15499.0,73.24928571428572,0.0,1015499.0,2015499.0
3215,-14930.740694599672,14930.740694599672,15449.5,80.12857142857146,-4600.0,1107449.5,2015449.5
3216,-15102.868068873755,15102.868068873755,15652.0,105.43357142857147,-1100.0,1037652.0,2015652.0
3217,-14905.49521959562,14905.49521959562,15422.5,79.07142857142858,-1100.0,1037422.5,2015422.5
3218,-15412.309307770838,15412.309307770838,15942.5,77.08500000000001,-600.0,1027942.5,2015942.5
3219,-15258.793154243685,15258.793154243685,15776.5,71.54500000000002,1300.0,989776.5,2015776.5
3220,-15282.518626837218,15282.518626837218,15791.5,57.476428571428585,-2600.0,1067791.5,2015791.5
3221,-15172.783400997349,15172.783400997349,15708.0,89.1357142857143,0.0,1015708.0,2015708.0
3222,-15197.074515996532,15197.074515996532,15711.0,65.64000000000001,1600.0,983711.0,2015711.0
3223,-14775.298383904123,14775.298383904123,15278.0,74.42857142857144,900.0,997278.0,2015278.0
3224,-14937.275635748656,14937.275635748656,15448.5,71.17928571428573,2500.0,965448.5,2015448.5
3225,-15440.954322650501,15440.954322650501,15980.5,79.78428571428573,-2300.0,1061980.5,2015980.5
3226,-14960.334773815295,14960.334773815295,15460.0,60.640714285714296,1000.0,995460.0,2015460.0
3227,-15158.136516612076,15158.136516612076,15679.5,78.7907142857143,-5000.0,1115679.5,2015679.5
3228,-15294.451986382395,15294.451986382395,15832.0,83.39142857142858,700.0,1001832.0,2015832.0
3229,-15175.44085712919,15175.44085712919,15681.0,57.74785714285715,1100.0,993681.0,2015681.0
3230,-15128.03524380391,15128.03524380391,15659.0,84.06357142857144,-3300.0,1081659.0,2015659.0
3231,-15160.192433141392,15160.192433141392,15671.5,67.98142857142858,-1000.0,1035671.5,2015671.5
3232,-15196.425746263209,15196.425746263209,15706.0,69.18285714285716,-1700.0,1049706.0,2015706.0
3233,-15232.41399104548,15232.41399104548,15742.5,63.83285714285716,900.0,997742.5,2015742.5
3234,-15184.528838349255,15184.528838349255,15695.0,62.367857142857154,-400.0,1023695.0,2015695.0
3235,-15742.579077749466,15742.579077749466,16304.5,97.37785714285717,2000.0,976304.5,2016304.5
3236,-15012.747720042747,15012.747720042747,15550.0,94.14428571428573,2900.0,957550.0,2015550.0
3237,-15557.154544031844,15557.154544031844,16090.5,76.28571428571429,-500.0,1026090.5,2016090.5
3238,-14970.06642430813,14970.06642430813,15535.0,126.79357142857145,-500.0,1025535.0,2015535.0
3239,-15042.44250127902,15042.44250127902,15546.0,62.22214285714286,-2200.0,1059546.0,2015546.0
3240,-15395.275116256196,15395.275116256196,15903.0,54.85857142857144,1400.0,987903.0,2015903.0
3241,-15134.46077012836,15134.46077012836,15643.5,66.75000000000001,-900.0,1033643.5,2015643.5
3242,-15460.866440198359,15460.866440198359,15976.5,60.772142857142875,-800.0,1031976.5,2015976.5
3243,-15167.95415132735,15167.95415132735,15682.0,71.47214285714287,700.0,1001682.0,2015682.0
3244,-15043.213422995272,15043.213422995272,15550.0,63.22214285714287,1000.0,995550.0,2015550.0
3245,-15577.035139878531,15577.035139878531,16118.5,77.77714285714288,200.0,1012118.5,2016118.5
3246,-15528.64171795977,15528.64171795977,16058.5,65.83357142857145,2100.0,974058.5,2016058.5
3247,-15208.727777042255,15208.727777042255,15747.5,88.64857142857144,-2500.0,1065747.5,2015747.5
3248,-14743.978967529223,14743.978967529223,15228.5,50.55285714285715,-1300.0,1041228.5,2015228.5
3249,-15248.12515008209,15248.12515008209,15764.5,68.15428571428573,-2000.0,1055764.5,2015764.5
3250,-14872.615111796214,14872.615111796214,15404.0,91.3857142857143,1500.0,985404.0,2015404.0
3251,-15401.385132342937,15401.385132342937,15923.0,70.6357142857143,-2200.0,1059923.0,2015923.0
3252,-15104.655391364802,15104.655391364802,15634.5,85.40857142857143,3900.0,937634.5,2015634.5
3253,-14931.475992029467,14931.475992029467,15488.0,109.16500000000002,-2200.0,1059488.0,2015488.0
3254,-14809.542722494167,14809.542722494167,15313.5,64.79642857142858,400.0,1007313.5,2015313.5
3255,-15094.45616895723,15094.45616895723,15605.0,62.055000000000014,3800.0,939605.0,2015605.0
3256,-15494.628457077812,15494.628457077812,16003.0,54.12214285714287,-600.0,1028003.0,2016003.0
3257,-14978.709262451583,14978.709262451583,15492.0,73.01000000000002,-3600.0,1087492.0,2015492.0
3258,-14744.967746303577,14744.967746303577,15246.0,76.24428571428572,-800.0,1031246.0,2015246.0
3259,-15430.10956141532,15430.10956141532,15933.0,53.49500000000001,-2100.0,1057933.0,2015933.0
3260,-14899.206609972534,14899.206609972534,15412.5,73.01285714285714,3000.0,955412.5,2015412.5
3261,-15171.111102257128,15171.111102257128,15698.0,80.00571428571432,900.0,997698.0,2015698.0
3262,-14865.413075858185,14865.413075858185,15381.5,79.18214285714288,-2900.0,1073381.5,2015381.5
3263,-15132.417876164389,15132.417876164389,15663.0,76.92214285714286,700.0,1001663.0,2015663.0
3264,-14930.92861038708,14930.92861038708,15443.5,71.84214285714286,-800.0,1031443.5,2015443.5
3265,-14736.002577598847,14736.002577598847,15238.0,70.02214285714287,-1500.0,1045238.0,2015238.0
3266,-15447.968099665282,15447.968099665282,15960.5,58.82,1000.0,995960.5,2015960.5
3267,-15137.768603805944,15137.768603805944,15660.0,78.91785714285714,-2900.0,1073660.0,2015660.0
3268,-15129.526882722968,15129.526882722968,15664.5,85.8257142857143,1200.0,991664.5,2015664.5
3269,-14832.372619076108,14832.372619076108,15330.0,60.975,500.0,1005330.0,2015330.0
3270,-15050.88249795137,15050.88249795137,15577.0,80.82428571428574,-1000.0,1035577.0,2015577.0
3271,-15158.305214295593,15158.305214295593,15690.5,85.84714285714287,2300.0,969690.5,2015690.5
3272,-15175.42708447929,15175.42708447929,15694.0,72.35142857142858,800.0,999694.0,2015694.0
3273,-14697.26393983821,14697.26393983821,15193.5,66.00571428571429,100.0,1013193.5,2015193.5
3274,-14922.624004808746,14922.624004808746,15432.0,69.06642857142859,-100.0,1017432.0,2015432.0
3275,-14823.901353877252,14823.901353877252,15329.0,71.8757142857143,500.0,1005329.0,2015329.0
3276,-15338.1270285564,15338.1270285564,15879.0,83.16642857142858,500.0,1005879.0,2015879.0
3277,-15640.47200392402,15640.47200392402,16190.0,87.91785714285717,-2900.0,1074190.0,2016190.0
3278,-15414.88682989524,15414.88682989524,15934.5,70.65142857142858,400.0,1007934.5,2015934.5
3279,-15273.929912601874,15273.929912601874,15794.5,65.21714285714287,2900.0,957794.5,2015794.5
3280,-15107.322117696249,15107.322117696249,15646.5,93.33142857142859,-4000.0,1095646.5,2015646.5
3281,-15195.040220253959,15195.040220253959,15743.0,104.22142857142859,-2900.0,1073743.0,2015743.0
3282,-15278.337693569189,15278.337693569189,15811.0,83.05214285714287,2900.0,957811.0,2015811.0
3283,-15209.89113535112,15209.89113535112,15750.0,90.72214285714287,-1900.0,1053750.0,2015750.0
3284,-14840.570889897563,14840.570889897563,15375.0,98.89500000000001,300.0,1009375.0,2015375.0
3285,-15100.500501214303,15100.500501214303,15604.5,66.17,-3700.0,1089604.5,2015604.5
3286,-15146.376009049927,15146.376009049927,15660.0,67.32000000000002,1900.0,977660.0,2015660.0
3287,-15359.248451746058,15359.248451746058,15864.0,54.74071428571429,-1000.0,1035864.0,2015864.0
3288,-14641.910869525185,14641.910869525185,15148.5,71.98928571428573,-1800.0,1051148.5,2015148.5
3289,-14818.46316852039,14818.46316852039,15321.5,63.48214285714286,400.0,1007321.5,2015321.5
3290,-15045.195531320336,15045.195531320336,15576.5,83.14500000000001,-200.0,1019576.5,2015576.5
3291,-15087.10964382979,15087.10964382979,15611.5,79.6857142857143,-2400.0,1063611.5,2015611.5
3292,-15085.056494468068,15085.056494468068,15635.5,107.5357142857143,4600.0,923635.5,2015635.5
3293,-14780.430952503688,14780.430952503688,15289.5,77.43357142857145,1400.0,987289.5,2015289.5
3294,-15348.649080116124,15348.649080116124,15854.5,57.82500000000001,800.0,999854.5,2015854.5
3295,-15101.970308344353,15101.970308344353,15585.5,42.96928571428572,3000.0,955585.5,2015585.5
3296,-15323.477874152897,15323.477874152897,15838.0,61.20000000000001,2200.0,971838.0,2015838.0
3297,-15337.712531405243,15337.712531405243,15849.0,65.00714285714288,-1000.0,1035849.0,2015849.0
3298,-15049.598237872926,15049.598237872926,15569.0,77.10285714285715,-2800.0,1071569.0,2015569.0
3299,-15195.34318257642,15195.34318257642,15697.5,62.95928571428573,800.0,999697.5,2015697.5
3300,-14620.040069567603,14620.040069567603,15162.5,112.94714285714286,-1600.0,1047162.5,2015162.5
3301,-14922.909348593275,14922.909348593275,15445.0,86.87785714285715,-200.0,1019445.0,2015445.0
3302,-14993.738543127778,14993.738543127778,15492.5,59.220714285714294,3000.0,955492.5,2015492.5
3303,-14972.216879790783,14972.216879790783,15489.5,73.53214285714287,-600.0,1027489.5,2015489.5
3304,-15001.577010742785,15001.577010742785,15507.0,58.237142857142864,1000.0,995507.0,2015507.0
3305,-15128.96182016116,15128.96182016116,15648.5,72.17857142857144,-1000.0,1035648.5,2015648.5
3306,-15260.578946131685,15260.578946131685,15769.0,64.98857142857145,-900.0,1033769.0,2015769.0
3307,-14808.83944248794,14808.83944248794,15314.0,67.90857142857143,2200.0,971314.0,2015314.0
3308,-15173.548383041596,15173.548383041596,15696.0,76.58428571428573,-2100.0,1057696.0,2015696.0
3309,-14962.01935491258,14962.01935491258,15485.0,85.8307142857143,-4200.0,1099485.0,2015485.0
3310,-15075.557346556194,15075.557346556194,15615.0,92.80928571428572,-400.0,1023615.0,2015615.0
3311,-15153.618497574558,15153.618497574558,15657.0,58.547857142857154,900.0,997657.0,2015657.0
3312,-15243.150370151352,15243.150370151352,15766.0,73.51500000000001,-300.0,1021766.0,2015766.0
3313,-15266.300201268456,15266.300201268456,15777.5,64.4307142857143,-1800.0,1051777.5,2015777.5
3314,-15280.800846814938,15280.800846814938,15799.5,69.83785714285716,-3600.0,1087799.5,2015799.5
3315,-14976.36052835972,14976.36052835972,15500.5,85.43214285714286,2700.0,961500.5,2015500.5
3316,-14880.444863819675,14880.444863819675,15421.5,98.24000000000001,2100.0,973421.5,2015421.5
3317,-14794.219972785368,14794.219972785368,15304.5,72.98500000000001,2100.0,973304.5,2015304.5
3318,-15114.430882713546,15114.430882713546,15636.5,74.26000000000002,-1300.0,1041636.5,2015636.5
3319,-15088.821553275966,15088.821553275966,15582.0,53.70857142857144,-500.0,1025582.0,2015582.0
3320,-15011.619894906711,15011.619894906711,15517.5,68.16285714285715,500.0,1005517.5,2015517.5
3321,-14945.885998226579,14945.885998226579,15498.0,112.27428571428574,-2700.0,1069498.0,2015498.0
3322,-14893.279445302609,14893.279445302609,15413.0,77.8707142857143,600.0,1003413.0,2015413.0
3323,-15344.899059306314,15344.899059306314,15909.0,113.65214285714288,-700.0,1029909.0,2015909.0
3324,-15225.130893304542,15225.130893304542,15744.0,67.56642857142859,-2200.0,1059744.0,2015744.0
3325,-15215.702329683281,15215.702329683281,15765.0,98.20642857142859,1600.0,983765.0,2015765.0
3326,-15238.834332985896,15238.834332985896,15742.5,55.94000000000001,-400.0,1023742.5,2015742.5
3327,-15233.976810572209,15233.976810572209,15741.0,61.16642857142858,400.0,1007741.0,2015741.0
3328,-15431.24497186552,15431.24497186552,15943.0,60.671428571428585,3100.0,953943.0,2015943.0
3329,-15229.877566818801,15229.877566818801,15762.5,85.17142857142858,-1800.0,1051762.5,2015762.5
3330,-15057.348053410371,15057.348053410371,15564.5,66.71285714285716,1500.0,985564.5,2015564.5
3331,-15717.943718807843,15717.943718807843,16251.0,72.52142857142857,700.0,1002251.0,2016251.0
3332,-15139.146418811139,15139.146418811139,15671.0,88.31357142857144,5600.0,903671.0,2015671.0
3333,-15256.201655061974,15256.201655061974,15787.0,80.71428571428572,-2200.0,1059787.0,2015787.0
3334,-15138.963643414754,15138.963643414754,15664.5,77.04214285714286,3200.0,951664.5,2015664.5
3335,-15253.734770801108,15253.734770801108,15754.5,54.31428571428573,2600.0,963754.5,2015754.5
3336,-15567.619269381426,15567.619269381426,16083.0,55.96642857142858,600.0,1004083.0,2016083.0
3337,-15261.049891807117,15261.049891807117,15773.0,62.99428571428572,800.0,999773.0,2015773.0
3338,-15391.2579759497,15391.2579759497,15893.5,53.27214285714287,2700.0,961893.5,2015893.5
3339,-15365.241043959675,15365.241043959675,15887.0,68.04000000000002,3100.0,953887.0,2015887.0
3340,-15500.324511220064,15500.324511220064,16016.5,61.62642857142859,-1600.0,1048016.5,2016016.5
3341,-14847.648577452865,14847.648577452865,15349.5,64.9157142857143,-800.0,1031349.5,2015349.5
3342,-15424.293099808196,15424.293099808196,15947.5,69.17642857142859,-400.0,1023947.5,2015947.5
3343,-15265.591371959366,15265.591371959366,15789.5,72.81142857142859,-2700.0,1069789.5,2015789.5
3344,-15084.944631187045,15084.944631187045,15597.0,67.42642857142859,-1200.0,1039597.0,2015597.0
3345,-15149.116282534738,15149.116282534738,15656.5,60.16500000000001,-1600.0,1047656.5,2015656.5
3346,-14792.957117093483,14792.957117093483,15309.0,79.44785714285716,-3100.0,1077309.0,2015309.0
3347,-15367.959756805769,15367.959756805769,15907.5,87.60642857142857,-600.0,1027907.5,2015907.5
3348,-15072.465945939752,15072.465945939752,15594.5,75.60000000000001,-2000.0,1055594.5,2015594.5
3349,-15018.176634245572,15018.176634245572,15517.0,59.14428571428572,-300.0,1021517.0,2015517.0
3350,-15210.452500169065,15210.452500169065,15736.5,75.9007142857143,-400.0,1023736.5,2015736.5
3351,-15298.035624074319,15298.035624074319,15834.0,87.30928571428572,600.0,1003834.0,2015834.0
3352,-15342.817966822808,15342.817966822808,15865.5,74.03928571428574,2800.0,959865.5,2015865.5
3353,-15106.92992746611,15106.92992746611,15616.5,66.45000000000002,-200.0,1019616.5,2015616.5
3354,-15358.61282303893,15358.61282303893,15876.0,62.62000000000001,1600.0,983876.0,2015876.0
3355,-15098.232829184128,15098.232829184128,15597.5,55.47285714285715,-900.0,1033597.5,2015597.5
3356,-15183.088952603553,15183.088952603553,15736.5,106.32285714285717,4800.0,919736.5,2015736.5
3357,-15007.87464856845,15007.87464856845,15515.0,64.73428571428573,-100.0,1017515.0,2015515.0
3358,-15453.586898398611,15453.586898398611,15970.5,65.56714285714287,-2200.0,1059970.5,2015970.5
3359,-14917.525703482484,14917.525703482484,15441.0,84.7157142857143,-1800.0,1051441.0,2015441.0
3360,-15007.013841254298,15007.013841254298,15535.0,86.09928571428573,6400.0,887535.0,2015535.0
3361,-14780.532923674335,14780.532923674335,15322.0,103.84785714285715,2300.0,969322.0,2015322.0
3362,-14969.474478653954,14969.474478653954,15479.5,69.00642857142859,3500.0,945479.5,2015479.5
3363,-15254.553021653535,15254.553021653535,15771.5,71.40928571428573,-2100.0,1057771.5,2015771.5
3364,-15361.416879817582,15361.416879817582,15883.5,75.23285714285714,-1000.0,1035883.5,2015883.5
3365,-14987.179604322311,14987.179604322311,15544.5,112.90857142857146,-1900.0,1053544.5,2015544.5
3366,-15258.780143344335,15258.780143344335,15774.0,69.42642857142859,2600.0,963774.0,2015774.0
3367,-15467.172339471377,15467.172339471377,16004.5,84.0657142857143,-2600.0,1068004.5,2016004.5
3368,-14833.61847008824,14833.61847008824,15331.5,58.79928571428572,-700.0,1029331.5,2015331.5
3369,-15177.527506142604,15177.527506142604,15671.5,48.842857142857156,0.0,1015671.5,2015671.5
3370,-15065.08286240345,15065.08286240345,15586.0,79.2057142857143,-1700.0,1049586.0,2015586.0
3371,-15018.542430453423,15018.542430453423,15516.5,55.158571428571435,-1700.0,1049516.5,2015516.5
3372,-15368.712899012153,15368.712899012153,15901.0,80.41571428571429,-1300.0,1041901.0,2015901.0
3373,-15319.617035314459,15319.617035314459,15846.0,77.87928571428573,200.0,1011846.0,2015846.0
3374,-14981.505605114526,14981.505605114526,15484.0,62.92785714285715,-2000.0,1055484.0,2015484.0
3375,-14795.346385341074,14795.346385341074,15285.5,59.07357142857144,3100.0,953285.5,2015285.5
3376,-15068.289221071365,15068.289221071365,15587.0,80.08785714285716,-3800.0,1091587.0,2015587.0
3377,-15174.171743384839,15174.171743384839,15713.5,89.82500000000003,3300.0,949713.5,2015713.5
3378,-15152.74757854905,15152.74757854905,15669.5,66.06928571428573,2600.0,963669.5,2015669.5
3379,-14955.410512882427,14955.410512882427,15461.5,66.83214285714286,2900.0,957461.5,2015461.5
3380,-15363.298397843097,15363.298397843097,15885.5,66.96428571428572,2400.0,967885.5,2015885.5
3381,-14907.907835062777,14907.907835062777,15411.5,68.85500000000002,3400.0,947411.5,2015411.5
3382,-15478.636725449458,15478.636725449458,15970.5,43.38142857142858,2300.0,969970.5,2015970.5
3383,-15011.498431615508,15011.498431615508,15530.5,75.22357142857143,3600.0,943530.5,2015530.5
3384,-15168.278795741222,15168.278795741222,15690.0,77.43857142857144,2500.0,965690.0,2015690.0
3385,-15445.001570775546,15445.001570775546,16004.5,104.36428571428573,2000.0,976004.5,2016004.5
3386,-15273.823884596004,15273.823884596004,15812.5,89.46785714285716,4200.0,931812.5,2015812.5
3387,-15051.494000430754,15051.494000430754,15576.5,76.49500000000002,-600.0,1027576.5,2015576.5
3388,-14891.7869317175,14891.7869317175,15436.0,103.37000000000002,-2100.0,1057436.0,2015436.0
3389,-15333.308609764454,15333.308609764454,15835.0,58.627142857142864,-100.0,1017835.0,2015835.0
3390,-14926.236454941854,14926.236454941854,15443.0,72.8557142857143,900.0,997443.0,2015443.0
3391,-15490.988472926663,15490.988472926663,16022.0,73.47071428571431,-3800.0,1092022.0,2016022.0
3392,-15196.08394577395,15196.08394577395,15712.0,73.14428571428573,200.0,1011712.0,2015712.0
3393,-15087.23634716434,15087.23634716434,15620.0,87.91928571428573,3400.0,947620.0,2015620.0
3394,-15148.349407219073,15148.349407219073,15668.5,70.55071428571429,-3200.0,1079668.5,2015668.5
3395,-15223.246553945006,15223.246553945006,15739.0,73.77928571428572,-4300.0,1101739.0,2015739.0
3396,-15325.64682318924,15325.64682318924,15847.0,68.43285714285716,-100.0,1017847.0,2015847.0
3397,-15021.25026501563,15021.25026501563,15551.0,87.08785714285716,200.0,1011551.0,2015551.0
3398,-14808.161442413912,14808.161442413912,15333.5,91.2007142857143,1400.0,987333.5,2015333.5
3399,-14922.79616789713,14922.79616789713,15425.0,62.01928571428572,-200.0,1019425.0,2015425.0
3400,-14825.048608956342,14825.048608956342,15361.0,97.32714285714287,-400.0,1023361.0,2015361.0
3401,-15240.465898801427,15240.465898801427,15734.5,47.407857142857154,-1700.0,1049734.5,2015734.5
3402,-14921.743006978268,14921.743006978268,15451.5,90.03000000000002,1800.0,979451.5,2015451.5
3403,-15144.60370895527,15144.60370895527,15670.0,76.94214285714287,300.0,1009670.0,2015670.0
3404,-15077.372623669906,15077.372623669906,15598.5,77.94785714285717,2900.0,957598.5,2015598.5
3405,-15215.15486819568,15215.15486819568,15756.0,88.9407142857143,-500.0,1025756.0,2015756.0
3406,-15062.55518131774,15062.55518131774,15578.5,71.61642857142859,300.0,1009578.5,2015578.5
3407,-15426.840927219375,15426.840927219375,15953.5,70.33785714285716,-900.0,1033953.5,2015953.5
3408,-15204.371630836758,15204.371630836758,15749.0,96.13714285714288,1900.0,977749.0,2015749.0
3409,-15411.066851445354,15411.066851445354,15944.0,75.23285714285717,-1100.0,1037944.0,2015944.0
3410,-15405.83946521882,15405.83946521882,15923.5,60.43428571428573,700.0,1001923.5,2015923.5
3411,-15200.352339563902,15200.352339563902,15742.5,99.52285714285716,-2100.0,1057742.5,2015742.5
3412,-15221.461653560385,15221.461653560385,15729.5,57.84785714285715,-2000.0,1055729.5,2015729.5
3413,-14995.547182950879,14995.547182950879,15531.5,99.91285714285715,1300.0,989531.5,2015531.5
3414,-14992.481597026434,14992.481597026434,15505.0,73.01285714285714,2600.0,963505.0,2015505.0
3415,-15377.008554116212,15377.008554116212,15917.5,84.89285714285715,3800.0,939917.5,2015917.5
3416,-15211.006223552078,15211.006223552078,15696.0,41.40357142857144,-600.0,1027696.0,2015696.0
3417,-15286.40790643716,15286.40790643716,15835.5,95.76714285714287,2200.0,971835.5,2015835.5
3418,-15286.804563252364,15286.804563252364,15817.5,76.20214285714287,1100.0,993817.5,2015817.5
3419,-15399.831918636293,15399.831918636293,15952.5,91.245,1500.0,985952.5,2015952.5
3420,-15068.591167790853,15068.591167790853,15578.5,69.67857142857144,-1100.0,1037578.5,2015578.5
3421,-15283.945786618793,15283.945786618793,15815.0,78.5357142857143,600.0,1003815.0,2015815.0
3422,-15364.035461239448,15364.035461239448,15894.0,81.0664285714286,-1500.0,1045894.0,2015894.0
3423,-15432.592260912135,15432.592260912135,15957.5,68.18285714285716,-700.0,1029957.5,2015957.5
3424,-15114.862509740185,15114.862509740185,15646.0,83.93857142857144,-4000.0,1095646.0,2015646.0
3425,-14858.639641228454,14858.639641228454,15378.5,84.5457142857143,1300.0,989378.5,2015378.5
3426,-14815.057619816731,14815.057619816731,15332.5,79.00000000000003,-700.0,1029332.5,2015332.5
3427,-15279.067013979353,15279.067013979353,15792.0,55.70714285714287,1100.0,993792.0,2015792.0
3428,-14959.062914343636,14959.062914343636,15497.0,95.57857142857148,-4300.0,1101497.0,2015497.0
3429,-14996.224436835044,14996.224436835044,15511.5,69.03642857142859,-2400.0,1063511.5,2015511.5
3430,-15373.006098819307,15373.006098819307,15898.5,70.67714285714288,1500.0,985898.5,2015898.5
3431,-14754.80726055217,14754.80726055217,15269.5,77.89285714285717,700.0,1001269.5,2015269.5
3432,-15197.125714076406,15197.125714076406,15694.0,53.38142857142858,400.0,1007694.0,2015694.0
3433,-14771.243454078332,14771.243454078332,15286.0,83.79000000000002,1400.0,987286.0,2015286.0
3434,-14973.255833136616,14973.255833136616,15516.0,101.27071428571432,-3600.0,1087516.0,2015516.0
3435,-15124.375730809745,15124.375730809745,15624.0,65.98642857142858,1800.0,979624.0,2015624.0
3436,-15183.810438386374,15183.810438386374,15698.0,67.54214285714288,-3100.0,1077698.0,2015698.0
3437,-15320.695286692471,15320.695286692471,15862.5,83.76000000000002,2600.0,963862.5,2015862.5
3438,-15125.337888015289,15125.337888015289,15647.0,78.35142857142858,3500.0,945647.0,2015647.0
3439,-15269.983770834702,15269.983770834702,15819.5,102.82642857142858,3100.0,953819.5,2015819.5
3440,-15073.28865570668,15073.28865570668,15602.0,80.48642857142858,2900.0,957602.0,2015602.0
3441,-15329.637288698816,15329.637288698816,15845.0,64.89857142857144,-3200.0,1079845.0,2015845.0
3442,-15386.512607886103,15386.512607886103,15934.0,93.60000000000002,4500.0,925934.0,2015934.0
3443,-15061.800534763499,15061.800534763499,15570.5,61.87785714285715,500.0,1005570.5,2015570.5
3444,-15311.210262126797,15311.210262126797,15839.0,70.49285714285716,900.0,997839.0,2015839.0
3445,-15182.828646602178,15182.828646602178,15704.5,79.54142857142858,2000.0,975704.5,2015704.5
3446,-14941.700609470554,14941.700609470554,15437.5,55.49285714285715,2000.0,975437.5,2015437.5
3447,-15160.50708844514,15160.50708844514,15678.0,66.19785714285716,2000.0,975678.0,2015678.0
3448,-15261.298010124778,15261.298010124778,15815.0,109.15785714285717,2600.0,963815.0,2015815.0
3449,-14856.576943090902,14856.576943090902,15349.0,55.17642857142859,500.0,1005349.0,2015349.0
3450,-15343.518539772416,15343.518539772416,15894.5,96.72785714285715,-6600.0,1147894.5,2015894.5
3451,-15190.097610624025,15190.097610624025,15720.0,80.48785714285715,600.0,1003720.0,2015720.0
3452,-14966.435966051016,14966.435966051016,15489.0,77.60928571428573,-2800.0,1071489.0,2015489.0
3453,-15076.181046071877,15076.181046071877,15617.5,96.76357142857145,2300.0,969617.5,2015617.5
3454,-15440.015654307139,15440.015654307139,15947.5,59.057857142857145,-1500.0,1045947.5,2015947.5
3455,-15113.349932001965,15113.349932001965,15622.5,63.08000000000001,300.0,1009622.5,2015622.5
3456,-15092.083105059812,15092.083105059812,15590.5,59.5907142857143,-1000.0,1035590.5,2015590.5
3457,-14857.890163952952,14857.890163952952,15387.5,94.3857142857143,3400.0,947387.5,2015387.5
3458,-15064.595463730922,15064.595463730922,15573.0,72.08928571428572,1600.0,983573.0,2015573.0
3459,-15316.463896083176,15316.463896083176,15829.5,68.78071428571431,-1500.0,1045829.5,2015829.5
3460,-15157.589271499877,15157.589271499877,15676.5,72.89000000000001,1500.0,985676.5,2015676.5
3461,-14995.914679477635,14995.914679477635,15536.5,94.35357142857146,2700.0,961536.5,2015536.5
3462,-15053.35729289108,15053.35729289108,15546.5,50.890000000000015,-600.0,1027546.5,2015546.5
3463,-15242.632906323786,15242.632906323786,15769.5,72.27714285714286,1200.0,991769.5,2015769.5
3464,-14937.161729407819,14937.161729407819,15457.5,76.48714285714286,-3000.0,1075457.5,2015457.5
3465,-15261.034531773912,15261.034531773912,15804.5,98.9507142857143,-3500.0,1085804.5,2015804.5
3466,-15235.227523395342,15235.227523395342,15744.5,60.62071428571429,-2100.0,1057744.5,2015744.5
3467,-15142.372097472358,15142.372097472358,15650.5,65.05071428571429,-1600.0,1047650.5,2015650.5
3468,-15232.047556359401,15232.047556359401,15752.0,70.78142857142859,800.0,999752.0,2015752.0
3469,-14770.733579779611,14770.733579779611,15302.5,92.56428571428575,5000.0,915302.5,2015302.5
3470,-14892.098572756871,14892.098572756871,15406.5,72.99285714285716,-400.0,1023406.5,2015406.5
3471,-15340.81421418076,15340.81421418076,15864.5,66.0857142857143,-1300.0,1041864.5,2015864.5
3472,-14864.519167928418,14864.519167928418,15395.5,93.68857142857144,3700.0,941395.5,2015395.5
3473,-15398.635538504359,15398.635538504359,15912.5,64.24642857142858,2400.0,967912.5,2015912.5
3474,-15071.40268972749,15071.40268972749,15589.5,76.61571428571429,200.0,1011589.5,2015589.5
3475,-15285.637551302152,15285.637551302152,15819.0,81.78000000000002,-3900.0,1093819.0,2015819.0
3476,-15130.154391322974,15130.154391322974,15650.5,73.1407142857143,2600.0,963650.5,2015650.5
3477,-14973.687626749488,14973.687626749488,15478.5,62.739285714285714,-1700.0,1049478.5,2015478.5
3478,-14837.712352870869,14837.712352870869,15341.0,65.52714285714286,-2300.0,1061341.0,2015341.0
3479,-15206.50576016133,15206.50576016133,15732.5,80.98857142857145,-500.0,1025732.5,2015732.5
3480,-15045.512257489132,15045.512257489132,15565.5,76.30285714285716,-700.0,1029565.5,2015565.5
3481,-15271.564078806961,15271.564078806961,15762.0,44.12357142857144,-2100.0,1057762.0,2015762.0
3482,-14981.556619843079,14981.556619843079,15488.0,65.72142857142859,3400.0,947488.0,2015488.0
3483,-15015.578486608414,15015.578486608414,15517.5,61.51142857142858,-2300.0,1061517.5,2015517.5
3484,-15451.553524929626,15451.553524929626,15976.0,68.0707142857143,-600.0,1027976.0,2015976.0
3485,-15223.162642127178,15223.162642127178,15724.0,54.81,1300.0,989724.0,2015724.0
3486,-14882.302850777009,14882.302850777009,15384.5,60.6807142857143,900.0,997384.5,2015384.5
3487,-15376.583617954726,15376.583617954726,15904.0,68.26928571428573,2300.0,969904.0,2015904.0
3488,-15267.946163046487,15267.946163046487,15789.5,71.88714285714288,2400.0,967789.5,2015789.5
3489,-15091.4574365248,15091.4574365248,15630.0,93.11142857142859,-3600.0,1087630.0,2015630.0
3490,-15105.700553230674,15105.700553230674,15631.5,85.28214285714287,2900.0,957631.5,2015631.5
3491,-14741.233204710537,14741.233204710537,15275.5,100.8307142857143,3700.0,941275.5,2015275.5
3492,-15225.057791015119,15225.057791015119,15740.5,73.2164285714286,-3400.0,1083740.5,2015740.5
3493,-14797.03242933164,14797.03242933164,15302.5,67.84214285714286,500.0,1005302.5,2015302.5
3494,-15044.032488181743,15044.032488181743,15546.5,59.969285714285725,600.0,1003546.5,2015546.5
3495,-15162.515058022984,15162.515058022984,15689.5,74.3907142857143,1400.0,987689.5,2015689.5
3496,-15043.457275554543,15043.457275554543,15554.0,67.49285714285716,0.0,1015554.0,2015554.0
3497,-15158.598363654146,15158.598363654146,15688.5,78.95642857142859,1200.0,991688.5,2015688.5
3498,-15276.482017204511,15276.482017204511,15798.0,73.54285714285717,3200.0,951798.0,2015798.0
3499,-15044.404384225141,15044.404384225141,15572.0,80.44857142857143,-1000.0,1035572.0,2015572.0
3500,-15335.04833821718,15335.04833821718,15851.5,67.91142857142859,-100.0,1017851.5,2015851.5
3501,-15098.892467533933,15098.892467533933,15610.0,66.89785714285716,700.0,1001610.0,2015610.0
3502,-15156.256761100245,15156.256761100245,15664.0,56.45571428571429,-3100.0,1077664.0,2015664.0
3503,-15536.828705891861,15536.828705891861,16074.5,86.31857142857145,2100.0,974074.5,2016074.5
3504,-15095.27046573831,15095.27046573831,15612.0,71.86000000000001,900.0,997612.0,2015612.0
3505,-15123.880909422644,15123.880909422644,15643.0,77.07214285714286,1400.0,987643.0,2015643.0
3506,-15175.567415190211,15175.567415190211,15692.5,69.77357142857144,800.0,999692.5,2015692.5
3507,-14939.51886671868,14939.51886671868,15473.5,96.47642857142858,-500.0,1025473.5,2015473.5
3508,-15164.462044241813,15164.462044241813,15702.5,88.4407142857143,-2200.0,1059702.5,2015702.5
3509,-15311.709831339202,15311.709831339202,15839.0,74.16214285714287,3200.0,951839.0,2015839.0
3510,-14837.568352997394,14837.568352997394,15363.0,88.63428571428572,3700.0,941363.0,2015363.0
3511,-15315.46752136547,15315.46752136547,15826.0,60.08214285714287,100.0,1013826.0,2015826.0
3512,-15033.999104431452,15033.999104431452,15536.0,61.78857142857143,-1500.0,1045536.0,2015536.0
3513,-15126.895968810379,15126.895968810379,15654.5,79.48071428571431,200.0,1011654.5,2015654.5
3514,-15328.242882473733,15328.242882473733,15841.5,66.59142857142858,4900.0,917841.5,2015841.5
3515,-15500.98447221643,15500.98447221643,16024.0,68.89500000000001,-3100.0,1078024.0,2016024.0
3516,-14987.397382645599,14987.397382645599,15481.0,50.2157142857143,100.0,1013481.0,2015481.0
3517,-15134.625001649112,15134.625001649112,15630.0,52.655000000000015,-300.0,1021630.0,2015630.0
3518,-15107.804526835389,15107.804526835389,15605.5,56.89285714285715,0.0,1015605.5,2015605.5
3519,-15014.936400873718,15014.936400873718,15549.5,95.56357142857144,-1200.0,1039549.5,2015549.5
3520,-15216.108149253345,15216.108149253345,15740.5,78.30357142857144,-2600.0,1067740.5,2015740.5
3521,-15004.969573163806,15004.969573163806,15521.5,76.63428571428572,600.0,1003521.5,2015521.5
3522,-14982.330676763213,14982.330676763213,15519.0,96.83500000000002,-3200.0,1079519.0,2015519.0
3523,-15040.433344733661,15040.433344733661,15577.5,93.3257142857143,300.0,1009577.5,2015577.5
3524,-14867.189022809405,14867.189022809405,15370.0,62.103571428571435,-800.0,1031370.0,2015370.0
3525,-15241.787888280916,15241.787888280916,15756.0,68.51214285714286,-200.0,1019756.0,2015756.0
3526,-15204.113153102448,15204.113153102448,15754.5,98.94500000000002,500.0,1005754.5,2015754.5
3527,-15179.914694982692,15179.914694982692,15712.5,84.67428571428573,1900.0,977712.5,2015712.5
3528,-15337.403250452897,15337.403250452897,15860.5,75.12357142857145,500.0,1005860.5,2015860.5
3529,-15115.519614725104,15115.519614725104,15642.0,78.18714285714287,4700.0,921642.0,2015642.0
3530,-15208.967775526777,15208.967775526777,15709.5,54.1307142857143,-3000.0,1075709.5,2015709.5
3531,-15161.273057033106,15161.273057033106,15713.0,100.93357142857144,900.0,997713.0,2015713.0
3532,-15032.66471455742,15032.66471455742,15565.0,86.48642857142859,-4300.0,1101565.0,2015565.0
3533,-15406.57286071716,15406.57286071716,15920.0,58.09142857142857,2800.0,959920.0,2015920.0
3534,-15152.665262592123,15152.665262592123,15658.0,58.500000000000014,-400.0,1023658.0,2015658.0
3535,-14979.513823206242,14979.513823206242,15499.0,80.21285714285715,3500.0,945499.0,2015499.0
3536,-15353.836165428422,15353.836165428422,15898.5,90.15428571428572,4700.0,921898.5,2015898.5
3537,-15012.131381607316,15012.131381607316,15552.5,92.46000000000002,2100.0,973552.5,2015552.5
3538,-15340.594287111599,15340.594287111599,15856.5,69.56285714285715,2100.0,973856.5,2015856.5
3539,-15058.9627981912,15058.9627981912,15573.5,65.57714285714286,800.0,999573.5,2015573.5
3540,-14820.20116594608,14820.20116594608,15346.0,85.9164285714286,-2700.0,1069346.0,2015346.0
3541,-15148.843572789538,15148.843572789538,15705.0,107.68428571428574,-1400.0,1043705.0,2015705.0
3542,-15137.176468955937,15137.176468955937,15659.0,73.7657142857143,200.0,1011659.0,2015659.0
3543,-15191.169776907414,15191.169776907414,15710.5,64.54928571428573,-2800.0,1071710.5,2015710.5
3544,-15116.151179561935,15116.151179561935,15631.0,67.37357142857144,3400.0,947631.0,2015631.0
3545,-15366.121599251464,15366.121599251464,15915.5,92.49928571428573,-4100.0,1097915.5,2015915.5
3546,-14948.905335509258,14948.905335509258,15456.5,69.28142857142859,1900.0,977456.5,2015456.5
3547,-14869.504064551358,14869.504064551358,15390.0,80.86142857142858,2900.0,957390.0,2015390.0
3548,-14979.170277104417,14979.170277104417,15487.0,63.03214285714287,-300.0,1021487.0,2015487.0
3549,-15193.4200952279,15193.4200952279,15726.5,84.99928571428573,2200.0,971726.5,2015726.5
3550,-15152.249975810904,15152.249975810904,15679.5,76.99142857142859,500.0,1005679.5,2015679.5
3551,-15341.054881062806,15341.054881062806,15856.5,63.28500000000001,-1000.0,1035856.5,2015856.5
3552,-15268.333267659547,15268.333267659547,15786.0,70.20428571428573,-200.0,1019786.0,2015786.0
3553,-15358.445831971476,15358.445831971476,15860.5,53.51428571428573,-200.0,1019860.5,2015860.5
3554,-15056.106091931724,15056.106091931724,15573.5,77.38000000000001,-1500.0,1045573.5,2015573.5
3555,-14992.21042629785,14992.21042629785,15503.5,72.665,200.0,1011503.5,2015503.5
3556,-15553.493035103555,15553.493035103555,16087.0,76.43428571428572,2000.0,976087.0,2016087.0
3557,-14958.833938080326,14958.833938080326,15471.0,67.97785714285716,200.0,1011471.0,2015471.0
3558,-15209.484963407296,15209.484963407296,15725.5,73.14142857142858,-1000.0,1035725.5,2015725.5
3559,-14866.900838963316,14866.900838963316,15379.0,76.87142857142858,-600.0,1027379.0,2015379.0
3560,-14775.937965983001,14775.937965983001,15301.5,90.97857142857144,-2500.0,1065301.5,2015301.5
3561,-15183.852871506951,15183.852871506951,15688.5,57.812142857142874,-500.0,1025688.5,2015688.5
3562,-15128.962584204943,15128.962584204943,15618.0,43.384285714285724,-1700.0,1049618.0,2015618.0
3563,-14927.772348447526,14927.772348447526,15447.5,83.56857142857145,3300.0,949447.5,2015447.5
3564,-15027.155604695181,15027.155604695181,15536.0,67.48785714285715,0.0,1015536.0,2015536.0
3565,-14921.504448841859,14921.504448841859,15485.5,120.14714285714288,4600.0,923485.5,2015485.5
3566,-14896.736108419727,14896.736108419727,15405.0,70.98142857142858,-4000.0,1095405.0,2015405.0
3567,-14888.448911269112,14888.448911269112,15413.5,86.39357142857145,-2400.0,1063413.5,2015413.5
3568,-15123.388025142085,15123.388025142085,15617.0,55.985714285714295,2300.0,969617.0,2015617.0
3569,-15017.006016707695,15017.006016707695,15535.5,69.61928571428572,900.0,997535.5,2015535.5
3570,-15263.80200307411,15263.80200307411,15794.0,79.44071428571431,300.0,1009794.0,2015794.0
3571,-15454.053635588065,15454.053635588065,15974.0,60.98285714285714,0.0,1015974.0,2015974.0
3572,-14858.281483626934,14858.281483626934,15364.5,67.89285714285715,-900.0,1033364.5,2015364.5
3573,-15349.877832502192,15349.877832502192,15879.0,81.85000000000002,-1000.0,1035879.0,2015879.0
3574,-15334.689005447224,15334.689005447224,15862.0,72.8557142857143,0.0,1015862.0,2015862.0
3575,-15103.004762844539,15103.004762844539,15609.5,63.685714285714305,-300.0,1021609.5,2015609.5
3576,-14929.060645569272,14929.060645569272,15455.0,87.28857142857144,-1300.0,1041455.0,2015455.0
3577,-14940.002556023814,14940.002556023814,15442.5,64.88714285714286,2900.0,957442.5,2015442.5
3578,-15138.642407426523,15138.642407426523,15695.5,104.305,2400.0,967695.5,2015695.5
3579,-15079.714695328883,15079.714695328883,15641.5,120.02000000000001,-2300.0,1061641.5,2015641.5
3580,-15347.629905788872,15347.629905788872,15882.0,82.70357142857145,3400.0,947882.0,2015882.0
3581,-15189.413860722492,15189.413860722492,15706.5,69.81,-2700.0,1069706.5,2015706.5
3582,-14922.990162762006,14922.990162762006,15436.5,73.74928571428573,-200.0,1019436.5,2015436.5
3583,-14861.457426157027,14861.457426157027,15366.5,65.89000000000001,-4500.0,1105366.5,2015366.5
3584,-15119.27639198091,15119.27639198091,15638.5,73.9807142857143,600.0,1003638.5,2015638.5
3585,-15256.85888275749,15256.85888275749,15783.0,81.81071428571428,2500.0,965783.0,2015783.0
3586,-15412.42034878808,15412.42034878808,15917.0,46.05071428571429,-900.0,1033917.0,2015917.0
3587,-15151.764786994656,15151.764786994656,15666.5,69.81,200.0,1011666.5,2015666.5
3588,-14869.459859879553,14869.459859879553,15395.5,86.41285714285716,4000.0,935395.5,2015395.5
3589,-14702.809071723694,14702.809071723694,15215.5,77.65214285714288,1700.0,981215.5,2015215.5
3590,-15080.354918403653,15080.354918403653,15609.0,79.89214285714287,2500.0,965609.0,2015609.0
3591,-15260.768773449874,15260.768773449874,15776.0,67.38642857142858,400.0,1007776.0,2015776.0
3592,-15094.208379550055,15094.208379550055,15607.5,61.56785714285715,-1600.0,1047607.5,2015607.5
3593,-15224.1619881638,15224.1619881638,15738.5,64.02000000000001,-600.0,1027738.5,2015738.5
3594,-15113.034595372501,15113.034595372501,15611.0,49.571428571428584,200.0,1011611.0,2015611.0
3595,-15448.056889979596,15448.056889979596,15953.5,51.677857142857135,300.0,1009953.5,2015953.5
3596,-15381.785250282,15381.785250282,15911.5,74.68285714285716,2900.0,957911.5,2015911.5
3597,-15261.556648274094,15261.556648274094,15783.5,67.04785714285715,-500.0,1025783.5,2015783.5
3598,-15241.153538904937,15241.153538904937,15746.0,58.547857142857154,-500.0,1025746.0,2015746.0
3599,-15355.850501223656,15355.850501223656,15858.5,57.802142857142876,2400.0,967858.5,2015858.5
3600,-15322.447755841948,15322.447755841948,15821.5,53.03571428571429,-600.0,1027821.5,2015821.5
3601,-15263.745642190064,15263.745642190064,15787.0,69.98857142857143,1400.0,987787.0,2015787.0
3602,-14975.939194493438,14975.939194493438,15489.5,72.77000000000001,1800.0,979489.5,2015489.5
3603,-15092.258729865187,15092.258729865187,15605.5,64.70785714285715,-1400.0,1043605.5,2015605.5
3604,-15065.258666410955,15065.258666410955,15586.5,72.44785714285716,1600.0,983586.5,2015586.5
3605,-15097.509812014974,15097.509812014974,15622.0,78.59,-2200.0,1059622.0,2015622.0
3606,-14864.425396402356,14864.425396402356,15364.0,64.995,1900.0,977364.0,2015364.0
3607,-14986.21501784909,14986.21501784909,15512.5,83.49071428571429,-800.0,1031512.5,2015512.5
3608,-15008.336374223107,15008.336374223107,15532.5,81.44285714285715,600.0,1003532.5,2015532.5
3609,-15281.538985362644,15281.538985362644,15790.5,59.852142857142866,800.0,999790.5,2015790.5
3610,-15146.633221605105,15146.633221605105,15684.5,89.35857142857144,-400.0,1023684.5,2015684.5
3611,-14980.523664901284,14980.523664901284,15490.5,68.55214285714287,3000.0,955490.5,2015490.5
3612,-14936.94921058959,14936.94921058959,15483.0,106.83214285714288,4300.0,929483.0,2015483.0
3613,-15177.805157557683,15177.805157557683,15686.5,61.117142857142866,-200.0,1019686.5,2015686.5
3614,-15551.899031147834,15551.899031147834,16073.5,58.61500000000001,-2400.0,1064073.5,2016073.5
3615,-15310.701255916045,15310.701255916045,15839.0,78.29357142857145,-3100.0,1077839.0,2015839.0
3616,-15070.392060058326,15070.392060058326,15587.5,76.63285714285715,3800.0,939587.5,2015587.5
3617,-15010.825600033406,15010.825600033406,15553.0,99.64142857142859,4300.0,929553.0,2015553.0
3618,-15255.39585806998,15255.39585806998,15787.0,77.4807142857143,4800.0,919787.0,2015787.0
3619,-15431.117199738688,15431.117199738688,16002.0,114.67285714285718,2900.0,958002.0,2016002.0
3620,-15332.197531953294,15332.197531953294,15850.0,70.1057142857143,2100.0,973850.0,2015850.0
3621,-15345.639311189232,15345.639311189232,15857.0,63.48928571428573,200.0,1011857.0,2015857.0
3622,-14841.17443413817,14841.17443413817,15356.0,74.4457142857143,1800.0,979356.0,2015356.0
3623,-15090.658844695728,15090.658844695728,15636.0,103.90785714285715,100.0,1013636.0,2015636.0
3624,-15211.223432093408,15211.223432093408,15739.5,81.20000000000002,-2400.0,1063739.5,2015739.5
3625,-15143.915598650754,15143.915598650754,15651.5,60.39714285714287,-3200.0,1079651.5,2015651.5
3626,-15296.450619441846,15296.450619441846,15830.5,84.67571428571429,-300.0,1021830.5,2015830.5
3627,-15179.683353655477,15179.683353655477,15706.5,79.20000000000002,800.0,999706.5,2015706.5
3628,-15243.480862774239,15243.480862774239,15758.0,66.59357142857144,1100.0,993758.0,2015758.0
3629,-14970.359355863717,14970.359355863717,15485.0,70.03000000000002,-5700.0,1129485.0,2015485.0
3630,-15180.765966709681,15180.765966709681,15692.5,64.75857142857144,-800.0,1031692.5,2015692.5
3631,-15021.588877580705,15021.588877580705,15523.5,61.780000000000015,-1100.0,1037523.5,2015523.5
3632,-15133.388094787584,15133.388094787584,15642.5,58.77142857142859,-2000.0,1055642.5,2015642.5
3633,-15003.70882546979,15003.70882546979,15506.5,64.79928571428573,-2400.0,1063506.5,2015506.5
3634,-15058.158277909235,15058.158277909235,15571.5,68.76857142857145,1100.0,993571.5,2015571.5
3635,-15139.375971440484,15139.375971440484,15652.0,68.84642857142858,-900.0,1033652.0,2015652.0
3636,-15459.897159595861,15459.897159595861,15982.0,68.44642857142858,3300.0,949982.0,2015982.0
3637,-15102.570417852216,15102.570417852216,15598.0,53.657142857142865,-100.0,1017598.0,2015598.0
3638,-15088.13553150466,15088.13553150466,15621.0,84.61357142857145,2500.0,965621.0,2015621.0
3639,-15251.306039927167,15251.306039927167,15776.5,74.32785714285716,-5100.0,1117776.5,2015776.5
3640,-15225.828631371021,15225.828631371021,15728.5,57.92785714285716,-1000.0,1035728.5,2015728.5
3641,-15589.365294431229,15589.365294431229,16127.0,85.01285714285716,-1800.0,1052127.0,2016127.0
3642,-15272.77020653245,15272.77020653245,15789.5,68.3957142857143,-3700.0,1089789.5,2015789.5
3643,-15267.509429160342,15267.509429160342,15767.0,55.62071428571429,3200.0,951767.0,2015767.0
3644,-15233.628245827824,15233.628245827824,15780.5,95.01357142857145,-6400.0,1143780.5,2015780.5
3645,-15096.421835721841,15096.421835721841,15606.5,68.86928571428572,1600.0,983606.5,2015606.5
3646,-14740.616119453469,14740.616119453469,15252.0,79.09571428571431,1900.0,977252.0,2015252.0
3647,-14842.697018258134,14842.697018258134,15386.5,104.25428571428571,1400.0,987386.5,2015386.5
3648,-15136.21227993262,15136.21227993262,15641.5,58.22285714285716,-700.0,1029641.5,2015641.5
3649,-15258.797804985628,15258.797804985628,15771.0,65.16714285714286,1200.0,991771.0,2015771.0
3650,-14842.573785936946,14842.573785936946,15362.5,84.46642857142858,500.0,1005362.5,2015362.5
3651,-14816.212425803746,14816.212425803746,15317.0,63.40357142857143,-1800.0,1051317.0,2015317.0
3652,-14952.46523593261,14952.46523593261,15465.5,70.03214285714287,-700.0,1029465.5,2015465.5
3653,-15129.944376184361,15129.944376184361,15643.0,68.09285714285716,-1300.0,1041643.0,2015643.0
3654,-14928.788602400618,14928.788602400618,15476.0,103.14785714285716,3600.0,943476.0,2015476.0
3655,-15083.426450232397,15083.426450232397,15598.0,75.46357142857144,5600.0,903598.0,2015598.0
3656,-15288.25990590212,15288.25990590212,15799.5,63.90000000000001,100.0,1013799.5,2015799.5
3657,-15188.971068620249,15188.971068620249,15699.0,65.87500000000001,100.0,1013699.0,2015699.0
3658,-14875.649953686512,14875.649953686512,15364.5,54.99000000000001,100.0,1013364.5,2015364.5
3659,-15023.245830018323,15023.245830018323,15547.5,82.53071428571428,-3300.0,1081547.5,2015547.5
3660,-15132.791289422968,15132.791289422968,15652.5,72.47142857142859,2500.0,965652.5,2015652.5
3661,-15265.144653133815,15265.144653133815,15791.5,76.28,1000.0,995791.5,2015791.5
3662,-15144.400766516883,15144.400766516883,15671.5,80.02428571428572,-1400.0,1043671.5,2015671.5
3663,-15092.554420982717,15092.554420982717,15619.5,81.56500000000001,-900.0,1033619.5,2015619.5
3664,-14856.747318480371,14856.747318480371,15363.0,66.23500000000001,200.0,1011363.0,2015363.0
3665,-14802.822418963926,14802.822418963926,15316.0,78.67857142857144,3600.0,943316.0,2015316.0
3666,-14908.643307651808,14908.643307651808,15433.5,78.28357142857145,700.0,1001433.5,2015433.5
3667,-15025.124843241589,15025.124843241589,15576.0,110.6214285714286,-8400.0,1183576.0,2015576.0
3668,-14665.291144088009,14665.291144088009,15186.0,86.28428571428572,4700.0,921186.0,2015186.0
3669,-15063.13290240865,15063.13290240865,15607.0,95.67857142857144,-2900.0,1073607.0,2015607.0
3670,-14967.783427767985,14967.783427767985,15468.0,62.95857142857144,2300.0,969468.0,2015468.0
3671,-14966.614690729997,14966.614690729997,15493.5,81.00714285714288,-800.0,1031493.5,2015493.5
3672,-14789.052519105866,14789.052519105866,15330.5,100.62785714285715,900.0,997330.5,2015330.5
3673,-15084.296946361446,15084.296946361446,15616.0,83.15500000000002,-1700.0,1049616.0,2015616.0
3674,-14771.71560716246,14771.71560716246,15275.0,68.86642857142859,-2900.0,1073275.0,2015275.0
3675,-14986.390246521241,14986.390246521241,15487.5,59.383571428571436,-700.0,1029487.5,2015487.5
3676,-15265.552772505594,15265.552772505594,15797.5,79.23714285714287,-100.0,1017797.5,2015797.5
3677,-14802.42136593502,14802.42136593502,15311.0,71.61428571428573,-200.0,1019311.0,2015311.0
3678,-15164.359386956221,15164.359386956221,15666.5,60.83500000000001,-1700.0,1049666.5,2015666.5
3679,-15336.216007283461,15336.216007283461,15853.5,66.64285714285715,1200.0,991853.5,2015853.5
3680,-15052.662957334434,15052.662957334434,15564.5,68.87857142857143,1900.0,977564.5,2015564.5
3681,-15249.08034444475,15249.08034444475,15768.5,73.09642857142859,-5500.0,1125768.5,2015768.5
3682,-15210.084462517609,15210.084462517609,15724.0,70.01357142857145,2100.0,973724.0,2015724.0
3683,-14960.663427691301,14960.663427691301,15481.5,77.63357142857144,1700.0,981481.5,2015481.5
3684,-15398.964380322861,15398.964380322861,15929.5,79.62785714285715,-2900.0,1073929.5,2015929.5
3685,-15114.179062493551,15114.179062493551,15649.5,86.96357142857144,5500.0,905649.5,2015649.5
3686,-15068.218350330464,15068.218350330464,15575.5,63.26285714285716,-700.0,1029575.5,2015575.5
3687,-15389.27092480383,15389.27092480383,15902.0,67.62285714285716,-2300.0,1061902.0,2015902.0
3688,-14982.007613070205,14982.007613070205,15477.5,58.648571428571444,-700.0,1029477.5,2015477.5
3689,-15108.369276072692,15108.369276072692,15625.5,73.89785714285715,3900.0,937625.5,2015625.5
3690,-15186.608637374291,15186.608637374291,15701.5,64.30428571428573,1200.0,991701.5,2015701.5
3691,-15258.159433455052,15258.159433455052,15778.0,71.03142857142858,600.0,1003778.0,2015778.0
3692,-14662.645459740437,14662.645459740437,15180.5,82.855,2700.0,961180.5,2015180.5
3693,-15364.254535926102,15364.254535926102,15897.5,75.055,-1100.0,1037897.5,2015897.5
3694,-14885.42969484869,14885.42969484869,15418.5,92.05357142857144,3000.0,955418.5,2015418.5
3695,-15165.279485843208,15165.279485843208,15682.0,70.83714285714287,-700.0,1029682.0,2015682.0
3696,-14852.967141231165,14852.967141231165,15379.5,80.12714285714287,1900.0,977379.5,2015379.5
3697,-15001.28850305226,15001.28850305226,15516.0,67.25928571428572,2800.0,959516.0,2015516.0
3698,-15502.917634878848,15502.917634878848,16018.0,57.772142857142875,900.0,998018.0,2016018.0
3699,-15386.551863817815,15386.551863817815,15919.5,77.73285714285714,-1500.0,1045919.5,2015919.5
3700,-15134.727502678421,15134.727502678421,15659.0,85.71000000000002,-600.0,1027659.0,2015659.0
3701,-15010.810859501074,15010.810859501074,15518.0,68.2957142857143,-500.0,1025518.0,2015518.0
3702,-14843.68083717332,14843.68083717332,15365.0,88.3957142857143,400.0,1007365.0,2015365.0
3703,-15106.123321315412,15106.123321315412,15618.5,66.90500000000002,200.0,1011618.5,2015618.5
3704,-14870.038039612755,14870.038039612755,15388.5,79.38857142857145,-3400.0,1083388.5,2015388.5
3705,-15055.475425808636,15055.475425808636,15575.5,81.48571428571431,1200.0,991575.5,2015575.5
3706,-14924.654568208434,14924.654568208434,15445.5,80.43714285714287,2800.0,959445.5,2015445.5
3707,-14807.955244743214,14807.955244743214,15302.5,61.03428571428572,-3800.0,1091302.5,2015302.5
3708,-15061.490161304253,15061.490161304253,15562.5,54.12285714285716,1200.0,991562.5,2015562.5
3709,-14507.813780175124,14507.813780175124,15016.0,80.00428571428573,-2800.0,1071016.0,2015016.0
3710,-15175.82397803502,15175.82397803502,15690.5,65.52142857142859,600.0,1003690.5,2015690.5
3711,-14712.118479510507,14712.118479510507,15229.0,84.06500000000003,-3600.0,1087229.0,2015229.0
3712,-14788.765595176319,14788.765595176319,15317.5,89.78214285714287,7300.0,869317.5,2015317.5
3713,-15050.721743598224,15050.721743598224,15568.5,79.83357142857145,2600.0,963568.5,2015568.5
3714,-15112.439512442146,15112.439512442146,15616.0,63.17285714285714,-100.0,1017616.0,2015616.0
3715,-15125.156314362071,15125.156314362071,15648.5,80.23714285714287,-1400.0,1043648.5,2015648.5
3716,-15091.51016072805,15091.51016072805,15623.0,88.46142857142858,-2400.0,1063623.0,2015623.0
3717,-14842.99142231004,14842.99142231004,15349.5,67.11142857142858,-400.0,1023349.5,2015349.5
3718,-15271.981420076148,15271.981420076148,15795.0,75.37928571428573,1900.0,977795.0,2015795.0
3719,-14924.570816336502,14924.570816336502,15427.5,64.10214285714287,400.0,1007427.5,2015427.5
3720,-15210.530623702192,15210.530623702192,15729.0,68.08357142857145,4200.0,931729.0,2015729.0
3721,-14669.908266976367,14669.908266976367,15191.5,90.64142857142858,-3000.0,1075191.5,2015191.5
3722,-15115.791851728536,15115.791851728536,15635.5,73.785,2100.0,973635.5,2015635.5
3723,-15075.951393533449,15075.951393533449,15583.5,70.80000000000001,-3900.0,1093583.5,2015583.5
3724,-15088.147406982402,15088.147406982402,15609.0,76.5607142857143,-300.0,1021609.0,2015609.0
3725,-14855.463242195237,14855.463242195237,15374.0,79.18285714285716,-3800.0,1091374.0,2015374.0
3726,-15225.368685674744,15225.368685674744,15768.5,91.19000000000003,4800.0,919768.5,2015768.5
3727,-15297.771765300646,15297.771765300646,15799.5,57.30142857142858,800.0,999799.5,2015799.5
3728,-15096.035247009548,15096.035247009548,15608.0,70.90142857142858,-700.0,1029608.0,2015608.0
3729,-14993.559192509205,14993.559192509205,15508.0,71.38642857142858,-4300.0,1101508.0,2015508.0
3730,-15266.148212933342,15266.148212933342,15782.5,72.01428571428573,-600.0,1027782.5,2015782.5
3731,-15002.04913938512,15002.04913938512,15508.5,64.1807142857143,-900.0,1033508.5,2015508.5
3732,-15246.677615895584,15246.677615895584,15776.0,81.3814285714286,800.0,999776.0,2015776.0
3733,-15029.184478270916,15029.184478270916,15562.5,92.2614285714286,-3000.0,1075562.5,2015562.5
3734,-15336.770075333861,15336.770075333861,15847.5,59.45,200.0,1011847.5,2015847.5
3735,-15116.278837726546,15116.278837726546,15646.0,79.15857142857146,100.0,1013646.0,2015646.0
3736,-14962.265260939716,14962.265260939716,15458.0,58.7457142857143,1900.0,977458.0,2015458.0
3737,-15283.52530554931,15283.52530554931,15782.5,52.38000000000001,1600.0,983782.5,2015782.5
3738,-14909.312177134208,14909.312177134208,15444.0,98.56071428571431,5000.0,915444.0,2015444.0
3739,-15205.623581038188,15205.623581038188,15726.0,70.61714285714287,-1300.0,1041726.0,2015726.0
3740,-15081.349408348979,15081.349408348979,15601.5,71.98071428571428,-2700.0,1069601.5,2015601.5
3741,-15207.608675783198,15207.608675783198,15700.0,49.43142857142857,1200.0,991700.0,2015700.0
3742,-14956.256690589873,14956.256690589873,15479.0,79.08642857142858,-500.0,1025479.0,2015479.0
3743,-15103.656639714027,15103.656639714027,15609.0,60.52857142857144,-300.0,1021609.0,2015609.0
3744,-14768.006968852143,14768.006968852143,15278.5,70.98357142857145,-800.0,1031278.5,2015278.5
3745,-15004.538462358927,15004.538462358927,15498.5,52.77285714285715,-700.0,1029498.5,2015498.5
3746,-15621.36599364782,15621.36599364782,16141.0,64.16785714285716,-1100.0,1038141.0,2016141.0
3747,-15156.337375662362,15156.337375662362,15689.0,88.93214285714288,600.0,1003689.0,2015689.0
3748,-15223.571589444613,15223.571589444613,15723.0,51.9807142857143,-1500.0,1045723.0,2015723.0
3749,-15086.495782426424,15086.495782426424,15605.0,76.18785714285715,-500.0,1025605.0,2015605.0
3750,-14818.074825907806,14818.074825907806,15345.0,94.24285714285716,5200.0,911345.0,2015345.0
3751,-15334.558884045928,15334.558884045928,15852.0,60.04357142857144,-300.0,1021852.0,2015852.0
3752,-15217.094378105881,15217.094378105881,15744.5,79.03500000000001,1500.0,985744.5,2015744.5
3753,-14585.140887057518,14585.140887057518,15089.5,82.14142857142859,-700.0,1029089.5,2015089.5
3754,-15040.136854304323,15040.136854304323,15558.5,78.29428571428572,-3100.0,1077558.5,2015558.5
3755,-14951.017210467318,14951.017210467318,15494.0,100.58428571428573,3100.0,953494.0,2015494.0
3756,-15565.355958580836,15565.355958580836,16105.5,82.78000000000002,-700.0,1030105.5,2016105.5
3757,-15065.671459546522,15065.671459546522,15571.5,64.67357142857145,1600.0,983571.5,2015571.5
3758,-14812.243564595516,14812.243564595516,15302.0,57.91642857142858,500.0,1005302.0,2015302.0
3759,-15188.887625858068,15188.887625858068,15697.5,66.18285714285716,-1600.0,1047697.5,2015697.5
3760,-15276.705748924338,15276.705748924338,15795.5,70.23214285714288,-2400.0,1063795.5,2015795.5
3761,-15162.065327194821,15162.065327194821,15704.5,96.70857142857145,5000.0,915704.5,2015704.5
3762,-15426.584767832775,15426.584767832775,15938.0,62.20571428571429,-2200.0,1059938.0,2015938.0
3763,-15161.095313447524,15161.095313447524,15678.0,69.63857142857142,100.0,1013678.0,2015678.0
3764,-15001.55974349267,15001.55974349267,15516.0,70.85500000000002,-700.0,1029516.0,2015516.0
3765,-15441.423817299168,15441.423817299168,15965.0,71.75142857142859,3200.0,951965.0,2015965.0
3766,-15448.747506990234,15448.747506990234,15990.0,86.11928571428572,-3500.0,1085990.0,2015990.0
3767,-15170.90999588298,15170.90999588298,15672.5,50.38071428571429,-900.0,1033672.5,2015672.5
3768,-15353.932216416837,15353.932216416837,15888.0,75.56928571428573,1500.0,985888.0,2015888.0
3769,-15259.446487280127,15259.446487280127,15803.5,91.02000000000002,2800.0,959803.5,2015803.5
3770,-15240.890329055786,15240.890329055786,15750.5,62.4207142857143,-300.0,1021750.5,2015750.5
3771,-14952.923847485326,14952.923847485326,15473.5,80.70142857142858,-800.0,1031473.5,2015473.5
3772,-15248.754010846998,15248.754010846998,15767.0,64.06857142857143,-2900.0,1073767.0,2015767.0
3773,-14822.880982440704,14822.880982440704,15319.0,51.15714285714287,-1000.0,1035319.0,2015319.0
3774,-15171.26167317001,15171.26167317001,15702.5,79.36928571428572,2500.0,965702.5,2015702.5
3775,-14764.1473334591,14764.1473334591,15281.0,79.28642857142859,4700.0,921281.0,2015281.0
3776,-15086.135391853117,15086.135391853117,15586.0,54.453571428571436,-1000.0,1035586.0,2015586.0
3777,-14856.190757260087,14856.190757260087,15374.0,78.19785714285715,-200.0,1019374.0,2015374.0
3778,-14943.893042319854,14943.893042319854,15471.0,91.19785714285717,2300.0,969471.0,2015471.0
3779,-15025.370260637574,15025.370260637574,15551.5,89.79214285714288,-4600.0,1107551.5,2015551.5
3780,-15288.955582628187,15288.955582628187,15802.5,60.86357142857143,300.0,1009802.5,2015802.5
3781,-15400.794188444854,15400.794188444854,15920.0,67.18142857142858,2300.0,969920.0,2015920.0
3782,-15121.076571552505,15121.076571552505,15639.0,70.50642857142859,-3400.0,1083639.0,2015639.0
3783,-15422.850111311383,15422.850111311383,15936.5,56.84357142857144,800.0,999936.5,2015936.5
3784,-15203.567792260754,15203.567792260754,15730.5,80.48285714285716,4000.0,935730.5,2015730.5
3785,-14584.9822251402,14584.9822251402,15094.5,81.49000000000001,800.0,999094.5,2015094.5
3786,-14941.172382204042,14941.172382204042,15441.0,57.08428571428573,500.0,1005441.0,2015441.0
3787,-14971.01654565438,14971.01654565438,15487.5,75.50428571428573,-1100.0,1037487.5,2015487.5
3788,-15044.261629569659,15044.261629569659,15568.0,85.19357142857143,-4000.0,1095568.0,2015568.0
3789,-15263.291099907354,15263.291099907354,15775.0,63.41000000000001,900.0,997775.0,2015775.0
3790,-15221.755760759836,15221.755760759836,15744.5,75.35214285714287,1800.0,979744.5,2015744.5
3791,-15027.049024520893,15027.049024520893,15534.5,65.06357142857144,-3100.0,1077534.5,2015534.5
3792,-15009.240246890582,15009.240246890582,15503.0,57.17642857142857,200.0,1011503.0,2015503.0
3793,-15428.478661765246,15428.478661765246,15960.0,73.46428571428572,-1100.0,1037960.0,2015960.0
3794,-14812.927653727946,14812.927653727946,15317.0,70.22142857142859,-1900.0,1053317.0,2015317.0
3795,-15150.724022824408,15150.724022824408,15663.0,69.39857142857144,900.0,997663.0,2015663.0
3796,-14931.255725958754,14931.255725958754,15452.0,78.94000000000003,300.0,1009452.0,2015452.0
3797,-15318.257003635543,15318.257003635543,15865.5,95.53714285714287,-3400.0,1083865.5,2015865.5
3798,-15112.86978550632,15112.86978550632,15640.5,77.5957142857143,900.0,997640.5,2015640.5
3799,-15059.089275382197,15059.089275382197,15577.5,74.99071428571429,-1000.0,1035577.5,2015577.5
3800,-15261.771560336543,15261.771560336543,15768.0,57.02928571428573,-1200.0,1039768.0,2015768.0
3801,-14739.59274434965,14739.59274434965,15250.5,73.51785714285715,-1300.0,1041250.5,2015250.5
3802,-14960.751918546397,14960.751918546397,15466.5,65.76500000000001,-300.0,1021466.5,2015466.5
3803,-15155.850419565646,15155.850419565646,15662.5,56.95714285714287,-1200.0,1039662.5,2015662.5
3804,-15166.579911426747,15166.579911426747,15703.5,85.52714285714288,-2000.0,1055703.5,2015703.5
3805,-15117.44535048863,15117.44535048863,15612.5,56.02357142857143,-1300.0,1041612.5,2015612.5
3806,-14877.781687844745,14877.781687844745,15386.0,73.31928571428573,-3800.0,1091386.0,2015386.0
3807,-14982.327379133814,14982.327379133814,15540.5,110.99571428571431,-3300.0,1081540.5,2015540.5
3808,-15175.532622615887,15175.532622615887,15670.0,52.205000000000005,2100.0,973670.0,2015670.0
3809,-14844.834748029398,14844.834748029398,15349.0,62.875714285714295,2200.0,971349.0,2015349.0
3810,-14999.01064249454,14999.01064249454,15514.0,79.03285714285718,-2300.0,1061514.0,2015514.0
3811,-15149.49808892259,15149.49808892259,15690.0,92.79857142857145,2800.0,959690.0,2015690.0
3812,-14876.226979026647,14876.226979026647,15390.5,72.61214285714289,1300.0,989390.5,2015390.5
3813,-15350.243125982655,15350.243125982655,15861.5,57.78,-300.0,1021861.5,2015861.5
3814,-15048.092304688285,15048.092304688285,15561.0,73.06428571428573,2800.0,959561.0,2015561.0
3815,-14960.974965409665,14960.974965409665,15490.5,88.54928571428574,2400.0,967490.5,2015490.5
3816,-15196.757739838089,15196.757739838089,15709.5,65.0657142857143,-3500.0,1085709.5,2015709.5
3817,-15235.420456050462,15235.420456050462,15752.5,70.0307142857143,-1100.0,1037752.5,2015752.5
3818,-15118.259753239552,15118.259753239552,15615.0,53.93571428571429,-1000.0,1035615.0,2015615.0
3819,-14428.435847881425,14428.435847881425,14927.5,74.4907142857143,1900.0,976927.5,2014927.5
3820,-15256.514460538412,15256.514460538412,15762.5,63.16000000000001,600.0,1003762.5,2015762.5
3821,-15131.22936816722,15131.22936816722,15645.0,67.0264285714286,1300.0,989645.0,2015645.0
3822,-14978.436811727493,14978.436811727493,15473.0,54.100714285714304,-2200.0,1059473.0,2015473.0
3823,-15518.972285723441,15518.972285723441,16060.0,84.31500000000001,-2700.0,1070060.0,2016060.0
3824,-15350.920709093238,15350.920709093238,15880.5,80.21142857142858,1800.0,979880.5,2015880.5
3825,-15241.37250439989,15241.37250439989,15773.5,81.2164285714286,-2800.0,1071773.5,2015773.5
3826,-15141.936661443786,15141.936661443786,15690.0,96.10428571428574,-2000.0,1055690.0,2015690.0
3827,-15114.74733755492,15114.74733755492,15629.5,70.27928571428573,-500.0,1025629.5,2015629.5
3828,-14872.417389722905,14872.417389722905,15395.5,84.48785714285717,-5800.0,1131395.5,2015395.5
3829,-14916.49649543734,14916.49649543734,15412.5,59.01857142857144,-500.0,1025412.5,2015412.5
3830,-15056.446559400263,15056.446559400263,15582.0,79.9657142857143,-5100.0,1117582.0,2015582.0
3831,-15180.144941911629,15180.144941911629,15692.0,65.17,-1500.0,1045692.0,2015692.0
3832,-15087.06592174649,15087.06592174649,15598.5,66.84357142857144,1000.0,995598.5,2015598.5
3833,-15065.988292710266,15065.988292710266,15583.5,65.73142857142858,-2000.0,1055583.5,2015583.5
3834,-15226.383422155835,15226.383422155835,15759.5,80.61428571428573,400.0,1007759.5,2015759.5
3835,-15109.364742783011,15109.364742783011,15622.5,72.4007142857143,0.0,1015622.5,2015622.5
3836,-15153.414384742686,15153.414384742686,15669.5,72.56571428571431,-600.0,1027669.5,2015669.5
3837,-15044.687348297528,15044.687348297528,15558.5,69.25285714285715,2900.0,957558.5,2015558.5
3838,-15468.439560213397,15468.439560213397,15986.0,71.68142857142857,-3500.0,1085986.0,2015986.0
3839,-15099.61673894838,15099.61673894838,15601.0,55.857857142857156,-2000.0,1055601.0,2015601.0
3840,-15083.010705235762,15083.010705235762,15603.0,74.83857142857144,-1800.0,1051603.0,2015603.0
3841,-15411.923488596765,15411.923488596765,15944.0,76.04642857142858,3800.0,939944.0,2015944.0
3842,-15227.407142318498,15227.407142318498,15731.0,57.4207142857143,-1100.0,1037731.0,2015731.0
3843,-15187.936112132738,15187.936112132738,15698.5,66.32428571428572,-1500.0,1045698.5,2015698.5
3844,-14972.48814078607,14972.48814078607,15482.5,75.14285714285715,-700.0,1029482.5,2015482.5
3845,-15043.90144353539,15043.90144353539,15553.5,67.88285714285715,1400.0,987553.5,2015553.5
3846,-15181.850511828688,15181.850511828688,15708.5,76.785,-3800.0,1091708.5,2015708.5
3847,-15335.61607162032,15335.61607162032,15855.5,68.51500000000001,-2500.0,1065855.5,2015855.5
3848,-15118.850163828041,15118.850163828041,15612.0,54.43428571428572,-200.0,1019612.0,2015612.0
3849,-15207.048921664998,15207.048921664998,15709.0,58.76857142857144,400.0,1007709.0,2015709.0
3850,-15177.44311123214,15177.44311123214,15709.5,85.31142857142859,-5000.0,1115709.5,2015709.5
3851,-15207.910646500723,15207.910646500723,15721.0,70.55642857142858,-2700.0,1069721.0,2015721.0
3852,-14788.523499194074,14788.523499194074,15279.0,53.86285714285716,2200.0,971279.0,2015279.0
3853,-15032.82747667238,15032.82747667238,15551.0,76.39000000000001,-1500.0,1045551.0,2015551.0
3854,-15280.42607205356,15280.42607205356,15808.5,74.5957142857143,-2800.0,1071808.5,2015808.5
3855,-15216.06725766577,15216.06725766577,15740.0,69.94785714285715,-600.0,1027740.0,2015740.0
3856,-14902.902743789473,14902.902743789473,15421.5,77.19500000000002,4900.0,917421.5,2015421.5
3857,-14862.516047736372,14862.516047736372,15385.0,82.2557142857143,-2000.0,1055385.0,2015385.0
3858,-15229.102415333955,15229.102415333955,15738.5,63.024285714285725,2000.0,975738.5,2015738.5
3859,-15157.059154254994,15157.059154254994,15666.5,60.273571428571444,1900.0,977666.5,2015666.5
3860,-14997.612609171101,14997.612609171101,15512.5,73.25285714285715,400.0,1007512.5,2015512.5
3861,-15142.796520778622,15142.796520778622,15642.5,60.34857142857143,1000.0,995642.5,2015642.5
3862,-15042.500959188492,15042.500959188492,15554.5,67.18714285714287,-600.0,1027554.5,2015554.5
3863,-14958.452738393764,14958.452738393764,15462.0,63.34500000000001,2500.0,965462.0,2015462.0
3864,-15135.74505913076,15135.74505913076,15653.0,70.11642857142859,700.0,1001653.0,2015653.0
3865,-15050.563636870676,15050.563636870676,15580.0,83.40857142857145,-5200.0,1119580.0,2015580.0
3866,-15080.936107625397,15080.936107625397,15604.5,76.1257142857143,-1900.0,1053604.5,2015604.5
3867,-15146.478194312045,15146.478194312045,15656.0,64.72642857142858,-300.0,1021656.0,2015656.0
3868,-15154.122687295381,15154.122687295381,15652.0,59.09928571428573,-300.0,1021652.0,2015652.0
3869,-15075.58334818671,15075.58334818671,15588.0,69.29571428571431,-2000.0,1055588.0,2015588.0
3870,-15388.770296516894,15388.770296516894,15909.5,70.04500000000002,0.0,1015909.5,2015909.5
3871,-15085.050423487399,15085.050423487399,15591.5,63.17928571428572,2900.0,957591.5,2015591.5
3872,-14876.851623463057,14876.851623463057,15412.5,96.45357142857145,-3800.0,1091412.5,2015412.5
3873,-14512.78356966021,14512.78356966021,15029.0,79.16714285714288,-2700.0,1069029.0,2015029.0
3874,-15224.969963912381,15224.969963912381,15773.5,95.55071428571429,3200.0,951773.5,2015773.5
3875,-14908.820254153425,14908.820254153425,15408.5,60.49142857142858,500.0,1005408.5,2015408.5
3876,-15121.808185073314,15121.808185073314,15644.5,71.15857142857145,-300.0,1021644.5,2015644.5
3877,-14955.131568543358,14955.131568543358,15485.5,87.38928571428573,1300.0,989485.5,2015485.5
3878,-15246.941128859014,15246.941128859014,15768.0,72.09000000000003,-900.0,1033768.0,2015768.0
3879,-14974.58685285079,14974.58685285079,15490.0,76.37785714285715,1300.0,989490.0,2015490.0
3880,-14845.112428170083,14845.112428170083,15375.0,91.07142857142858,-3900.0,1093375.0,2015375.0
3881,-14615.928233722738,14615.928233722738,15107.5,62.35714285714286,3100.0,953107.5,2015107.5
3882,-15178.828156516505,15178.828156516505,15691.5,65.49428571428572,-100.0,1017691.5,2015691.5
3883,-14981.744482804093,14981.744482804093,15497.0,73.73642857142858,1100.0,993497.0,2015497.0
3884,-15000.720449740984,15000.720449740984,15517.5,76.85000000000002,5000.0,915517.5,2015517.5
3885,-15116.567408122593,15116.567408122593,15636.0,75.40428571428573,-4500.0,1105636.0,2015636.0
3886,-15232.098238354421,15232.098238354421,15759.0,76.3214285714286,400.0,1007759.0,2015759.0
3887,-15259.200039563671,15259.200039563671,15774.5,64.48428571428572,2100.0,973774.5,2015774.5
3888,-15165.337936881511,15165.337936881511,15682.0,64.03500000000003,-3400.0,1083682.0,2015682.0
3889,-15136.679660116373,15136.679660116373,15645.5,67.71785714285716,800.0,999645.5,2015645.5
3890,-14989.665741712266,14989.665741712266,15510.0,79.76857142857145,0.0,1015510.0,2015510.0
3891,-14853.868563485086,14853.868563485086,15353.5,58.28714285714287,-100.0,1017353.5,2015353.5
3892,-15126.799197015836,15126.799197015836,15644.0,72.045,400.0,1007644.0,2015644.0
3893,-15083.088122060768,15083.088122060768,15577.5,52.47785714285715,1600.0,983577.5,2015577.5
3894,-15327.442946365562,15327.442946365562,15858.0,80.00714285714288,-1600.0,1047858.0,2015858.0
3895,-15417.81481766453,15417.81481766453,15943.5,72.28642857142859,600.0,1003943.5,2015943.5
3896,-15351.45868848127,15351.45868848127,15865.0,66.8257142857143,800.0,999865.0,2015865.0
3897,-15210.259215720638,15210.259215720638,15717.0,57.00000000000001,1600.0,983717.0,2015717.0
3898,-15248.011185513104,15248.011185513104,15780.5,88.52714285714288,1300.0,989780.5,2015780.5
3899,-15313.765233310956,15313.765233310956,15824.0,60.84714285714287,-2600.0,1067824.0,2015824.0
3900,-15204.741950198926,15204.741950198926,15706.5,57.53857142857144,4600.0,923706.5,2015706.5
3901,-15209.688625416537,15209.688625416537,15727.0,68.81785714285715,-1100.0,1037727.0,2015727.0
3902,-15031.045006743669,15031.045006743669,15554.5,83.22500000000002,-3700.0,1089554.5,2015554.5
3903,-15147.247783552428,15147.247783552428,15678.5,82.10785714285716,100.0,1013678.5,2015678.5
3904,-15076.391000963918,15076.391000963918,15603.0,83.21000000000001,-600.0,1027603.0,2015603.0
3905,-14776.87716647024,14776.87716647024,15261.0,50.63000000000001,800.0,999261.0,2015261.0
3906,-14946.655942708034,14946.655942708034,15441.0,56.32714285714287,2800.0,959441.0,2015441.0
3907,-14999.250361826265,14999.250361826265,15513.5,69.04785714285715,2500.0,965513.5,2015513.5
3908,-15331.644446847306,15331.644446847306,15847.5,56.212142857142865,-400.0,1023847.5,2015847.5
3909,-14974.537560055516,14974.537560055516,15502.5,85.27785714285716,4300.0,929502.5,2015502.5
3910,-14982.865401905216,14982.865401905216,15521.5,94.05857142857145,-3400.0,1083521.5,2015521.5
3911,-15176.720608681935,15176.720608681935,15716.0,91.0957142857143,0.0,1015716.0,2015716.0
3912,-14977.084448778802,14977.084448778802,15502.5,84.62785714285718,900.0,997502.5,2015502.5
3913,-15004.813052674104,15004.813052674104,15533.5,83.94642857142858,-4400.0,1103533.5,2015533.5
3914,-14969.836704454026,14969.836704454026,15471.0,64.33714285714288,-800.0,1031471.0,2015471.0
3915,-14979.400655606752,14979.400655606752,15486.5,68.25500000000001,4000.0,935486.5,2015486.5
3916,-14927.635755579826,14927.635755579826,15435.5,67.32500000000002,100.0,1013435.5,2015435.5
3917,-15182.3613217587,15182.3613217587,15715.0,90.45285714285716,-3500.0,1085715.0,2015715.0
3918,-14617.491384935756,14617.491384935756,15118.5,73.59714285714287,300.0,1009118.5,2015118.5
3919,-14749.682573041511,14749.682573041511,15304.5,113.44571428571432,-1200.0,1039304.5,2015304.5
3920,-15372.774409152604,15372.774409152604,15904.0,77.62857142857143,4000.0,935904.0,2015904.0
3921,-14798.066228246224,14798.066228246224,15309.5,75.50428571428573,900.0,997309.5,2015309.5
3922,-15337.401092044605,15337.401092044605,15831.5,46.517142857142865,1600.0,983831.5,2015831.5
3923,-15240.105980751849,15240.105980751849,15758.5,70.69142857142859,-5000.0,1115758.5,2015758.5
3924,-15370.281251722005,15370.281251722005,15891.0,68.20571428571431,900.0,997891.0,2015891.0
3925,-15096.35723408594,15096.35723408594,15602.5,56.6557142857143,-1500.0,1045602.5,2015602.5
3926,-15097.080113719183,15097.080113719183,15608.5,70.43928571428572,2100.0,973608.5,2015608.5
3927,-15203.529824485502,15203.529824485502,15719.5,64.60357142857144,-1800.0,1051719.5,2015719.5
3928,-15238.624377665281,15238.624377665281,15755.0,69.39500000000001,-1900.0,1053755.0,2015755.0
3929,-15292.418907311507,15292.418907311507,15805.5,66.91928571428572,-1900.0,1053805.5,2015805.5
3930,-15026.201725601102,15026.201725601102,15551.0,82.64285714285715,-700.0,1029551.0,2015551.0
3931,-15160.912352715315,15160.912352715315,15674.5,70.12500000000001,-900.0,1033674.5,2015674.5
3932,-14812.30643259743,14812.30643259743,15304.5,54.75928571428573,1800.0,979304.5,2015304.5
3933,-15190.786974559027,15190.786974559027,15693.0,58.662142857142875,-2900.0,1073693.0,2015693.0
3934,-15335.203273623425,15335.203273623425,15842.5,59.09500000000001,200.0,1011842.5,2015842.5
3935,-14976.373247798218,14976.373247798218,15481.0,63.21857142857144,1700.0,981481.0,2015481.0
3936,-14610.02083244385,14610.02083244385,15135.0,92.18928571428573,-2000.0,1055135.0,2015135.0
3937,-15365.74832817088,15365.74832817088,15888.0,71.20785714285715,1800.0,979888.0,2015888.0
3938,-15157.878521976894,15157.878521976894,15652.0,51.13714285714286,-500.0,1025652.0,2015652.0
3939,-14983.637587494792,14983.637587494792,15524.0,101.245,-3500.0,1085524.0,2015524.0
3940,-15191.858995445977,15191.858995445977,15718.0,77.2164285714286,800.0,999718.0,2015718.0
3941,-15540.493164767617,15540.493164767617,16087.0,87.43285714285716,2500.0,966087.0,2016087.0
3942,-15187.14545075558,15187.14545075558,15720.5,84.92214285714289,-1500.0,1045720.5,2015720.5
3943,-15314.973921862418,15314.973921862418,15830.0,71.85214285714287,-1800.0,1051830.0,2015830.0
3944,-15101.768253147111,15101.768253147111,15610.0,61.852142857142866,2100.0,973610.0,2015610.0
3945,-15236.15025777803,15236.15025777803,15745.0,59.73857142857144,-1600.0,1047745.0,2015745.0
3946,-15142.139817657751,15142.139817657751,15693.5,107.33928571428571,400.0,1007693.5,2015693.5
3947,-15164.025714322477,15164.025714322477,15671.5,66.85785714285716,700.0,1001671.5,2015671.5
3948,-15445.747978974663,15445.747978974663,15967.0,68.68142857142858,-2200.0,1059967.0,2015967.0
3949,-15096.195807449756,15096.195807449756,15619.0,75.82857142857145,1300.0,989619.0,2015619.0
3950,-15254.084059994866,15254.084059994866,15771.0,67.07000000000002,-1500.0,1045771.0,2015771.0
3951,-14858.606728468125,14858.606728468125,15380.5,80.28642857142857,2500.0,965380.5,2015380.5
3952,-14999.983430331617,14999.983430331617,15499.5,58.477142857142866,1800.0,979499.5,2015499.5
3953,-15235.44113728881,15235.44113728881,15753.0,66.58857142857144,0.0,1015753.0,2015753.0
3954,-15277.757206110078,15277.757206110078,15801.0,75.01357142857144,4400.0,927801.0,2015801.0
3955,-15111.976033191753,15111.976033191753,15616.0,67.52714285714288,2900.0,957616.0,2015616.0
3956,-14992.600330307232,14992.600330307232,15505.0,75.46714285714287,-300.0,1021505.0,2015505.0
3957,-15278.841666782842,15278.841666782842,15802.5,74.53571428571429,2300.0,969802.5,2015802.5
3958,-15246.619466571436,15246.619466571436,15761.5,69.19714285714288,-3700.0,1089761.5,2015761.5
3959,-15284.120083670688,15284.120083670688,15790.0,59.52214285714286,2200.0,971790.0,2015790.0
3960,-14921.260913649367,14921.260913649367,15430.0,66.23357142857145,1400.0,987430.0,2015430.0
3961,-15398.107343578877,15398.107343578877,15912.5,65.8357142857143,1700.0,981912.5,2015912.5
3962,-15097.781503013919,15097.781503013919,15635.5,95.56357142857144,3400.0,947635.5,2015635.5
3963,-15036.951361132311,15036.951361132311,15538.5,65.12928571428571,400.0,1007538.5,2015538.5
3964,-15307.028426601373,15307.028426601373,15850.5,89.34357142857145,5400.0,907850.5,2015850.5
3965,-15347.452645134297,15347.452645134297,15888.0,84.40071428571429,200.0,1011888.0,2015888.0
3966,-15109.74773811475,15109.74773811475,15639.0,83.32785714285714,-1500.0,1045639.0,2015639.0
3967,-15414.474427251782,15414.474427251782,15940.5,72.11357142857145,-4700.0,1109940.5,2015940.5
3968,-15398.045069818676,15398.045069818676,15927.0,85.155,-3900.0,1093927.0,2015927.0
3969,-15189.827042833196,15189.827042833196,15787.0,144.82428571428574,-4100.0,1097787.0,2015787.0
3970,-15085.02932063586,15085.02932063586,15598.0,67.24571428571429,500.0,1005598.0,2015598.0
3971,-15119.857064614482,15119.857064614482,15647.0,84.22357142857145,5500.0,905647.0,2015647.0
3972,-15083.326074493689,15083.326074493689,15595.0,65.40285714285716,0.0,1015595.0,2015595.0
3973,-15178.514608055339,15178.514608055339,15690.5,65.23642857142859,500.0,1005690.5,2015690.5
3974,-15224.241998583822,15224.241998583822,15737.0,70.07214285714286,3300.0,949737.0,2015737.0
3975,-15610.960192362756,15610.960192362756,16140.5,68.23285714285717,200.0,1012140.5,2016140.5
3976,-15119.583534413781,15119.583534413781,15632.0,62.24857142857144,2200.0,971632.0,2015632.0
3977,-14972.754447851024,14972.754447851024,15478.0,64.63214285714287,-3500.0,1085478.0,2015478.0
3978,-15181.705339429063,15181.705339429063,15719.0,88.11214285714287,900.0,997719.0,2015719.0
3979,-15534.763856698213,15534.763856698213,16088.0,96.3907142857143,-2300.0,1062088.0,2016088.0
3980,-15078.275029650116,15078.275029650116,15589.0,64.72857142857143,800.0,999589.0,2015589.0
3981,-15109.542030876175,15109.542030876175,15628.5,69.70285714285717,-600.0,1027628.5,2015628.5
3982,-14736.652265429297,14736.652265429297,15232.0,61.48857142857144,1900.0,977232.0,2015232.0
3983,-14889.31109206612,14889.31109206612,15385.5,63.45000000000002,3600.0,943385.5,2015385.5
3984,-15097.84542146077,15097.84542146077,15612.0,71.27714285714286,-500.0,1025612.0,2015612.0
3985,-14815.898624743586,14815.898624743586,15330.5,83.14928571428572,600.0,1003330.5,2015330.5
3986,-15297.306322993638,15297.306322993638,15811.0,62.36928571428572,1100.0,993811.0,2015811.0
3987,-14792.166993904357,14792.166993904357,15286.0,61.202857142857155,500.0,1005286.0,2015286.0
3988,-15093.51426772797,15093.51426772797,15599.0,63.273571428571444,-200.0,1019599.0,2015599.0
3989,-15257.955741439806,15257.955741439806,15788.5,81.79857142857145,-900.0,1033788.5,2015788.5
3990,-15121.65885667834,15121.65885667834,15627.5,59.97714285714287,1100.0,993627.5,2015627.5
3991,-15196.999359177335,15196.999359177335,15723.5,79.80642857142858,2400.0,967723.5,2015723.5
3992,-14983.382147926197,14983.382147926197,15503.5,78.0814285714286,-2700.0,1069503.5,2015503.5
3993,-15152.148705621477,15152.148705621477,15660.5,60.337142857142865,0.0,1015660.5,2015660.5
3994,-15074.19850049902,15074.19850049902,15580.0,57.8207142857143,-1600.0,1047580.0,2015580.0
3995,-14990.41281055013,14990.41281055013,15503.5,69.8607142857143,2100.0,973503.5,2015503.5
3996,-15035.955760148634,15035.955760148634,15543.5,68.19928571428572,-500.0,1025543.5,2015543.5
3997,-14954.351402489965,14954.351402489965,15455.5,62.30642857142857,1300.0,989455.5,2015455.5
3998,-15064.544279122518,15064.544279122518,15595.5,82.43214285714288,800.0,999595.5,2015595.5
3999,-15158.128690293852,15158.128690293852,15676.0,73.58785714285716,1600.0,983676.0,2015676.0
4000,-15038.454890401063,15038.454890401063,15577.5,95.39214285714289,1600.0,983577.5,2015577.5
4001,-14786.549054828021,14786.549054828021,15300.0,78.10000000000002,600.0,1003300.0,2015300.0
4002,-14838.319323672444,14838.319323672444,15339.5,66.77714285714288,-2100.0,1057339.5,2015339.5
4003,-15312.297396372704,15312.297396372704,15839.5,79.95142857142858,-800.0,1031839.5,2015839.5
4004,-15065.02735746069,15065.02735746069,15601.0,99.74428571428572,5400.0,907601.0,2015601.0
4005,-15247.111961495779,15247.111961495779,15753.0,54.265000000000015,-1200.0,1039753.0,2015753.0
4006,-14831.587638243513,14831.587638243513,15351.5,85.81928571428573,-2800.0,1071351.5,2015351.5
4007,-14940.778825681227,14940.778825681227,15458.0,79.72142857142859,-2000.0,1055458.0,2015458.0
4008,-15068.07098211965,15068.07098211965,15567.5,61.09285714285714,-700.0,1029567.5,2015567.5
4009,-15601.491923650268,15601.491923650268,16112.5,54.069285714285726,-900.0,1034112.5,2016112.5
4010,-15227.246068550312,15227.246068550312,15763.0,81.98928571428573,700.0,1001763.0,2015763.0
4011,-15264.290218754995,15264.290218754995,15786.0,71.71857142857145,-1600.0,1047786.0,2015786.0
4012,-15239.960324105985,15239.960324105985,15754.5,62.782857142857154,-1500.0,1045754.5,2015754.5
4013,-15089.455864593281,15089.455864593281,15612.5,74.81928571428573,2300.0,969612.5,2015612.5
4014,-15124.883213518546,15124.883213518546,15630.5,65.07857142857144,700.0,1001630.5,2015630.5
4015,-15407.777292610535,15407.777292610535,15912.0,52.53428571428572,1500.0,985912.0,2015912.0
4016,-14850.43602466311,14850.43602466311,15385.0,98.96928571428573,3900.0,937385.0,2015385.0
4017,-15312.815663846663,15312.815663846663,15813.0,57.00500000000001,-100.0,1017813.0,2015813.0
4018,-15194.41320701675,15194.41320701675,15692.0,55.34785714285715,-4500.0,1105692.0,2015692.0
4019,-15194.568793967537,15194.568793967537,15732.0,88.22142857142859,1200.0,991732.0,2015732.0
4020,-14970.49556282934,14970.49556282934,15497.5,82.46357142857144,-5300.0,1121497.5,2015497.5
4021,-15098.228941714273,15098.228941714273,15603.0,59.87214285714287,1100.0,993603.0,2015603.0
4022,-15088.514008313952,15088.514008313952,15603.5,69.24642857142858,-1300.0,1041603.5,2015603.5
4023,-15258.208474464544,15258.208474464544,15792.5,85.26428571428573,2800.0,959792.5,2015792.5
4024,-15166.466075284328,15166.466075284328,15688.0,71.31642857142859,2000.0,975688.0,2015688.0
4025,-15209.989786482814,15209.989786482814,15712.0,53.530714285714296,-3100.0,1077712.0,2015712.0
4026,-15260.938752870814,15260.938752870814,15775.5,64.3557142857143,-1500.0,1045775.5,2015775.5
4027,-15489.879939763376,15489.879939763376,16017.0,73.72000000000001,5000.0,916017.0,2016017.0
4028,-15207.727854131503,15207.727854131503,15746.0,86.77928571428573,2600.0,963746.0,2015746.0
4029,-15268.283591103296,15268.283591103296,15763.5,50.82357142857144,-1700.0,1049763.5,2015763.5
4030,-15218.864817060885,15218.864817060885,15733.0,58.99,300.0,1009733.0,2015733.0
4031,-14924.060069129802,14924.060069129802,15429.0,66.45857142857143,2000.0,975429.0,2015429.0
4032,-14992.451344738714,14992.451344738714,15515.0,79.03214285714287,-700.0,1029515.0,2015515.0
4033,-15167.762075708433,15167.762075708433,15671.5,58.08142857142859,-3000.0,1075671.5,2015671.5
4034,-15018.649566456104,15018.649566456104,15569.5,101.77285714285716,4100.0,933569.5,2015569.5
4035,-15227.725190486006,15227.725190486006,15719.5,47.85357142857144,1800.0,979719.5,2015719.5
4036,-15105.382847431018,15105.382847431018,15643.0,88.60214285714287,-2900.0,1073643.0,2015643.0
4037,-15269.850302609655,15269.850302609655,15805.5,89.73714285714287,1700.0,981805.5,2015805.5
4038,-15205.117529591775,15205.117529591775,15730.5,72.67214285714286,1900.0,977730.5,2015730.5
4039,-15441.517177630278,15441.517177630278,15945.0,54.06214285714287,400.0,1007945.0,2015945.0
4040,-15348.74867795891,15348.74867795891,15894.5,92.99857142857144,2300.0,969894.5,2015894.5
4041,-15517.532884092365,15517.532884092365,16029.5,53.14500000000001,-1700.0,1050029.5,2016029.5
4042,-14908.92947920262,14908.92947920262,15432.0,78.71428571428572,-900.0,1033432.0,2015432.0
4043,-15271.725375921193,15271.725375921193,15824.5,101.69000000000003,-1300.0,1041824.5,2015824.5
4044,-15280.413408952543,15280.413408952543,15790.0,60.9207142857143,3700.0,941790.0,2015790.0
4045,-15204.100792059158,15204.100792059158,15734.5,82.5957142857143,-800.0,1031734.5,2015734.5
4046,-15200.632606987498,15200.632606987498,15703.0,65.07000000000001,100.0,1013703.0,2015703.0
4047,-15381.41360504199,15381.41360504199,15908.0,72.29142857142858,-1500.0,1045908.0,2015908.0
4048,-14697.61049732115,14697.61049732115,15219.0,83.6007142857143,2200.0,971219.0,2015219.0
4049,-15038.322474215982,15038.322474215982,15554.0,74.47785714285715,-100.0,1017554.0,2015554.0
4050,-15257.884192506936,15257.884192506936,15766.5,59.19714285714287,-2300.0,1061766.5,2015766.5
4051,-15210.706399279137,15210.706399279137,15730.5,71.37214285714286,-2900.0,1073730.5,2015730.5
4052,-15381.33299492356,15381.33299492356,15884.0,52.976428571428585,2000.0,975884.0,2015884.0
4053,-15018.107424523076,15018.107424523076,15525.5,75.6307142857143,-100.0,1017525.5,2015525.5
4054,-14838.507735996463,14838.507735996463,15353.0,76.83142857142857,-1000.0,1035353.0,2015353.0
4055,-15187.540435778843,15187.540435778843,15704.5,68.25928571428572,-500.0,1025704.5,2015704.5
4056,-15296.228682202734,15296.228682202734,15840.0,93.47285714285717,-3400.0,1083840.0,2015840.0
4057,-15196.837258435778,15196.837258435778,15726.5,75.67785714285716,1000.0,995726.5,2015726.5
4058,-15131.609094064657,15131.609094064657,15656.5,80.2857142857143,900.0,997656.5,2015656.5
4059,-14794.427702743189,14794.427702743189,15303.5,70.43428571428572,-800.0,1031303.5,2015303.5
4060,-15323.038931747586,15323.038931747586,15871.5,94.28000000000002,-2600.0,1067871.5,2015871.5
4061,-14962.758274481886,14962.758274481886,15480.5,74.69500000000001,1800.0,979480.5,2015480.5
4062,-14952.496236261894,14952.496236261894,15458.5,62.52857142857144,-600.0,1027458.5,2015458.5
4063,-15268.23631447795,15268.23631447795,15779.5,62.45571428571429,-1600.0,1047779.5,2015779.5
4064,-14961.292711756509,14961.292711756509,15498.5,89.45357142857145,5200.0,911498.5,2015498.5
4065,-15155.93962653395,15155.93962653395,15690.0,88.17642857142857,1200.0,991690.0,2015690.0
4066,-14971.556779462113,14971.556779462113,15494.0,85.50000000000003,3500.0,945494.0,2015494.0
4067,-15172.087553039893,15172.087553039893,15695.0,81.00500000000001,4100.0,933695.0,2015695.0
4068,-14941.406440292147,14941.406440292147,15458.0,78.78,-500.0,1025458.0,2015458.0
4069,-15278.864389135382,15278.864389135382,15779.5,59.33357142857144,2500.0,965779.5,2015779.5
4070,-15432.45521390332,15432.45521390332,15949.0,66.96357142857144,0.0,1015949.0,2015949.0
4071,-14918.650201774812,14918.650201774812,15428.0,68.94785714285715,2100.0,973428.0,2015428.0
4072,-15318.653403041335,15318.653403041335,15826.5,61.41214285714287,-3200.0,1079826.5,2015826.5
4073,-15247.543540668023,15247.543540668023,15779.0,86.77857142857145,1800.0,979779.0,2015779.0
4074,-15291.370311652987,15291.370311652987,15822.5,73.85428571428574,100.0,1013822.5,2015822.5
4075,-15135.465769226143,15135.465769226143,15649.5,65.12928571428573,3200.0,951649.5,2015649.5
4076,-15151.911846943247,15151.911846943247,15657.0,65.54214285714286,1000.0,995657.0,2015657.0
4077,-15202.064733548383,15202.064733548383,15720.5,72.4607142857143,200.0,1011720.5,2015720.5
4078,-14785.209102796232,14785.209102796232,15282.0,59.327142857142874,-500.0,1025282.0,2015282.0
4079,-15195.90133291024,15195.90133291024,15697.0,52.60571428571429,400.0,1007697.0,2015697.0
4080,-14942.697978916476,14942.697978916476,15469.0,85.98714285714286,2200.0,971469.0,2015469.0
4081,-14958.428816357788,14958.428816357788,15470.5,78.35928571428573,2700.0,961470.5,2015470.5
4082,-15134.732823788909,15134.732823788909,15656.0,73.4457142857143,5200.0,911656.0,2015656.0
4083,-14817.339980500514,14817.339980500514,15298.0,48.14714285714287,-1600.0,1047298.0,2015298.0
4084,-15042.97784777555,15042.97784777555,15548.0,62.03642857142859,-900.0,1033548.0,2015548.0
4085,-15027.283480449889,15027.283480449889,15570.0,99.81285714285715,-3400.0,1083570.0,2015570.0
4086,-15148.43910032025,15148.43910032025,15667.0,74.38285714285716,4500.0,925667.0,2015667.0
4087,-15114.832122495436,15114.832122495436,15645.5,84.02357142857146,800.0,999645.5,2015645.5
4088,-15074.887011695551,15074.887011695551,15580.5,62.970714285714294,-200.0,1019580.5,2015580.5
4089,-15117.501346008286,15117.501346008286,15615.5,51.64714285714287,-1800.0,1051615.5,2015615.5
4090,-15425.888618759522,15425.888618759522,15945.0,63.835714285714296,4400.0,927945.0,2015945.0
4091,-15118.53646087822,15118.53646087822,15638.5,75.47857142857146,-2500.0,1065638.5,2015638.5
4092,-15190.829425186463,15190.829425186463,15699.0,61.986428571428576,-800.0,1031699.0,2015699.0
4093,-14921.33716488849,14921.33716488849,15434.0,68.26428571428573,4400.0,927434.0,2015434.0
4094,-14778.428095845531,14778.428095845531,15279.5,65.3157142857143,4700.0,921279.5,2015279.5
4095,-15233.657279169998,15233.657279169998,15747.5,66.77785714285716,-1300.0,1041747.5,2015747.5
4096,-15252.142204759086,15252.142204759086,15771.5,64.8857142857143,-3100.0,1077771.5,2015771.5
4097,-15164.229401423185,15164.229401423185,15673.0,63.842857142857156,-400.0,1023673.0,2015673.0
4098,-15033.953016071839,15033.953016071839,15540.5,63.15857142857144,-1600.0,1047540.5,2015540.5
4099,-15285.600190429637,15285.600190429637,15801.5,64.10428571428574,700.0,1001801.5,2015801.5
4100,-15236.341126303385,15236.341126303385,15772.5,88.65285714285716,900.0,997772.5,2015772.5
4101,-14910.542139477278,14910.542139477278,15419.5,69.73571428571431,1900.0,977419.5,2015419.5
4102,-14948.228460769973,14948.228460769973,15452.0,63.204285714285724,-2800.0,1071452.0,2015452.0
4103,-15237.39301183818,15237.39301183818,15753.5,68.78285714285715,-1500.0,1045753.5,2015753.5
4104,-15147.928841077615,15147.928841077615,15650.0,52.92857142857143,-500.0,1025650.0,2015650.0
4105,-14964.416095322127,14964.416095322127,15447.0,44.822142857142865,200.0,1011447.0,2015447.0
4106,-15001.855814104172,15001.855814104172,15514.0,68.94214285714287,4100.0,933514.0,2015514.0
4107,-15262.141335653007,15262.141335653007,15777.0,58.45000000000001,-100.0,1017777.0,2015777.0
4108,-14973.545795395874,14973.545795395874,15472.5,60.20785714285715,-1500.0,1045472.5,2015472.5
4109,-15667.1753400271,15667.1753400271,16189.5,61.69500000000001,-300.0,1022189.5,2016189.5
4110,-15110.05722436655,15110.05722436655,15610.5,54.057142857142864,1900.0,977610.5,2015610.5
4111,-15138.988030613149,15138.988030613149,15665.0,80.12857142857143,2100.0,973665.0,2015665.0
4112,-14708.862586633779,14708.862586633779,15237.5,95.22500000000001,3300.0,949237.5,2015237.5
4113,-14852.960187129524,14852.960187129524,15363.0,68.9507142857143,-300.0,1021363.0,2015363.0
4114,-15228.652293151621,15228.652293151621,15744.5,73.16357142857143,4300.0,929744.5,2015744.5
4115,-14900.69802190999,14900.69802190999,15418.0,72.92214285714287,1400.0,987418.0,2015418.0
4116,-14971.518672051057,14971.518672051057,15472.0,63.51785714285715,-1500.0,1045472.0,2015472.0
4117,-15364.220614932581,15364.220614932581,15893.5,73.02714285714288,1000.0,995893.5,2015893.5
4118,-15263.365287982306,15263.365287982306,15794.0,81.10285714285716,1900.0,977794.0,2015794.0
4119,-14946.932009239234,14946.932009239234,15457.5,67.50571428571429,-400.0,1023457.5,2015457.5
4120,-15414.610377044817,15414.610377044817,15952.0,85.22642857142858,3900.0,937952.0,2015952.0
4121,-15250.125371555829,15250.125371555829,15768.0,71.57857142857144,2600.0,963768.0,2015768.0
4122,-15081.878185964846,15081.878185964846,15592.0,63.13642857142858,3200.0,951592.0,2015592.0
4123,-15405.153858400874,15405.153858400874,15967.5,105.91857142857145,-4600.0,1107967.5,2015967.5
4124,-15079.469760997015,15079.469760997015,15586.0,61.79285714285715,3100.0,953586.0,2015586.0
4125,-14901.105179538801,14901.105179538801,15412.5,70.16785714285716,900.0,997412.5,2015412.5
4126,-14954.613727032853,14954.613727032853,15485.5,88.83500000000002,3300.0,949485.5,2015485.5
4127,-15259.802622657606,15259.802622657606,15811.0,93.69000000000001,-1500.0,1045811.0,2015811.0
4128,-15009.762149992193,15009.762149992193,15528.5,77.83214285714287,3500.0,945528.5,2015528.5
4129,-14818.926545589025,14818.926545589025,15298.5,44.40142857142858,-800.0,1031298.5,2015298.5
4130,-14896.740623515701,14896.740623515701,15421.5,83.94928571428572,2400.0,967421.5,2015421.5
4131,-15000.930399897507,15000.930399897507,15529.0,86.24357142857144,1200.0,991529.0,2015529.0
4132,-15370.084816142782,15370.084816142782,15896.0,74.82142857142858,-300.0,1021896.0,2015896.0
4133,-15166.886583148425,15166.886583148425,15691.0,72.65928571428572,-2100.0,1057691.0,2015691.0
4134,-15117.401436749336,15117.401436749336,15634.0,71.85214285714287,-3800.0,1091634.0,2015634.0
4135,-15337.473526205158,15337.473526205158,15868.0,75.72285714285715,-6000.0,1135868.0,2015868.0
4136,-14790.951672455663,14790.951672455663,15313.0,89.57857142857145,-3500.0,1085313.0,2015313.0
4137,-15180.391280082571,15180.391280082571,15721.0,88.53000000000002,-1000.0,1035721.0,2015721.0
4138,-14845.775261357881,14845.775261357881,15337.5,54.08071428571429,1700.0,981337.5,2015337.5
4139,-14994.272010720546,14994.272010720546,15503.5,70.27428571428572,1000.0,995503.5,2015503.5
4140,-15129.398376952015,15129.398376952015,15644.5,72.22142857142859,-200.0,1019644.5,2015644.5
4141,-15160.693342448623,15160.693342448623,15707.5,99.60214285714287,-3600.0,1087707.5,2015707.5
4142,-15330.863581409923,15330.863581409923,15865.5,83.32642857142858,3100.0,953865.5,2015865.5
4143,-14580.659274405009,14580.659274405009,15086.0,78.42000000000002,-2500.0,1065086.0,2015086.0
4144,-14975.957110570862,14975.957110570862,15467.5,52.06714285714287,1000.0,995467.5,2015467.5
4145,-15468.609942517929,15468.609942517929,15991.5,68.44214285714287,-2000.0,1055991.5,2015991.5
4146,-15240.768745794208,15240.768745794208,15759.0,70.5357142857143,-1700.0,1049759.0,2015759.0
4147,-15150.403445525073,15150.403445525073,15672.5,76.34642857142859,-2000.0,1055672.5,2015672.5
4148,-15132.653979273065,15132.653979273065,15662.5,80.5107142857143,-3800.0,1091662.5,2015662.5
4149,-15098.375650827293,15098.375650827293,15629.5,84.44642857142858,2200.0,971629.5,2015629.5
4150,-15259.532410893442,15259.532410893442,15773.0,62.00642857142858,-400.0,1023773.0,2015773.0
4151,-15212.383773661793,15212.383773661793,15723.0,68.67928571428573,1400.0,987723.0,2015723.0
4152,-14680.6507612614,14680.6507612614,15197.0,79.7957142857143,3600.0,943197.0,2015197.0
4153,-15333.845393564963,15333.845393564963,15841.0,60.53285714285715,1700.0,981841.0,2015841.0
4154,-15362.177013339038,15362.177013339038,15876.0,64.7657142857143,2900.0,957876.0,2015876.0
4155,-15356.411096154116,15356.411096154116,15874.5,65.08642857142857,3000.0,955874.5,2015874.5
4156,-15403.359206566374,15403.359206566374,15970.0,107.13357142857146,2600.0,963970.0,2015970.0
4157,-14974.191254546302,14974.191254546302,15498.0,82.24500000000002,-4800.0,1111498.0,2015498.0
4158,-15030.523466688735,15030.523466688735,15542.5,71.62785714285715,-2200.0,1059542.5,2015542.5
4159,-15390.750932239234,15390.750932239234,15903.5,62.96357142857144,3200.0,951903.5,2015903.5
4160,-14987.998418669209,14987.998418669209,15512.5,79.80928571428572,900.0,997512.5,2015512.5
4161,-15378.876390461479,15378.876390461479,15939.5,104.24857142857144,-6600.0,1147939.5,2015939.5
4162,-15048.980953183593,15048.980953183593,15557.0,62.52000000000001,-800.0,1031557.0,2015557.0
4163,-15134.942180873444,15134.942180873444,15640.5,60.05285714285715,-1400.0,1043640.5,2015640.5
4164,-15272.438700254947,15272.438700254947,15832.5,112.46285714285716,2000.0,975832.5,2015832.5
4165,-15029.072837801425,15029.072837801425,15528.5,58.65285714285715,-400.0,1023528.5,2015528.5
4166,-15158.214068012107,15158.214068012107,15717.5,103.76214285714289,-100.0,1017717.5,2015717.5
4167,-15371.035672728001,15371.035672728001,15879.0,59.8257142857143,5600.0,903879.0,2015879.0
4168,-15193.648608510419,15193.648608510419,15700.0,59.047857142857154,-2200.0,1059700.0,2015700.0
4169,-15214.37688479369,15214.37688479369,15712.0,53.15571428571429,700.0,1001712.0,2015712.0
4170,-15054.324437703437,15054.324437703437,15565.0,67.36214285714287,700.0,1001565.0,2015565.0
4171,-15240.999958765738,15240.999958765738,15762.5,72.38142857142859,-600.0,1027762.5,2015762.5
4172,-15360.768878431067,15360.768878431067,15870.0,63.05428571428574,1300.0,989870.0,2015870.0
4173,-15356.456311150134,15356.456311150134,15902.0,95.30857142857144,1200.0,991902.0,2015902.0
4174,-15085.701729472796,15085.701729472796,15614.5,83.41285714285715,-1700.0,1049614.5,2015614.5
4175,-15320.375916437504,15320.375916437504,15844.0,79.32000000000002,-700.0,1029844.0,2015844.0
4176,-15302.13299098897,15302.13299098897,15843.0,85.99357142857144,2100.0,973843.0,2015843.0
4177,-14809.876881309458,14809.876881309458,15335.5,86.52714285714288,1000.0,995335.5,2015335.5
4178,-15090.491460760422,15090.491460760422,15617.5,80.5457142857143,2100.0,973617.5,2015617.5
4179,-15071.423977418272,15071.423977418272,15603.5,87.85857142857145,3000.0,955603.5,2015603.5
4180,-14908.857171471489,14908.857171471489,15409.0,57.69142857142859,-700.0,1029409.0,2015409.0
4181,-15181.667018579361,15181.667018579361,15698.0,69.81714285714287,-100.0,1017698.0,2015698.0
4182,-15330.294366842774,15330.294366842774,15853.0,69.96214285714287,3300.0,949853.0,2015853.0
4183,-15073.692748304393,15073.692748304393,15585.5,71.29285714285716,300.0,1009585.5,2015585.5
4184,-15243.009133884905,15243.009133884905,15774.5,79.06357142857144,1600.0,983774.5,2015774.5
4185,-14911.806454118956,14911.806454118956,15411.0,58.21500000000002,-2100.0,1057411.0,2015411.0
4186,-15162.481915804725,15162.481915804725,15711.5,102.40000000000002,-3000.0,1075711.5,2015711.5
4187,-15148.184057428687,15148.184057428687,15672.0,77.39214285714289,-2000.0,1055672.0,2015672.0
4188,-15019.67743169351,15019.67743169351,15524.0,59.422142857142866,200.0,1011524.0,2015524.0
4189,-15048.821779438045,15048.821779438045,15562.5,67.21071428571429,-1500.0,1045562.5,2015562.5
4190,-15307.846635299873,15307.846635299873,15828.0,64.16214285714287,2700.0,961828.0,2015828.0
4191,-15145.043651770808,15145.043651770808,15652.5,66.53500000000001,1700.0,981652.5,2015652.5
4192,-15214.060472814257,15214.060472814257,15728.5,70.96357142857144,2100.0,973728.5,2015728.5
4193,-15025.81121069317,15025.81121069317,15534.5,65.7657142857143,2800.0,959534.5,2015534.5
4194,-14952.298987533264,14952.298987533264,15480.0,88.78428571428573,-2000.0,1055480.0,2015480.0
4195,-15285.882294577728,15285.882294577728,15809.5,72.2057142857143,-2100.0,1057809.5,2015809.5
4196,-15250.287686582575,15250.287686582575,15771.5,69.33571428571429,-4200.0,1099771.5,2015771.5
4197,-15172.438514417048,15172.438514417048,15704.5,83.9457142857143,-5600.0,1127704.5,2015704.5
4198,-15453.606602238608,15453.606602238608,16014.0,108.14000000000001,1400.0,988014.0,2016014.0
4199,-15322.243302605006,15322.243302605006,15838.0,63.967857142857156,-200.0,1019838.0,2015838.0
4200,-15300.066730593597,15300.066730593597,15830.0,81.69785714285715,-3400.0,1083830.0,2015830.0
4201,-14958.109790793123,14958.109790793123,15478.5,74.62785714285715,-900.0,1033478.5,2015478.5
4202,-15001.475946978051,15001.475946978051,15516.0,77.21428571428574,-1200.0,1039516.0,2015516.0
4203,-15156.635819152089,15156.635819152089,15680.5,71.02428571428572,-1000.0,1035680.5,2015680.5
4204,-15087.79339071396,15087.79339071396,15609.5,78.87142857142858,1500.0,985609.5,2015609.5
4205,-15004.286058457685,15004.286058457685,15512.5,64.97642857142858,-2300.0,1061512.5,2015512.5
4206,-15228.296251449296,15228.296251449296,15744.5,74.44928571428574,700.0,1001744.5,2015744.5
4207,-14617.178871931384,14617.178871931384,15119.5,74.05857142857144,-2600.0,1067119.5,2015119.5
4208,-15227.821360728474,15227.821360728474,15737.5,62.398571428571444,700.0,1001737.5,2015737.5
4209,-15193.927760282671,15193.927760282671,15714.0,72.04500000000002,500.0,1005714.0,2015714.0
4210,-15273.6804143841,15273.6804143841,15798.5,67.9107142857143,-2400.0,1063798.5,2015798.5
4211,-15091.231302258871,15091.231302258871,15603.0,66.51714285714287,-2400.0,1063603.0,2015603.0
4212,-15345.204566716808,15345.204566716808,15857.0,60.10285714285716,300.0,1009857.0,2015857.0
4213,-15240.169392074093,15240.169392074093,15790.0,99.89285714285717,-4600.0,1107790.0,2015790.0
4214,-15054.731527822738,15054.731527822738,15579.5,80.92785714285716,-1000.0,1035579.5,2015579.5
4215,-14795.402021261692,14795.402021261692,15293.0,61.80857142857144,-1600.0,1047293.0,2015293.0
4216,-15517.367490746803,15517.367490746803,16030.0,56.804285714285726,-2700.0,1070030.0,2016030.0
4217,-15231.444949052198,15231.444949052198,15742.0,61.35857142857145,-1000.0,1035742.0,2015742.0
4218,-15249.612406159433,15249.612406159433,15776.5,75.89642857142859,-1100.0,1037776.5,2015776.5
4219,-14797.177679667853,14797.177679667853,15298.5,68.64571428571429,900.0,997298.5,2015298.5
4220,-14961.688677763343,14961.688677763343,15458.5,58.89785714285715,-900.0,1033458.5,2015458.5
4221,-15183.891649074048,15183.891649074048,15709.5,75.67357142857144,1900.0,977709.5,2015709.5
4222,-14931.216824450805,14931.216824450805,15466.5,96.49785714285717,1800.0,979466.5,2015466.5
4223,-14784.577371306357,14784.577371306357,15310.5,91.72428571428574,-4700.0,1109310.5,2015310.5
4224,-15492.57945188443,15492.57945188443,16009.5,57.835714285714296,3000.0,956009.5,2016009.5
4225,-15410.076800242572,15410.076800242572,15926.0,60.29214285714286,700.0,1001926.0,2015926.0
4226,-15317.059282792301,15317.059282792301,15844.0,80.5864285714286,3300.0,949844.0,2015844.0
4227,-15279.074999879742,15279.074999879742,15813.5,87.95857142857145,0.0,1015813.5,2015813.5
4228,-15083.679880262349,15083.679880262349,15605.0,77.75928571428574,-4400.0,1103605.0,2015605.0
4229,-14899.422103312567,14899.422103312567,15420.0,79.65571428571431,-2300.0,1061420.0,2015420.0
4230,-14833.381014534923,14833.381014534923,15338.0,67.46214285714288,600.0,1003338.0,2015338.0
4231,-15302.058987816483,15302.058987816483,15808.5,55.69500000000001,4100.0,933808.5,2015808.5
4232,-14999.732446335855,14999.732446335855,15550.5,110.7957142857143,1900.0,977550.5,2015550.5
4233,-15129.745646614669,15129.745646614669,15685.0,103.65642857142859,300.0,1009685.0,2015685.0
4234,-14977.287305519727,14977.287305519727,15517.5,93.87714285714287,-100.0,1017517.5,2015517.5
4235,-15138.623882600134,15138.623882600134,15636.0,52.40285714285716,-1700.0,1049636.0,2015636.0
4236,-14727.516846347604,14727.516846347604,15248.0,86.35785714285717,1100.0,993248.0,2015248.0
4237,-15282.3623085031,15282.3623085031,15798.5,69.69857142857143,1400.0,987798.5,2015798.5
4238,-15176.503655760629,15176.503655760629,15714.0,93.64857142857144,-1400.0,1043714.0,2015714.0
4239,-15048.018767131478,15048.018767131478,15577.0,81.51857142857145,4100.0,933577.0,2015577.0
4240,-15158.777435630538,15158.777435630538,15671.5,67.1807142857143,-400.0,1023671.5,2015671.5
4241,-15447.751531277707,15447.751531277707,15986.0,82.74071428571432,500.0,1005986.0,2015986.0
4242,-14994.527759153283,14994.527759153283,15526.5,88.69857142857144,4900.0,917526.5,2015526.5
4243,-15135.478937302176,15135.478937302176,15641.5,55.46,1500.0,985641.5,2015641.5
4244,-15426.193509073964,15426.193509073964,15925.5,46.26642857142858,-2300.0,1061925.5,2015925.5
4245,-15143.769423125043,15143.769423125043,15669.0,80.88357142857144,2600.0,963669.0,2015669.0
4246,-15247.43351750181,15247.43351750181,15768.0,72.00142857142859,1900.0,977768.0,2015768.0
4247,-15014.381963758457,15014.381963758457,15538.0,83.12642857142858,2300.0,969538.0,2015538.0
4248,-14999.693136065656,14999.693136065656,15544.0,99.84928571428573,-1700.0,1049544.0,2015544.0
4249,-15113.467427568787,15113.467427568787,15639.5,84.23071428571431,5200.0,911639.5,2015639.5
4250,-15125.258744693298,15125.258744693298,15635.0,73.21071428571432,-300.0,1021635.0,2015635.0
4251,-15141.98520230053,15141.98520230053,15651.5,64.98500000000001,3500.0,945651.5,2015651.5
4252,-15184.743241015665,15184.743241015665,15712.5,82.54642857142859,100.0,1013712.5,2015712.5
4253,-15268.535164227816,15268.535164227816,15790.0,67.83357142857145,-4500.0,1105790.0,2015790.0
4254,-15200.177768885856,15200.177768885856,15731.5,86.26357142857145,-5300.0,1121731.5,2015731.5
4255,-15045.093142116282,15045.093142116282,15556.0,70.06357142857144,1600.0,983556.0,2015556.0
4256,-15215.563314954463,15215.563314954463,15728.0,69.46000000000002,2300.0,969728.0,2015728.0
4257,-14859.321331021716,14859.321331021716,15382.0,82.69000000000003,1700.0,981382.0,2015382.0
4258,-15196.947623781449,15196.947623781449,15714.0,64.20428571428573,-1400.0,1043714.0,2015714.0
4259,-15184.760203059559,15184.760203059559,15689.0,54.64642857142859,-100.0,1017689.0,2015689.0
4260,-14729.484722015995,14729.484722015995,15272.0,104.30928571428574,1900.0,977272.0,2015272.0
4261,-15173.946659952682,15173.946659952682,15702.0,85.28214285714287,6400.0,887702.0,2015702.0
4262,-15250.330351495875,15250.330351495875,15754.5,55.95928571428572,-1200.0,1039754.5,2015754.5
4263,-15063.847082273694,15063.847082273694,15580.0,77.48857142857145,3200.0,951580.0,2015580.0
4264,-15457.350698396967,15457.350698396967,15965.5,54.55857142857143,1000.0,995965.5,2015965.5
4265,-15169.977281967971,15169.977281967971,15684.0,63.40714285714287,900.0,997684.0,2015684.0
4266,-15464.708487346676,15464.708487346676,15968.5,53.96000000000001,-5000.0,1115968.5,2015968.5
4267,-15015.421669030271,15015.421669030271,15508.5,53.682142857142864,200.0,1011508.5,2015508.5
4268,-15146.538841256961,15146.538841256961,15674.5,83.01214285714288,3300.0,949674.5,2015674.5
4269,-15277.895646046989,15277.895646046989,15799.0,72.32428571428572,1200.0,991799.0,2015799.0
4270,-14702.431490982355,14702.431490982355,15220.5,82.48785714285717,-2200.0,1059220.5,2015220.5
4271,-15048.122361264948,15048.122361264948,15556.0,63.48928571428573,-100.0,1017556.0,2015556.0
4272,-14923.639184143058,14923.639184143058,15451.5,90.64285714285717,1100.0,993451.5,2015451.5
4273,-14763.513542047276,14763.513542047276,15263.0,64.1057142857143,-1100.0,1037263.0,2015263.0
4274,-14961.405428470662,14961.405428470662,15497.0,90.23714285714287,1100.0,993497.0,2015497.0
4275,-14910.843391948732,14910.843391948732,15420.0,69.0707142857143,-3600.0,1087420.0,2015420.0
4276,-15469.827972732675,15469.827972732675,15984.5,61.790000000000006,4200.0,931984.5,2015984.5
4277,-15093.167864942207,15093.167864942207,15622.0,81.68500000000003,1900.0,977622.0,2015622.0
4278,-15185.153778105134,15185.153778105134,15696.0,62.10285714285715,-1800.0,1051696.0,2015696.0
4279,-14807.29231379484,14807.29231379484,15325.0,86.10428571428574,-2000.0,1055325.0,2015325.0
4280,-14785.149633637104,14785.149633637104,15282.0,62.08214285714287,-1500.0,1045282.0,2015282.0
4281,-15047.674403830453,15047.674403830453,15577.0,83.50071428571431,600.0,1003577.0,2015577.0
4282,-15054.365517565515,15054.365517565515,15582.5,80.76285714285717,0.0,1015582.5,2015582.5
4283,-15319.274423691666,15319.274423691666,15845.0,66.08928571428572,1400.0,987845.0,2015845.0
4284,-15293.977825354847,15293.977825354847,15801.5,56.63785714285716,-2200.0,1059801.5,2015801.5
4285,-15047.672666237078,15047.672666237078,15566.5,75.77928571428572,-3100.0,1077566.5,2015566.5
4286,-15058.84626588619,15058.84626588619,15577.0,69.565,4100.0,933577.0,2015577.0
4287,-15219.977813206806,15219.977813206806,15743.5,76.39571428571429,3800.0,939743.5,2015743.5
4288,-15304.299679901651,15304.299679901651,15802.5,47.078571428571436,600.0,1003802.5,2015802.5
4289,-14996.015664923023,14996.015664923023,15501.5,73.71785714285716,3600.0,943501.5,2015501.5
4290,-15134.976311971284,15134.976311971284,15633.5,59.408571428571435,700.0,1001633.5,2015633.5
4291,-15178.498634996202,15178.498634996202,15712.5,88.36214285714289,-100.0,1017712.5,2015712.5
4292,-14741.28536612708,14741.28536612708,15271.5,86.03928571428574,-1200.0,1039271.5,2015271.5
4293,-15025.738081934967,15025.738081934967,15542.0,72.4707142857143,400.0,1007542.0,2015542.0
4294,-14900.90467430355,14900.90467430355,15436.0,99.02928571428575,3200.0,951436.0,2015436.0
4295,-14969.587215192303,14969.587215192303,15478.0,66.6357142857143,2800.0,959478.0,2015478.0
4296,-15572.288643222553,15572.288643222553,16098.5,65.46142857142858,1400.0,988098.5,2016098.5
4297,-15071.572008594721,15071.572008594721,15581.5,60.530714285714296,-3900.0,1093581.5,2015581.5
4298,-15146.99296577667,15146.99296577667,15683.0,81.24142857142859,-2800.0,1071683.0,2015683.0
4299,-14635.716354135271,14635.716354135271,15150.0,86.10357142857143,-2300.0,1061150.0,2015150.0
4300,-15286.405313960206,15286.405313960206,15816.0,80.13000000000002,5000.0,915816.0,2015816.0
4301,-15015.504547613504,15015.504547613504,15541.0,87.23857142857145,-1700.0,1049541.0,2015541.0
4302,-14910.38160829719,14910.38160829719,15426.5,74.52285714285715,-1400.0,1043426.5,2015426.5
4303,-14695.92113538782,14695.92113538782,15194.5,62.21785714285714,-400.0,1023194.5,2015194.5
4304,-14879.160129346255,14879.160129346255,15416.0,95.94857142857146,2300.0,969416.0,2015416.0
4305,-14850.700624990022,14850.700624990022,15362.0,80.71928571428573,-5400.0,1123362.0,2015362.0
4306,-15178.919628244688,15178.919628244688,15712.0,86.38928571428573,-5000.0,1115712.0,2015712.0
4307,-15153.627259911236,15153.627259911236,15701.0,102.61642857142857,1400.0,987701.0,2015701.0
4308,-14887.239723343195,14887.239723343195,15412.0,80.67000000000002,-4400.0,1103412.0,2015412.0
4309,-14974.657245444125,14974.657245444125,15492.0,78.815,-1000.0,1035492.0,2015492.0
4310,-14824.647316998467,14824.647316998467,15345.0,83.04642857142859,5100.0,913345.0,2015345.0
4311,-15061.782147477345,15061.782147477345,15590.5,83.36214285714287,1600.0,983590.5,2015590.5
4312,-15342.450771148755,15342.450771148755,15864.0,74.1814285714286,-2700.0,1069864.0,2015864.0
4313,-15220.022147355554,15220.022147355554,15718.5,51.73214285714286,1300.0,989718.5,2015718.5
4314,-14751.183504100814,14751.183504100814,15257.5,71.03500000000001,4100.0,933257.5,2015257.5
4315,-14969.112817988043,14969.112817988043,15514.0,100.2164285714286,-2200.0,1059514.0,2015514.0
4316,-14892.964233395393,14892.964233395393,15415.5,85.6607142857143,-800.0,1031415.5,2015415.5
4317,-15057.316137769374,15057.316137769374,15564.0,59.85642857142857,1900.0,977564.0,2015564.0
4318,-14741.060596451653,14741.060596451653,15249.0,71.37714285714287,3000.0,955249.0,2015249.0
4319,-15051.195837399224,15051.195837399224,15562.0,69.81285714285715,1200.0,991562.0,2015562.0
4320,-15190.630691326594,15190.630691326594,15714.0,74.47785714285715,-2400.0,1063714.0,2015714.0
4321,-15241.275523344562,15241.275523344562,15771.0,78.29642857142859,-1700.0,1049771.0,2015771.0
4322,-15071.132169401462,15071.132169401462,15601.5,86.3057142857143,1900.0,977601.5,2015601.5
4323,-14978.339697686477,14978.339697686477,15499.5,80.29928571428573,4600.0,923499.5,2015499.5
4324,-14983.514938354067,14983.514938354067,15488.0,63.24785714285716,-100.0,1017488.0,2015488.0
4325,-14830.148714674027,14830.148714674027,15319.5,52.64071428571429,2200.0,971319.5,2015319.5
4326,-15071.206841548716,15071.206841548716,15586.0,71.45214285714287,-1900.0,1053586.0,2015586.0
4327,-15395.769413588449,15395.769413588449,15931.5,84.2307142857143,2000.0,975931.5,2015931.5
4328,-15387.470087949503,15387.470087949503,15899.5,56.66928571428572,2200.0,971899.5,2015899.5
4329,-15442.017033553686,15442.017033553686,15970.5,72.07642857142858,2700.0,961970.5,2015970.5
4330,-15244.024017755768,15244.024017755768,15754.5,61.92785714285715,500.0,1005754.5,2015754.5
4331,-15182.314553096214,15182.314553096214,15689.5,62.687857142857155,-500.0,1025689.5,2015689.5
4332,-15115.23352119852,15115.23352119852,15612.5,55.015000000000015,-2300.0,1061612.5,2015612.5
4333,-14895.262700426369,14895.262700426369,15408.0,72.2307142857143,1200.0,991408.0,2015408.0
4334,-15016.098946939876,15016.098946939876,15513.5,56.52000000000001,-200.0,1019513.5,2015513.5
4335,-14697.357370136342,14697.357370136342,15191.0,66.2007142857143,-300.0,1021191.0,2015191.0
4336,-15209.169664856796,15209.169664856796,15725.5,68.90785714285715,3800.0,939725.5,2015725.5
4337,-15455.22416639431,15455.22416639431,15979.0,70.66428571428574,-100.0,1017979.0,2015979.0
4338,-15313.762642070631,15313.762642070631,15838.0,72.16857142857144,400.0,1007838.0,2015838.0
4339,-15093.145735782942,15093.145735782942,15631.0,86.20142857142858,-500.0,1025631.0,2015631.0
4340,-15075.942020305,15075.942020305,15584.5,65.29357142857144,-200.0,1019584.5,2015584.5
4341,-15490.280286158544,15490.280286158544,16014.0,66.25785714285716,2300.0,970014.0,2016014.0
4342,-15092.77940547112,15092.77940547112,15612.5,73.5707142857143,1800.0,979612.5,2015612.5
4343,-15194.688757455204,15194.688757455204,15705.0,65.43928571428573,-800.0,1031705.0,2015705.0
4344,-15291.423242023264,15291.423242023264,15809.5,66.04285714285716,-1500.0,1045809.5,2015809.5
4345,-15062.430178871475,15062.430178871475,15583.0,74.66285714285715,3700.0,941583.0,2015583.0
4346,-15195.282892730627,15195.282892730627,15704.5,65.49285714285716,200.0,1011704.5,2015704.5
4347,-14942.267924034337,14942.267924034337,15456.5,68.89571428571429,1900.0,977456.5,2015456.5
4348,-14918.102257742215,14918.102257742215,15426.5,70.23785714285717,-2000.0,1055426.5,2015426.5
4349,-15321.425622406732,15321.425622406732,15835.5,67.16000000000001,-2000.0,1055835.5,2015835.5
4350,-15194.370776917793,15194.370776917793,15710.0,63.42928571428573,-3000.0,1075710.0,2015710.0
4351,-15110.201569899611,15110.201569899611,15630.5,75.11857142857144,-2100.0,1057630.5,2015630.5
4352,-14945.532283484896,14945.532283484896,15438.5,59.53571428571429,-900.0,1033438.5,2015438.5
4353,-14998.848557058043,14998.848557058043,15512.5,74.84428571428572,-900.0,1033512.5,2015512.5
4354,-15133.962859157582,15133.962859157582,15633.5,58.812142857142874,-2900.0,1073633.5,2015633.5
4355,-14843.866868504922,14843.866868504922,15349.5,68.5814285714286,-2500.0,1065349.5,2015349.5
4356,-15377.936879824927,15377.936879824927,15900.0,70.19714285714286,1300.0,989900.0,2015900.0
4357,-14866.015358877383,14866.015358877383,15385.5,80.56357142857145,-2300.0,1061385.5,2015385.5
4358,-15260.030171637882,15260.030171637882,15759.5,60.860000000000014,-1200.0,1039759.5,2015759.5
4359,-15180.020850225985,15180.020850225985,15687.0,63.7057142857143,1800.0,979687.0,2015687.0
4360,-15103.454959965497,15103.454959965497,15610.0,62.84928571428572,-2800.0,1071610.0,2015610.0
4361,-15307.662754413948,15307.662754413948,15841.5,85.74357142857144,-1700.0,1049841.5,2015841.5
4362,-15096.706851486555,15096.706851486555,15602.5,60.533571428571435,100.0,1013602.5,2015602.5
4363,-15093.576276917995,15093.576276917995,15633.5,97.4664285714286,-400.0,1023633.5,2015633.5
4364,-14877.562458094577,14877.562458094577,15376.5,62.62285714285716,2700.0,961376.5,2015376.5
4365,-15263.43986901308,15263.43986901308,15802.0,86.32428571428572,-3900.0,1093802.0,2015802.0
4366,-15018.296498597716,15018.296498597716,15544.0,86.85857142857145,-1100.0,1037544.0,2015544.0
4367,-15178.061918900305,15178.061918900305,15679.5,51.410000000000004,100.0,1013679.5,2015679.5
4368,-15372.376509424548,15372.376509424548,15898.0,77.00571428571429,4300.0,929898.0,2015898.0
4369,-15020.524134821899,15020.524134821899,15545.5,82.89142857142859,300.0,1009545.5,2015545.5
4370,-15082.637991619045,15082.637991619045,15595.0,71.98357142857145,-2100.0,1057595.0,2015595.0
4371,-15289.70476735748,15289.70476735748,15817.5,76.84500000000001,3000.0,955817.5,2015817.5
4372,-14965.731140035481,14965.731140035481,15498.5,84.44428571428574,2900.0,957498.5,2015498.5
4373,-15265.775971649638,15265.775971649638,15794.5,78.4614285714286,-4000.0,1095794.5,2015794.5
4374,-15222.41617674541,15222.41617674541,15759.5,90.48928571428573,2800.0,959759.5,2015759.5
4375,-15314.118652617966,15314.118652617966,15844.5,80.15428571428573,900.0,997844.5,2015844.5
4376,-14932.926157271475,14932.926157271475,15431.5,66.60857142857145,2000.0,975431.5,2015431.5
4377,-15091.9404314401,15091.9404314401,15610.0,76.88928571428573,2200.0,971610.0,2015610.0
4378,-15263.271838820712,15263.271838820712,15796.0,84.4907142857143,0.0,1015796.0,2015796.0
4379,-15303.118012825344,15303.118012825344,15830.0,77.90928571428573,-1200.0,1039830.0,2015830.0
4380,-15384.680161191347,15384.680161191347,15922.0,79.00785714285716,3700.0,941922.0,2015922.0
4381,-15300.064289394053,15300.064289394053,15821.5,72.36714285714288,-1600.0,1047821.5,2015821.5
4382,-14988.376612567678,14988.376612567678,15499.0,67.43714285714287,-1900.0,1053499.0,2015499.0
4383,-14989.431576828392,14989.431576828392,15489.0,58.920000000000016,3700.0,941489.0,2015489.0
4384,-14865.351698420121,14865.351698420121,15397.5,88.53714285714287,-1300.0,1041397.5,2015397.5
4385,-14970.985011276034,14970.985011276034,15524.5,110.35285714285715,-7000.0,1155524.5,2015524.5
4386,-15433.258217181206,15433.258217181206,15948.5,66.06928571428573,1500.0,985948.5,2015948.5
4387,-15024.086841119683,15024.086841119683,15577.0,111.46000000000001,1000.0,995577.0,2015577.0
4388,-15224.24541911455,15224.24541911455,15733.0,60.44928571428572,2900.0,957733.0,2015733.0
4389,-15220.995162050975,15220.995162050975,15735.5,65.60142857142858,0.0,1015735.5,2015735.5
4390,-14984.01822651974,14984.01822651974,15529.0,101.48214285714289,1300.0,989529.0,2015529.0
4391,-15079.076753818175,15079.076753818175,15588.0,65.59357142857144,1100.0,993588.0,2015588.0
4392,-15098.052334537586,15098.052334537586,15608.5,68.4657142857143,900.0,997608.5,2015608.5
4393,-15071.328212187636,15071.328212187636,15598.0,85.43285714285716,-500.0,1025598.0,2015598.0
4394,-15473.713748400762,15473.713748400762,15970.5,37.37285714285716,-100.0,1017970.5,2015970.5
4395,-15372.009147544977,15372.009147544977,15900.0,75.38285714285715,-3400.0,1083900.0,2015900.0
4396,-15100.935998383002,15100.935998383002,15614.5,72.76357142857142,1100.0,993614.5,2015614.5
4397,-14821.569084584846,14821.569084584846,15322.0,64.20357142857145,1600.0,983322.0,2015322.0
4398,-15500.778756565422,15500.778756565422,16031.0,75.50928571428574,-500.0,1026031.0,2016031.0
4399,-15152.803821698923,15152.803821698923,15666.0,71.2357142857143,-2000.0,1055666.0,2015666.0
4400,-14803.73253478133,14803.73253478133,15295.0,57.671428571428585,-300.0,1021295.0,2015295.0
4401,-15314.356833402777,15314.356833402777,15829.0,69.47642857142858,900.0,997829.0,2015829.0
4402,-14864.301633155932,14864.301633155932,15394.0,88.04357142857145,-3200.0,1079394.0,2015394.0
4403,-15293.23683164578,15293.23683164578,15842.5,104.90357142857145,-3500.0,1085842.5,2015842.5
4404,-15624.037458740415,15624.037458740415,16183.5,99.80000000000001,2500.0,966183.5,2016183.5
4405,-14622.596905373888,14622.596905373888,15173.5,121.22500000000002,3600.0,943173.5,2015173.5
4406,-14895.999524640805,14895.999524640805,15402.5,67.51,1000.0,995402.5,2015402.5
4407,-15174.776385670348,15174.776385670348,15697.5,81.16928571428573,-800.0,1031697.5,2015697.5
4408,-15194.656632739234,15194.656632739234,15713.5,70.58857142857144,-1200.0,1039713.5,2015713.5
4409,-14850.748448742503,14850.748448742503,15359.0,74.90214285714288,2300.0,969359.0,2015359.0
4410,-15259.384794707577,15259.384794707577,15777.0,69.33142857142859,500.0,1005777.0,2015777.0
4411,-14983.968820782464,14983.968820782464,15478.0,60.70928571428573,2700.0,961478.0,2015478.0
4412,-15137.284510332174,15137.284510332174,15664.0,80.43142857142858,-500.0,1025664.0,2015664.0
4413,-15100.91447099531,15100.91447099531,15617.5,72.03357142857143,-2200.0,1059617.5,2015617.5
4414,-15269.281393586047,15269.281393586047,15785.5,60.13857142857144,-1900.0,1053785.5,2015785.5
4415,-14867.343488400169,14867.343488400169,15368.5,61.749285714285726,1000.0,995368.5,2015368.5
4416,-15202.479215292933,15202.479215292933,15718.0,73.1914285714286,-3600.0,1087718.0,2015718.0
4417,-15027.492295015385,15027.492295015385,15557.5,88.41714285714288,-3400.0,1083557.5,2015557.5
4418,-14906.595916950006,14906.595916950006,15419.0,77.30714285714288,-1200.0,1039419.0,2015419.0
4419,-15151.150433992432,15151.150433992432,15675.5,74.70785714285715,4000.0,935675.5,2015675.5
4420,-15325.76218708323,15325.76218708323,15875.0,97.33142857142859,-1800.0,1051875.0,2015875.0
4421,-15076.133795759772,15076.133795759772,15592.5,72.30214285714285,-1000.0,1035592.5,2015592.5
4422,-15023.36863615851,15023.36863615851,15550.0,86.77285714285716,1600.0,983550.0,2015550.0
4423,-15074.063776143888,15074.063776143888,15592.0,75.72928571428572,1600.0,983592.0,2015592.0
4424,-15365.904322138631,15365.904322138631,15893.5,76.47500000000002,-1300.0,1041893.5,2015893.5
4425,-14779.196190461696,14779.196190461696,15275.5,59.405,700.0,1001275.5,2015275.5
4426,-15107.209968634605,15107.209968634605,15618.0,65.4,3000.0,955618.0,2015618.0
4427,-14857.263097544226,14857.263097544226,15362.0,68.13285714285716,1000.0,995362.0,2015362.0
4428,-15157.281949478956,15157.281949478956,15681.5,77.2464285714286,800.0,999681.5,2015681.5
4429,-15387.022485084315,15387.022485084315,15900.5,63.32714285714287,-400.0,1023900.5,2015900.5
4430,-15336.895311150574,15336.895311150574,15869.5,84.93428571428574,0.0,1015869.5,2015869.5
4431,-15333.114016981392,15333.114016981392,15863.0,75.75714285714287,-800.0,1031863.0,2015863.0
4432,-15064.942608004723,15064.942608004723,15607.5,98.7957142857143,-2500.0,1065607.5,2015607.5
4433,-15049.106047754976,15049.106047754976,15561.0,75.21000000000001,500.0,1005561.0,2015561.0
4434,-15171.459995658866,15171.459995658866,15681.0,66.92785714285716,0.0,1015681.0,2015681.0
4435,-15327.722608563476,15327.722608563476,15850.5,69.81357142857144,200.0,1011850.5,2015850.5
4436,-15272.400728046332,15272.400728046332,15808.0,86.67785714285716,0.0,1015808.0,2015808.0
4437,-14967.94687665602,14967.94687665602,15487.5,80.46071428571432,-900.0,1033487.5,2015487.5
4438,-15063.463787142493,15063.463787142493,15554.5,53.17285714285715,-500.0,1025554.5,2015554.5
4439,-15128.712271251381,15128.712271251381,15629.5,54.030714285714296,-1200.0,1039629.5,2015629.5
4440,-15130.626758657823,15130.626758657823,15633.5,58.430000000000014,2700.0,961633.5,2015633.5
4441,-15110.605913988242,15110.605913988242,15649.5,93.26285714285717,5700.0,901649.5,2015649.5
4442,-15221.495471291619,15221.495471291619,15721.0,59.30000000000001,1100.0,993721.0,2015721.0
4443,-15283.668671983422,15283.668671983422,15805.5,72.6764285714286,2000.0,975805.5,2015805.5
4444,-15239.427999229245,15239.427999229245,15747.0,59.65928571428573,200.0,1011747.0,2015747.0
4445,-15076.684905031543,15076.684905031543,15614.0,88.10357142857146,-100.0,1017614.0,2015614.0
4446,-14956.500453495295,14956.500453495295,15466.0,69.84571428571431,200.0,1011466.0,2015466.0
4447,-14920.401709566788,14920.401709566788,15419.5,62.1007142857143,2900.0,957419.5,2015419.5
4448,-15232.347325863064,15232.347325863064,15772.0,91.64857142857144,2800.0,959772.0,2015772.0
4449,-15000.228306008263,15000.228306008263,15518.5,72.26714285714287,-4000.0,1095518.5,2015518.5
4450,-15413.417736722344,15413.417736722344,15950.0,77.01785714285717,1600.0,983950.0,2015950.0
4451,-15264.01489728461,15264.01489728461,15782.5,69.40500000000002,-2200.0,1059782.5,2015782.5
4452,-15010.455061979057,15010.455061979057,15533.0,78.85214285714287,-1100.0,1037533.0,2015533.0
4453,-15186.052347437935,15186.052347437935,15706.5,72.0057142857143,3000.0,955706.5,2015706.5
4454,-15145.586298204318,15145.586298204318,15647.0,58.7907142857143,1900.0,977647.0,2015647.0
4455,-15030.168689063772,15030.168689063772,15554.5,81.92500000000001,-2900.0,1073554.5,2015554.5
4456,-15131.571692105761,15131.571692105761,15655.0,80.7764285714286,500.0,1005655.0,2015655.0
4457,-15113.798422067834,15113.798422067834,15635.0,77.24357142857144,800.0,999635.0,2015635.0
4458,-14912.952561612998,14912.952561612998,15405.5,52.566428571428574,-400.0,1023405.5,2015405.5
4459,-15317.0685362853,15317.0685362853,15856.0,87.1957142857143,-1700.0,1049856.0,2015856.0
4460,-14835.890425410307,14835.890425410307,15344.0,72.75714285714287,-3500.0,1085344.0,2015344.0
4461,-14883.75507738434,14883.75507738434,15401.0,82.53000000000002,2300.0,969401.0,2015401.0
4462,-14836.729492912262,14836.729492912262,15343.0,70.07928571428573,1000.0,995343.0,2015343.0
4463,-15122.000224830264,15122.000224830264,15655.5,90.51,900.0,997655.5,2015655.5
4464,-14927.642616278528,14927.642616278528,15433.0,70.31071428571428,-3600.0,1087433.0,2015433.0
4465,-14618.53606634084,14618.53606634084,15133.5,84.62285714285716,200.0,1011133.5,2015133.5
4466,-15130.93810799655,15130.93810799655,15651.0,70.61214285714286,-1600.0,1047651.0,2015651.0
4467,-15321.293660410216,15321.293660410216,15841.0,68.97000000000001,-1700.0,1049841.0,2015841.0
4468,-14904.004390390708,14904.004390390708,15408.0,63.368571428571435,700.0,1001408.0,2015408.0
4469,-15096.27527816682,15096.27527816682,15617.5,73.55357142857144,500.0,1005617.5,2015617.5
4470,-15207.180995683451,15207.180995683451,15725.0,68.26357142857144,4000.0,935725.0,2015725.0
4471,-15176.743350542763,15176.743350542763,15684.0,60.376428571428576,900.0,997684.0,2015684.0
4472,-15316.419729526697,15316.419729526697,15828.0,58.69500000000001,0.0,1015828.0,2015828.0
4473,-14806.8176886162,14806.8176886162,15308.0,64.76857142857145,3700.0,941308.0,2015308.0
4474,-15203.957754847457,15203.957754847457,15733.5,87.32000000000002,700.0,1001733.5,2015733.5
4475,-14931.428238057742,14931.428238057742,15469.5,103.77857142857144,-700.0,1029469.5,2015469.5
4476,-15120.868426486226,15120.868426486226,15664.0,97.79500000000002,0.0,1015664.0,2015664.0
4477,-14901.59351604812,14901.59351604812,15406.0,59.17785714285715,-2200.0,1059406.0,2015406.0
4478,-15316.765359746983,15316.765359746983,15836.5,68.66785714285714,-2000.0,1055836.5,2015836.5
4479,-15351.488418569634,15351.488418569634,15863.0,61.197142857142865,800.0,999863.0,2015863.0
4480,-14962.658235795781,14962.658235795781,15454.5,51.85214285714287,1100.0,993454.5,2015454.5
4481,-15293.910996516675,15293.910996516675,15826.5,83.25785714285715,2300.0,969826.5,2015826.5
4482,-15470.857561301038,15470.857561301038,15982.5,59.1657142857143,1000.0,995982.5,2015982.5
4483,-15274.028180372665,15274.028180372665,15800.5,72.12857142857143,1800.0,979800.5,2015800.5
4484,-15157.29517238032,15157.29517238032,15667.0,68.5807142857143,-2500.0,1065667.0,2015667.0
4485,-15361.435323674108,15361.435323674108,15887.5,73.9257142857143,-700.0,1029887.5,2015887.5
4486,-15309.52529350113,15309.52529350113,15848.5,89.8714285714286,-1700.0,1049848.5,2015848.5
4487,-15263.943672501136,15263.943672501136,15803.0,94.3607142857143,-2400.0,1063803.0,2015803.0
4488,-14883.658774247351,14883.658774247351,15390.0,67.85857142857144,-1900.0,1053390.0,2015390.0
4489,-15075.741860276174,15075.741860276174,15559.0,44.70857142857143,-2100.0,1057559.0,2015559.0
4490,-15388.912072434647,15388.912072434647,15927.5,86.28071428571431,3300.0,949927.5,2015927.5
4491,-15513.015600259365,15513.015600259365,16033.0,62.25285714285715,-3800.0,1092033.0,2016033.0
4492,-15077.814002524965,15077.814002524965,15596.0,73.69285714285715,-3100.0,1077596.0,2015596.0
4493,-15309.732645749842,15309.732645749842,15846.0,84.03928571428574,-400.0,1023846.0,2015846.0
4494,-14880.745653574857,14880.745653574857,15387.5,64.78928571428573,-1200.0,1039387.5,2015387.5
4495,-15086.801733363776,15086.801733363776,15595.5,61.963571428571434,-1500.0,1045595.5,2015595.5
4496,-15284.088989295527,15284.088989295527,15802.0,66.45642857142857,800.0,999802.0,2015802.0
4497,-15146.548398924602,15146.548398924602,15657.5,66.10000000000001,-800.0,1031657.5,2015657.5
4498,-15233.227806519673,15233.227806519673,15784.0,103.46285714285717,-3400.0,1083784.0,2015784.0
4499,-15096.446708161435,15096.446708161435,15602.0,62.07285714285715,-1000.0,1035602.0,2015602.0
4500,-15008.068060635564,15008.068060635564,15498.5,46.212857142857146,-1900.0,1053498.5,2015498.5
4501,-15065.836504627667,15065.836504627667,15577.0,67.99928571428572,-200.0,1019577.0,2015577.0
4502,-14918.716921252657,14918.716921252657,15456.5,92.7164285714286,1500.0,985456.5,2015456.5
4503,-15306.26401804358,15306.26401804358,15830.5,69.82928571428573,-800.0,1031830.5,2015830.5
4504,-14937.055337778263,14937.055337778263,15451.0,73.45714285714287,100.0,1013451.0,2015451.0
4505,-15005.95941478601,15005.95941478601,15530.0,88.15571428571431,1400.0,987530.0,2015530.0
4506,-15128.446535874573,15128.446535874573,15645.5,71.36285714285715,-1500.0,1045645.5,2015645.5
4507,-15382.831501898007,15382.831501898007,15904.5,67.53642857142859,200.0,1011904.5,2015904.5
4508,-15133.222819481645,15133.222819481645,15648.0,69.34928571428573,1100.0,993648.0,2015648.0
4509,-15263.194884678942,15263.194884678942,15762.5,54.720714285714294,-800.0,1031762.5,2015762.5
4510,-15152.440912126482,15152.440912126482,15692.5,88.45714285714286,-5900.0,1133692.5,2015692.5
4511,-15458.924639631294,15458.924639631294,15981.0,65.6407142857143,-2100.0,1057981.0,2015981.0
4512,-15180.559597058402,15180.559597058402,15700.0,79.93785714285715,-1300.0,1041700.0,2015700.0
4513,-14819.142644790383,14819.142644790383,15328.0,71.52071428571429,1200.0,991328.0,2015328.0
4514,-15031.536378136452,15031.536378136452,15561.5,82.82357142857146,-4000.0,1095561.5,2015561.5
4515,-15346.494775966104,15346.494775966104,15892.0,89.66000000000003,500.0,1005892.0,2015892.0
4516,-15096.345286433689,15096.345286433689,15609.5,59.88714285714288,-900.0,1033609.5,2015609.5
4517,-15017.900323133284,15017.900323133284,15543.5,87.51000000000002,2200.0,971543.5,2015543.5
4518,-14826.714635737126,14826.714635737126,15365.0,99.12928571428573,-2700.0,1069365.0,2015365.0
4519,-15530.405739486947,15530.405739486947,16052.5,65.14571428571429,-200.0,1020052.5,2016052.5
4520,-15079.16563490446,15079.16563490446,15595.0,69.5907142857143,-1900.0,1053595.0,2015595.0
4521,-14971.42597296695,14971.42597296695,15484.0,71.69214285714287,-300.0,1021484.0,2015484.0
4522,-15367.671193043421,15367.671193043421,15909.0,89.5264285714286,-4800.0,1111909.0,2015909.0
4523,-14938.200520678696,14938.200520678696,15439.0,61.50857142857144,2200.0,971439.0,2015439.0
4524,-14971.761531883116,14971.761531883116,15476.0,66.25714285714287,-2300.0,1061476.0,2015476.0
4525,-15442.6539817417,15442.6539817417,15959.0,63.53142857142858,-2200.0,1059959.0,2015959.0
4526,-15129.40654838768,15129.40654838768,15627.5,51.7007142857143,-600.0,1027627.5,2015627.5
4527,-15097.051589108083,15097.051589108083,15618.0,82.24785714285716,2900.0,957618.0,2015618.0
4528,-15081.579581563397,15081.579581563397,15606.5,79.09428571428575,-2100.0,1057606.5,2015606.5
4529,-15060.710965492157,15060.710965492157,15568.0,67.22214285714287,400.0,1007568.0,2015568.0
4530,-15179.901460599966,15179.901460599966,15682.0,62.337142857142865,2000.0,975682.0,2015682.0
4531,-15294.439703548847,15294.439703548847,15829.0,87.30357142857144,2100.0,973829.0,2015829.0
4532,-15225.534641580252,15225.534641580252,15753.0,80.07857142857145,-4000.0,1095753.0,2015753.0
4533,-14763.225512562,14763.225512562,15271.0,70.31357142857144,800.0,999271.0,2015271.0
4534,-15086.151218931871,15086.151218931871,15600.0,63.38357142857144,-1900.0,1053600.0,2015600.0
4535,-15335.51420430604,15335.51420430604,15858.5,72.10928571428573,400.0,1007858.5,2015858.5
4536,-15219.904866841689,15219.904866841689,15747.5,79.49142857142859,2600.0,963747.5,2015747.5
4537,-14877.205957001235,14877.205957001235,15382.0,66.58285714285715,-2500.0,1065382.0,2015382.0
4538,-15145.891837299923,15145.891837299923,15662.0,71.54285714285716,0.0,1015662.0,2015662.0
4539,-14998.635861878702,14998.635861878702,15526.5,83.43642857142859,-900.0,1033526.5,2015526.5
4540,-15081.41818428769,15081.41818428769,15603.5,79.2657142857143,-4800.0,1111603.5,2015603.5
4541,-15410.625155560441,15410.625155560441,15929.5,69.04142857142858,1700.0,981929.5,2015929.5
4542,-15182.197754305897,15182.197754305897,15710.5,79.16428571428573,3400.0,947710.5,2015710.5
4543,-15012.8343966578,15012.8343966578,15536.0,79.305,-1100.0,1037536.0,2015536.0
4544,-14999.875970391346,14999.875970391346,15521.0,78.54000000000002,-3500.0,1085521.0,2015521.0
4545,-15162.888592471007,15162.888592471007,15687.0,71.35428571428572,3900.0,937687.0,2015687.0
4546,-14876.3861822615,14876.3861822615,15384.5,68.1707142857143,-1500.0,1045384.5,2015384.5
4547,-15198.362117067933,15198.362117067933,15728.5,82.97000000000001,2700.0,961728.5,2015728.5
4548,-15173.03261484659,15173.03261484659,15684.5,70.94428571428571,3100.0,953684.5,2015684.5
4549,-15405.432676967623,15405.432676967623,15941.0,76.72928571428572,-3400.0,1083941.0,2015941.0
4550,-15709.368825643025,15709.368825643025,16255.0,84.33714285714288,100.0,1014255.0,2016255.0
4551,-15043.837328914798,15043.837328914798,15560.0,71.6757142857143,700.0,1001560.0,2015560.0
4552,-15044.553513506358,15044.553513506358,15551.5,67.22642857142858,-3600.0,1087551.5,2015551.5
4553,-15170.009318099737,15170.009318099737,15700.5,82.22642857142858,-1400.0,1043700.5,2015700.5
4554,-14871.851806154318,14871.851806154318,15385.0,75.91642857142858,2500.0,965385.0,2015385.0
4555,-14955.067434721106,14955.067434721106,15464.5,71.81142857142858,2200.0,971464.5,2015464.5
4556,-15422.008797078435,15422.008797078435,15932.5,52.23142857142858,2700.0,961932.5,2015932.5
4557,-15204.655772159014,15204.655772159014,15730.5,80.48571428571431,100.0,1013730.5,2015730.5
4558,-14928.270140368777,14928.270140368777,15434.0,63.399285714285725,-1600.0,1047434.0,2015434.0
4559,-15243.065286569927,15243.065286569927,15765.5,70.76,1400.0,987765.5,2015765.5
4560,-15160.67948301503,15160.67948301503,15696.5,86.9607142857143,-4500.0,1105696.5,2015696.5
4561,-14913.549438614664,14913.549438614664,15437.0,87.41642857142858,3400.0,947437.0,2015437.0
4562,-15258.797252284683,15258.797252284683,15797.0,94.07857142857145,3700.0,941797.0,2015797.0
4563,-14766.83330655284,14766.83330655284,15270.0,70.4757142857143,-2400.0,1063270.0,2015270.0
4564,-15184.38845746405,15184.38845746405,15712.0,77.03000000000002,5200.0,911712.0,2015712.0
4565,-14721.190556368592,14721.190556368592,15212.0,60.15142857142857,-1900.0,1053212.0,2015212.0
4566,-15174.91968774,15174.91968774,15677.0,58.914285714285725,1300.0,989677.0,2015677.0
4567,-14978.061723407698,14978.061723407698,15475.0,62.485714285714295,1400.0,987475.0,2015475.0
4568,-15268.259729314528,15268.259729314528,15806.0,87.15857142857146,-2400.0,1063806.0,2015806.0
4569,-15355.102817599523,15355.102817599523,15866.5,58.735714285714295,2600.0,963866.5,2015866.5
4570,-15140.426745064844,15140.426745064844,15652.5,69.23357142857145,2300.0,969652.5,2015652.5
4571,-14979.789648459253,14979.789648459253,15515.5,89.12714285714287,3900.0,937515.5,2015515.5
4572,-15008.360612367609,15008.360612367609,15508.5,56.230714285714285,-2800.0,1071508.5,2015508.5
4573,-14847.192128214721,14847.192128214721,15356.0,76.68642857142859,600.0,1003356.0,2015356.0
4574,-15473.592726102399,15473.592726102399,16004.0,77.28,800.0,1000004.0,2016004.0
4575,-15144.667187435687,15144.667187435687,15672.5,82.09000000000003,-1000.0,1035672.5,2015672.5
4576,-14958.74933170878,14958.74933170878,15477.0,78.025,-200.0,1019477.0,2015477.0
4577,-15210.540349868481,15210.540349868481,15731.5,72.4607142857143,1700.0,981731.5,2015731.5
4578,-15283.204749759443,15283.204749759443,15813.5,83.4314285714286,300.0,1009813.5,2015813.5
4579,-15456.671007075882,15456.671007075882,15981.0,68.93,200.0,1011981.0,2015981.0
4580,-15138.165281542222,15138.165281542222,15652.5,67.6807142857143,-1400.0,1043652.5,2015652.5
4581,-15015.608609214154,15015.608609214154,15509.0,53.34214285714286,-1400.0,1043509.0,2015509.0
4582,-15097.514899033064,15097.514899033064,15631.0,87.86357142857145,-3300.0,1081631.0,2015631.0
4583,-15275.793535265755,15275.793535265755,15790.0,62.36785714285715,900.0,997790.0,2015790.0
4584,-15124.646630136089,15124.646630136089,15674.5,101.87928571428571,4600.0,923674.5,2015674.5
4585,-15093.245068927441,15093.245068927441,15611.0,75.72857142857146,300.0,1009611.0,2015611.0
4586,-15120.532952217829,15120.532952217829,15630.0,62.38857142857144,-2500.0,1065630.0,2015630.0
4587,-15346.835858127277,15346.835858127277,15857.0,62.969285714285725,1100.0,993857.0,2015857.0
4588,-15055.91501916865,15055.91501916865,15569.0,70.67,-2700.0,1069569.0,2015569.0
4589,-15266.948676967138,15266.948676967138,15801.0,86.79928571428573,2400.0,967801.0,2015801.0
4590,-15052.287974817673,15052.287974817673,15580.5,82.63000000000001,2300.0,969580.5,2015580.5
4591,-15192.418610220318,15192.418610220318,15712.0,74.08071428571431,-2400.0,1063712.0,2015712.0
4592,-15023.590464984105,15023.590464984105,15538.0,76.97857142857144,-600.0,1027538.0,2015538.0
4593,-14768.823533594757,14768.823533594757,15285.5,78.15714285714287,900.0,997285.5,2015285.5
4594,-15045.177878090912,15045.177878090912,15559.5,71.96857142857144,1200.0,991559.5,2015559.5
4595,-15067.583731509345,15067.583731509345,15574.5,62.3557142857143,3200.0,951574.5,2015574.5
4596,-15238.866221178305,15238.866221178305,15767.5,74.9457142857143,2700.0,961767.5,2015767.5
4597,-15264.29929018963,15264.29929018963,15781.5,69.45428571428573,2200.0,971781.5,2015781.5
4598,-15168.532721545085,15168.532721545085,15673.5,60.095000000000006,2300.0,969673.5,2015673.5
4599,-15002.825028248739,15002.825028248739,15535.5,89.41642857142857,-3700.0,1089535.5,2015535.5
4600,-15144.404261638198,15144.404261638198,15685.0,96.97071428571431,-1100.0,1037685.0,2015685.0
4601,-15236.529378155932,15236.529378155932,15760.5,77.09857142857145,-300.0,1021760.5,2015760.5
4602,-15193.456996168057,15193.456996168057,15717.0,74.9307142857143,-3800.0,1091717.0,2015717.0
4603,-15326.648768941326,15326.648768941326,15866.5,84.28357142857143,-500.0,1025866.5,2015866.5
4604,-15002.488824370732,15002.488824370732,15534.5,86.74000000000002,-5800.0,1131534.5,2015534.5
4605,-15170.460240615908,15170.460240615908,15683.0,66.11642857142859,-100.0,1017683.0,2015683.0
4606,-15093.804637150577,15093.804637150577,15617.5,78.06642857142859,-1300.0,1041617.5,2015617.5
4607,-14987.142667637101,14987.142667637101,15511.5,83.60714285714289,1000.0,995511.5,2015511.5
4608,-15023.087918749208,15023.087918749208,15531.0,65.50857142857144,400.0,1007531.0,2015531.0
4609,-14723.52094044917,14723.52094044917,15244.0,92.0007142857143,800.0,999244.0,2015244.0
4610,-15032.953470957378,15032.953470957378,15557.0,74.7607142857143,2000.0,975557.0,2015557.0
4611,-15285.835325231837,15285.835325231837,15798.0,67.19642857142858,-1400.0,1043798.0,2015798.0
4612,-14823.41474245795,14823.41474245795,15347.0,88.44214285714287,3900.0,937347.0,2015347.0
4613,-15042.338870627676,15042.338870627676,15572.5,90.01928571428573,-4300.0,1101572.5,2015572.5
4614,-15273.437977463593,15273.437977463593,15807.5,88.22714285714287,-2300.0,1061807.5,2015807.5
4615,-15335.404716211438,15335.404716211438,15844.5,57.858571428571445,1700.0,981844.5,2015844.5
4616,-15181.85766175863,15181.85766175863,15709.0,83.45857142857145,-2100.0,1057709.0,2015709.0
4617,-15287.817545969288,15287.817545969288,15820.5,79.97714285714287,3600.0,943820.5,2015820.5
4618,-15025.093055577792,15025.093055577792,15555.5,88.16500000000002,-700.0,1029555.5,2015555.5
4619,-14741.714412829846,14741.714412829846,15241.0,66.64214285714286,-600.0,1027241.0,2015241.0
4620,-14954.778672606848,14954.778672606848,15475.0,81.31785714285716,-900.0,1033475.0,2015475.0
4621,-14868.0709135847,14868.0709135847,15370.0,62.820000000000014,2700.0,961370.0,2015370.0
4622,-14911.942024013784,14911.942024013784,15420.0,65.26428571428573,-2400.0,1063420.0,2015420.0
4623,-15075.739917850631,15075.739917850631,15572.5,53.60928571428572,-2700.0,1069572.5,2015572.5
4624,-15409.917707598892,15409.917707598892,15935.5,76.17571428571429,-1000.0,1035935.5,2015935.5
4625,-15109.374056931127,15109.374056931127,15626.5,75.19285714285715,-3600.0,1087626.5,2015626.5
4626,-15285.884495803413,15285.884495803413,15813.0,76.38142857142859,-2100.0,1057813.0,2015813.0
4627,-14799.912242521448,14799.912242521448,15297.5,62.634285714285724,1400.0,987297.5,2015297.5
4628,-15162.454561978373,15162.454561978373,15674.0,66.44714285714286,-2500.0,1065674.0,2015674.0
4629,-15435.394042992359,15435.394042992359,15953.5,65.99000000000001,-900.0,1033953.5,2015953.5
4630,-14959.616172539703,14959.616172539703,15457.0,63.477142857142866,-900.0,1033457.0,2015457.0
4631,-15175.445333134538,15175.445333134538,15685.0,62.47571428571429,-2300.0,1061685.0,2015685.0
4632,-15114.97658973616,15114.97658973616,15633.0,71.21214285714288,-2900.0,1073633.0,2015633.0
4633,-15008.36842910893,15008.36842910893,15505.5,52.67642857142859,-200.0,1019505.5,2015505.5
4634,-15200.176229676279,15200.176229676279,15716.0,66.98214285714288,-1000.0,1035716.0,2015716.0
4635,-15029.55654755652,15029.55654755652,15549.0,82.48428571428573,3100.0,953549.0,2015549.0
4636,-15453.878125518298,15453.878125518298,15987.0,78.2914285714286,-3200.0,1079987.0,2015987.0
4637,-14962.958258209674,14962.958258209674,15473.5,68.16714285714286,-500.0,1025473.5,2015473.5
4638,-15228.465685040206,15228.465685040206,15747.5,68.50785714285716,1500.0,985747.5,2015747.5
4639,-15499.12170386904,15499.12170386904,16042.5,85.30071428571429,4500.0,926042.5,2016042.5
4640,-15002.730509101784,15002.730509101784,15521.5,81.63214285714287,-2500.0,1065521.5,2015521.5
4641,-14823.327579694052,14823.327579694052,15346.5,84.13928571428573,5100.0,913346.5,2015346.5
4642,-15310.350697015336,15310.350697015336,15837.5,73.52857142857144,-700.0,1029837.5,2015837.5
4643,-15343.4028105416,15343.4028105416,15864.0,64.76285714285716,-800.0,1031864.0,2015864.0
4644,-15227.109665755659,15227.109665755659,15741.5,72.1807142857143,-6200.0,1139741.5,2015741.5
4645,-15513.015839112275,15513.015839112275,16032.0,60.89571428571429,-300.0,1022032.0,2016032.0
4646,-15075.565124015491,15075.565124015491,15594.0,77.29000000000002,-1500.0,1045594.0,2015594.0
4647,-14963.2786388956,14963.2786388956,15476.0,73.58142857142857,-1400.0,1043476.0,2015476.0
4648,-15066.80277751252,15066.80277751252,15599.5,87.41642857142858,3700.0,941599.5,2015599.5
4649,-15290.801458734599,15290.801458734599,15835.5,88.38428571428574,-3200.0,1079835.5,2015835.5
4650,-15482.524377796808,15482.524377796808,16012.5,68.40500000000002,-1800.0,1052012.5,2016012.5
4651,-15348.49998780098,15348.49998780098,15861.5,59.93642857142858,-600.0,1027861.5,2015861.5
4652,-15110.252879046304,15110.252879046304,15669.0,109.91785714285717,-4400.0,1103669.0,2015669.0
4653,-15479.775019655106,15479.775019655106,15985.5,52.35000000000001,-1400.0,1043985.5,2015985.5
4654,-14930.700679759546,14930.700679759546,15434.0,69.42500000000001,-600.0,1027434.0,2015434.0
4655,-15131.949493462695,15131.949493462695,15634.5,56.23428571428572,-1800.0,1051634.5,2015634.5
4656,-14998.021421663167,14998.021421663167,15535.0,92.07857142857145,-5200.0,1119535.0,2015535.0
4657,-14962.108412787724,14962.108412787724,15470.0,64.80785714285716,-1900.0,1053470.0,2015470.0
4658,-15466.03859261112,15466.03859261112,15990.0,67.73142857142858,-2300.0,1061990.0,2015990.0
4659,-15079.398057143775,15079.398057143775,15605.5,81.91000000000001,-2100.0,1057605.5,2015605.5
4660,-15153.093309163134,15153.093309163134,15670.0,64.02857142857144,1600.0,983670.0,2015670.0
4661,-15243.396983509389,15243.396983509389,15806.5,111.12357142857145,-1700.0,1049806.5,2015806.5
4662,-15264.588641376129,15264.588641376129,15786.0,76.14785714285715,2300.0,969786.0,2015786.0
4663,-14954.322055756933,14954.322055756933,15453.5,60.34928571428573,1500.0,985453.5,2015453.5
4664,-14661.382814200133,14661.382814200133,15243.0,138.52928571428575,-400.0,1023243.0,2015243.0
4665,-15288.065960589585,15288.065960589585,15791.5,57.328571428571436,2000.0,975791.5,2015791.5
4666,-15575.399875121118,15575.399875121118,16121.0,89.20642857142857,2200.0,972121.0,2016121.0
4667,-15063.640929969788,15063.640929969788,15581.5,73.99428571428572,3100.0,953581.5,2015581.5
4668,-14869.515727809376,14869.515727809376,15387.0,77.52214285714288,-500.0,1025387.0,2015387.0
4669,-15077.988926157785,15077.988926157785,15591.5,68.22428571428571,-1500.0,1045591.5,2015591.5
4670,-14874.770177463144,14874.770177463144,15428.0,113.18928571428575,1600.0,983428.0,2015428.0
4671,-14919.073329588906,14919.073329588906,15431.5,75.36000000000001,2800.0,959431.5,2015431.5
4672,-15345.91245697563,15345.91245697563,15861.0,63.64357142857144,-1400.0,1043861.0,2015861.0
4673,-15043.530083176945,15043.530083176945,15544.5,58.625000000000014,600.0,1003544.5,2015544.5
4674,-15120.225783560443,15120.225783560443,15630.0,65.24142857142857,-200.0,1019630.0,2015630.0
4675,-15185.131791651032,15185.131791651032,15696.5,60.56000000000001,-2300.0,1061696.5,2015696.5
4676,-15354.181003708862,15354.181003708862,15885.0,76.245,-800.0,1031885.0,2015885.0
4677,-15086.604766558623,15086.604766558623,15623.5,89.02500000000002,800.0,999623.5,2015623.5
4678,-15049.281434935974,15049.281434935974,15552.5,63.99357142857144,800.0,999552.5,2015552.5
4679,-15141.904306520079,15141.904306520079,15672.0,85.11214285714289,2300.0,969672.0,2015672.0
4680,-15010.405472673043,15010.405472673043,15518.0,69.34642857142858,2400.0,967518.0,2015518.0
4681,-15165.779184722871,15165.779184722871,15697.5,87.42214285714286,-2200.0,1059697.5,2015697.5
4682,-14715.239951988413,14715.239951988413,15232.5,84.0864285714286,2100.0,973232.5,2015232.5
4683,-15167.511452537292,15167.511452537292,15673.0,59.632142857142874,-1500.0,1045673.0,2015673.0
4684,-15260.370618780607,15260.370618780607,15794.5,81.50142857142859,2700.0,961794.5,2015794.5
4685,-15145.520825854668,15145.520825854668,15668.5,76.54642857142858,-3800.0,1091668.5,2015668.5
4686,-15340.297474023952,15340.297474023952,15854.5,64.79142857142858,1100.0,993854.5,2015854.5
4687,-15132.623493295021,15132.623493295021,15646.5,71.88928571428573,-700.0,1029646.5,2015646.5
4688,-15408.807872342624,15408.807872342624,15925.5,66.80785714285716,-2100.0,1057925.5,2015925.5
4689,-15118.886122714004,15118.886122714004,15651.0,84.6107142857143,-1000.0,1035651.0,2015651.0
4690,-15081.829327293663,15081.829327293663,15586.5,63.592857142857156,1900.0,977586.5,2015586.5
4691,-14845.05015547805,14845.05015547805,15385.0,105.76785714285717,4200.0,931385.0,2015385.0
4692,-15446.396522191826,15446.396522191826,15972.5,70.42500000000001,-800.0,1031972.5,2015972.5
4693,-14974.102993098259,14974.102993098259,15469.5,59.25785714285716,2300.0,969469.5,2015469.5
4694,-15101.347150568588,15101.347150568588,15626.0,80.65714285714287,1400.0,987626.0,2015626.0
4695,-15219.175791698864,15219.175791698864,15741.0,73.04857142857145,800.0,999741.0,2015741.0
4696,-14707.643811872611,14707.643811872611,15238.0,88.78071428571431,1400.0,987238.0,2015238.0
4697,-14775.217943355385,14775.217943355385,15285.5,73.39500000000001,-500.0,1025285.5,2015285.5
4698,-15102.337186351608,15102.337186351608,15627.0,73.24214285714287,-2400.0,1063627.0,2015627.0
4699,-15296.535528082435,15296.535528082435,15814.5,58.59071428571429,300.0,1009814.5,2015814.5
4700,-15296.654619470955,15296.654619470955,15814.5,68.2057142857143,2600.0,963814.5,2015814.5
4701,-14811.594179150237,14811.594179150237,15304.0,53.90500000000001,-200.0,1019304.0,2015304.0
4702,-15509.916644433006,15509.916644433006,16028.0,65.74642857142857,-400.0,1024028.0,2016028.0
4703,-15248.713831676505,15248.713831676505,15769.0,65.22428571428573,-1700.0,1049769.0,2015769.0
4704,-15144.322338675895,15144.322338675895,15677.0,84.5257142857143,2700.0,961677.0,2015677.0
4705,-14903.777614936325,14903.777614936325,15419.5,75.90071428571429,-3600.0,1087419.5,2015419.5
4706,-15260.426432920893,15260.426432920893,15759.0,51.13642857142858,1900.0,977759.0,2015759.0
4707,-15032.466236189586,15032.466236189586,15551.0,73.98,1600.0,983551.0,2015551.0
4708,-14936.07963535695,14936.07963535695,15457.0,81.3614285714286,5400.0,907457.0,2015457.0
4709,-15215.59649271062,15215.59649271062,15770.0,101.64571428571429,-2700.0,1069770.0,2015770.0
4710,-14907.936111868736,14907.936111868736,15433.0,81.81428571428572,300.0,1009433.0,2015433.0
4711,-14854.685275365397,14854.685275365397,15385.0,90.10214285714287,-2000.0,1055385.0,2015385.0
4712,-14982.866313086903,14982.866313086903,15490.0,64.6057142857143,-3500.0,1085490.0,2015490.0
4713,-14840.987752732592,14840.987752732592,15345.5,62.077857142857155,1000.0,995345.5,2015345.5
4714,-15055.061284619667,15055.061284619667,15549.5,58.27785714285716,-300.0,1021549.5,2015549.5
4715,-15045.33064599079,15045.33064599079,15567.0,76.8407142857143,1600.0,983567.0,2015567.0
4716,-15404.021619618492,15404.021619618492,15962.5,103.81928571428573,1000.0,995962.5,2015962.5
4717,-15242.57378366553,15242.57378366553,15770.5,76.25785714285716,4100.0,933770.5,2015770.5
4718,-15014.270142435293,15014.270142435293,15520.0,69.63357142857144,-200.0,1019520.0,2015520.0
4719,-15201.418482992303,15201.418482992303,15709.5,62.88714285714287,1800.0,979709.5,2015709.5
4720,-15179.772707669421,15179.772707669421,15727.0,94.05714285714288,-3400.0,1083727.0,2015727.0
4721,-15120.891429076311,15120.891429076311,15635.5,76.96857142857144,500.0,1005635.5,2015635.5
4722,-15156.719741713841,15156.719741713841,15683.5,80.04428571428573,-3200.0,1079683.5,2015683.5
4723,-15013.424221245787,15013.424221245787,15531.5,80.05071428571429,-500.0,1025531.5,2015531.5
4724,-15004.967431441542,15004.967431441542,15566.5,118.0914285714286,-3900.0,1093566.5,2015566.5
4725,-15010.096239424354,15010.096239424354,15530.5,83.4471428571429,-100.0,1017530.5,2015530.5
4726,-15052.686937384431,15052.686937384431,15565.0,70.86285714285715,-1100.0,1037565.0,2015565.0
4727,-15481.692228204021,15481.692228204021,16023.5,80.30214285714287,-3800.0,1092023.5,2016023.5
4728,-15235.31196958401,15235.31196958401,15777.0,90.5707142857143,1400.0,987777.0,2015777.0
4729,-15244.620973284666,15244.620973284666,15763.5,72.97142857142858,-2000.0,1055763.5,2015763.5
4730,-15022.542459875844,15022.542459875844,15544.0,81.03142857142858,-3800.0,1091544.0,2015544.0
4731,-15225.437200061322,15225.437200061322,15746.5,74.77214285714287,-1500.0,1045746.5,2015746.5
4732,-15024.936920953476,15024.936920953476,15553.0,80.13714285714286,3200.0,951553.0,2015553.0
4733,-15262.655968486291,15262.655968486291,15778.0,69.56642857142859,900.0,997778.0,2015778.0
4734,-15283.520153793082,15283.520153793082,15819.5,84.05142857142859,2100.0,973819.5,2015819.5
4735,-15109.401669016952,15109.401669016952,15623.5,71.6957142857143,3500.0,945623.5,2015623.5
4736,-15057.773719298897,15057.773719298897,15559.0,64.98785714285715,1000.0,995559.0,2015559.0
4737,-14889.504143518112,14889.504143518112,15417.0,86.36714285714288,-2200.0,1059417.0,2015417.0
4738,-14904.742568536883,14904.742568536883,15428.5,80.90285714285716,-3200.0,1079428.5,2015428.5
4739,-15233.775924501851,15233.775924501851,15719.0,44.625714285714295,1100.0,993719.0,2015719.0
4740,-15231.871028881265,15231.871028881265,15751.5,71.28428571428573,-3800.0,1091751.5,2015751.5
4741,-15007.188818553284,15007.188818553284,15529.5,79.29714285714287,-1200.0,1039529.5,2015529.5
4742,-14886.621445610192,14886.621445610192,15404.0,74.27928571428572,-2200.0,1059404.0,2015404.0
4743,-15232.621510018515,15232.621510018515,15788.5,106.08428571428573,3800.0,939788.5,2015788.5
4744,-14962.047669561045,14962.047669561045,15459.0,54.195714285714295,-1500.0,1045459.0,2015459.0
4745,-15100.918561726532,15100.918561726532,15625.5,83.80214285714288,1800.0,979625.5,2015625.5
4746,-14932.608804164152,14932.608804164152,15527.5,150.37785714285715,1600.0,983527.5,2015527.5
4747,-15077.19287562439,15077.19287562439,15604.5,80.17857142857144,2700.0,961604.5,2015604.5
4748,-15284.214090857307,15284.214090857307,15812.0,71.2807142857143,200.0,1011812.0,2015812.0
4749,-15108.57580711455,15108.57580711455,15613.5,59.68357142857143,-2300.0,1061613.5,2015613.5
4750,-14965.910119723601,14965.910119723601,15465.5,57.13500000000001,400.0,1007465.5,2015465.5
4751,-15237.80016497356,15237.80016497356,15746.5,54.9757142857143,300.0,1009746.5,2015746.5
4752,-14823.920139271464,14823.920139271464,15371.5,106.75357142857145,2200.0,971371.5,2015371.5
4753,-15463.83480719399,15463.83480719399,15999.5,77.13714285714286,2000.0,975999.5,2015999.5
4754,-14722.634311659645,14722.634311659645,15230.5,78.77071428571429,1200.0,991230.5,2015230.5
4755,-15132.847565310441,15132.847565310441,15641.5,61.595000000000006,800.0,999641.5,2015641.5
4756,-15024.18940727872,15024.18940727872,15526.5,64.55285714285716,1900.0,977526.5,2015526.5
4757,-15148.662910142008,15148.662910142008,15662.5,69.39857142857144,900.0,997662.5,2015662.5
4758,-15166.338205582759,15166.338205582759,15693.5,78.64428571428573,1600.0,983693.5,2015693.5
4759,-14854.953565642812,14854.953565642812,15352.0,57.94285714285715,-1100.0,1037352.0,2015352.0
4760,-15133.539260414753,15133.539260414753,15652.0,74.05928571428574,-2100.0,1057652.0,2015652.0
4761,-15011.51974509362,15011.51974509362,15512.0,53.22214285714287,-1200.0,1039512.0,2015512.0
4762,-15259.507038731286,15259.507038731286,15769.0,64.11714285714288,-400.0,1023769.0,2015769.0
4763,-14982.189938499683,14982.189938499683,15489.0,67.04142857142858,-1100.0,1037489.0,2015489.0
4764,-15108.792800022145,15108.792800022145,15650.0,97.1357142857143,-3500.0,1085650.0,2015650.0
4765,-14875.228239684928,14875.228239684928,15380.0,66.23714285714287,1600.0,983380.0,2015380.0
4766,-15208.331043521779,15208.331043521779,15740.0,83.32357142857146,2900.0,957740.0,2015740.0
4767,-15101.364033613565,15101.364033613565,15616.0,68.99071428571429,-1100.0,1037616.0,2015616.0
4768,-15000.260787829582,15000.260787829582,15509.5,72.15071428571429,-100.0,1017509.5,2015509.5
4769,-15051.16181609517,15051.16181609517,15574.5,75.96857142857144,-500.0,1025574.5,2015574.5
4770,-15137.45667158343,15137.45667158343,15650.5,69.39857142857144,400.0,1007650.5,2015650.5
4771,-15286.957620607458,15286.957620607458,15821.5,82.80142857142859,1800.0,979821.5,2015821.5
4772,-15024.65112196395,15024.65112196395,15563.0,93.92285714285717,-1600.0,1047563.0,2015563.0
4773,-14827.834046137184,14827.834046137184,15339.0,70.18285714285716,-1800.0,1051339.0,2015339.0
4774,-15220.925628229259,15220.925628229259,15728.5,62.29428571428572,2200.0,971728.5,2015728.5
4775,-14985.952806491208,14985.952806491208,15522.5,90.09357142857145,-3000.0,1075522.5,2015522.5
4776,-15473.539035350857,15473.539035350857,15997.5,73.0257142857143,-1700.0,1049997.5,2015997.5
4777,-15284.199149723685,15284.199149723685,15810.5,77.285,-2200.0,1059810.5,2015810.5
4778,-14991.003112852546,14991.003112852546,15511.0,75.60428571428572,-1500.0,1045511.0,2015511.0
4779,-15127.225912007987,15127.225912007987,15633.5,57.48857142857144,1500.0,985633.5,2015633.5
4780,-14994.815651059122,14994.815651059122,15539.0,103.79285714285717,3500.0,945539.0,2015539.0
4781,-15039.364825940303,15039.364825940303,15596.5,108.72642857142858,5500.0,905596.5,2015596.5
4782,-15205.947907435537,15205.947907435537,15726.0,73.35928571428573,-1000.0,1035726.0,2015726.0
4783,-15070.452903478668,15070.452903478668,15572.0,57.51714285714287,-1500.0,1045572.0,2015572.0
4784,-15306.74475776076,15306.74475776076,15826.5,70.055,-300.0,1021826.5,2015826.5
4785,-15073.21328749512,15073.21328749512,15617.5,98.13857142857145,-1000.0,1035617.5,2015617.5
4786,-15168.1717865244,15168.1717865244,15693.5,75.46714285714287,-1500.0,1045693.5,2015693.5
4787,-15393.300084203718,15393.300084203718,15909.5,66.6207142857143,-2100.0,1057909.5,2015909.5
4788,-15053.324549389237,15053.324549389237,15542.5,48.99428571428572,400.0,1007542.5,2015542.5
4789,-15154.617431398068,15154.617431398068,15678.5,76.17928571428574,2000.0,975678.5,2015678.5
4790,-15311.030289177117,15311.030289177117,15819.0,59.08000000000001,2200.0,971819.0,2015819.0
4791,-15178.709845796137,15178.709845796137,15685.5,61.34357142857144,-500.0,1025685.5,2015685.5
4792,-15208.139565067537,15208.139565067537,15701.5,47.342857142857156,1600.0,983701.5,2015701.5
4793,-15282.679686454352,15282.679686454352,15808.5,71.96000000000001,-500.0,1025808.5,2015808.5
4794,-15158.479175084789,15158.479175084789,15672.5,65.93142857142858,1800.0,979672.5,2015672.5
4795,-15298.571854836933,15298.571854836933,15819.5,64.89857142857144,400.0,1007819.5,2015819.5
4796,-14819.70518095215,14819.70518095215,15331.0,69.44714285714286,1000.0,995331.0,2015331.0
4797,-15599.854746725812,15599.854746725812,16117.5,58.74500000000001,1600.0,984117.5,2016117.5
4798,-15035.431064985793,15035.431064985793,15569.0,89.60428571428574,-5100.0,1117569.0,2015569.0
4799,-14670.186506015805,14670.186506015805,15188.5,87.07500000000002,2600.0,963188.5,2015188.5
4800,-15200.68194584497,15200.68194584497,15731.5,78.7257142857143,3400.0,947731.5,2015731.5
4801,-15173.714527222266,15173.714527222266,15709.0,86.08214285714287,-900.0,1033709.0,2015709.0
4802,-14944.484138423077,14944.484138423077,15454.5,73.0457142857143,-3000.0,1075454.5,2015454.5
4803,-14860.727226716466,14860.727226716466,15358.5,65.46142857142858,700.0,1001358.5,2015358.5
4804,-15164.7712826473,15164.7712826473,15697.0,83.07285714285716,-3600.0,1087697.0,2015697.0
4805,-15004.4177895542,15004.4177895542,15533.0,83.02357142857143,1200.0,991533.0,2015533.0
4806,-15269.340842945665,15269.340842945665,15796.0,75.51785714285715,-1900.0,1053796.0,2015796.0
4807,-15055.781593679909,15055.781593679909,15586.5,86.20428571428573,-5100.0,1117586.5,2015586.5
4808,-15126.387726315723,15126.387726315723,15638.0,67.52071428571429,-3600.0,1087638.0,2015638.0
4809,-15116.989970977424,15116.989970977424,15647.5,82.18928571428573,1500.0,985647.5,2015647.5
4810,-14830.902592018077,14830.902592018077,15353.0,83.10785714285716,1400.0,987353.0,2015353.0
4811,-14753.359697367045,14753.359697367045,15262.5,71.73357142857145,-2400.0,1063262.5,2015262.5
4812,-14906.810099087168,14906.810099087168,15399.0,54.80857142857144,-200.0,1019399.0,2015399.0
4813,-15403.135355526312,15403.135355526312,15922.0,65.71928571428572,3800.0,939922.0,2015922.0
4814,-14834.031858878605,14834.031858878605,15348.0,77.87857142857143,-1300.0,1041348.0,2015348.0
4815,-15215.222451653373,15215.222451653373,15725.5,64.35285714285716,1000.0,995725.5,2015725.5
4816,-15224.130132709775,15224.130132709775,15740.0,70.71714285714287,-1200.0,1039740.0,2015740.0
4817,-15030.171912342808,15030.171912342808,15533.5,62.556428571428576,-1800.0,1051533.5,2015533.5
4818,-15139.387255266734,15139.387255266734,15637.0,54.47285714285715,-1800.0,1051637.0,2015637.0
4819,-15072.376575343336,15072.376575343336,15591.5,73.97214285714287,-1000.0,1035591.5,2015591.5
4820,-14826.180171711836,14826.180171711836,15320.0,64.53714285714287,-1800.0,1051320.0,2015320.0
4821,-15015.73052342491,15015.73052342491,15525.0,66.62285714285716,-900.0,1033525.0,2015525.0
4822,-15033.901330192766,15033.901330192766,15534.5,63.39714285714287,-700.0,1029534.5,2015534.5
4823,-15128.477179088677,15128.477179088677,15626.5,55.70642857142858,-1800.0,1051626.5,2015626.5
4824,-15296.996062696384,15296.996062696384,15815.5,74.19714285714288,-4100.0,1097815.5,2015815.5
4825,-15173.471774300157,15173.471774300157,15667.0,56.413571428571444,100.0,1013667.0,2015667.0
4826,-15012.113213383635,15012.113213383635,15541.0,81.18571428571431,1900.0,977541.0,2015541.0
4827,-15281.075294031281,15281.075294031281,15792.5,56.51357142857144,-1100.0,1037792.5,2015792.5
4828,-15263.643898726572,15263.643898726572,15788.5,69.3807142857143,-1800.0,1051788.5,2015788.5
4829,-15097.018596262518,15097.018596262518,15624.0,82.59214285714287,-4000.0,1095624.0,2015624.0
4830,-15371.142243163009,15371.142243163009,15912.5,86.40857142857145,3400.0,947912.5,2015912.5
4831,-15316.1062057546,15316.1062057546,15849.0,83.52214285714288,2200.0,971849.0,2015849.0
4832,-15147.018334425153,15147.018334425153,15670.0,72.52428571428572,2300.0,969670.0,2015670.0
4833,-15273.267594130757,15273.267594130757,15783.0,58.44571428571429,-1400.0,1043783.0,2015783.0
4834,-15131.704906244984,15131.704906244984,15662.0,87.55000000000001,-2500.0,1065662.0,2015662.0
4835,-15425.763435498055,15425.763435498055,15933.5,52.875714285714295,2900.0,957933.5,2015933.5
4836,-15317.71243569297,15317.71243569297,15835.0,67.83142857142857,-1000.0,1035835.0,2015835.0
4837,-15354.89765551611,15354.89765551611,15865.5,61.1207142857143,1000.0,995865.5,2015865.5
4838,-15315.340901065822,15315.340901065822,15850.0,80.29928571428573,-1000.0,1035850.0,2015850.0
4839,-15278.442144875447,15278.442144875447,15792.5,69.61500000000001,-200.0,1019792.5,2015792.5
4840,-15001.805908437578,15001.805908437578,15515.0,65.12500000000001,-500.0,1025515.0,2015515.0
4841,-15249.053986315892,15249.053986315892,15759.5,58.66285714285715,-3000.0,1075759.5,2015759.5
4842,-15223.179739201829,15223.179739201829,15752.0,80.35785714285716,500.0,1005752.0,2015752.0
4843,-15052.884799807587,15052.884799807587,15577.0,78.97071428571431,1800.0,979577.0,2015577.0
4844,-14980.558408922432,14980.558408922432,15486.0,61.243571428571435,4200.0,931486.0,2015486.0
4845,-15338.731569106756,15338.731569106756,15881.5,91.9814285714286,200.0,1011881.5,2015881.5
4846,-15136.95374375289,15136.95374375289,15708.5,120.7157142857143,-5300.0,1121708.5,2015708.5
4847,-15141.725821968348,15141.725821968348,15664.0,77.6607142857143,2400.0,967664.0,2015664.0
4848,-15182.862617582054,15182.862617582054,15689.5,56.45428571428572,-1400.0,1043689.5,2015689.5
4849,-14985.838005338805,14985.838005338805,15494.0,62.429285714285726,-800.0,1031494.0,2015494.0
4850,-15351.19314444199,15351.19314444199,15881.0,83.8357142857143,3700.0,941881.0,2015881.0
4851,-15068.682341187989,15068.682341187989,15579.5,75.90785714285715,2000.0,975579.5,2015579.5
4852,-15185.444189528363,15185.444189528363,15705.5,78.44714285714286,5000.0,915705.5,2015705.5
4853,-15162.744264400215,15162.744264400215,15665.0,61.7857142857143,-2100.0,1057665.0,2015665.0
4854,-15359.34614298335,15359.34614298335,15879.0,65.48785714285717,1100.0,993879.0,2015879.0
4855,-15087.38155288605,15087.38155288605,15621.5,81.22357142857145,-1700.0,1049621.5,2015621.5
4856,-14785.70884053764,14785.70884053764,15322.5,94.64428571428574,-3400.0,1083322.5,2015322.5
4857,-14966.149927220617,14966.149927220617,15466.0,61.38785714285716,2700.0,961466.0,2015466.0
4858,-15075.043995637068,15075.043995637068,15577.5,61.196428571428584,-300.0,1021577.5,2015577.5
4859,-14841.953406951137,14841.953406951137,15348.0,65.03214285714287,-300.0,1021348.0,2015348.0
4860,-14911.685743999587,14911.685743999587,15394.5,46.70642857142859,300.0,1009394.5,2015394.5
4861,-14998.328354563797,14998.328354563797,15521.0,77.97714285714288,-600.0,1027521.0,2015521.0
4862,-15150.925527078874,15150.925527078874,15670.0,79.44071428571431,-1200.0,1039670.0,2015670.0
4863,-14868.033267554747,14868.033267554747,15391.0,80.09500000000001,3500.0,945391.0,2015391.0
4864,-14893.189462898905,14893.189462898905,15406.0,70.32857142857144,2400.0,967406.0,2015406.0
4865,-14797.268776313613,14797.268776313613,15308.0,80.37071428571431,-1200.0,1039308.0,2015308.0
4866,-15497.406287351034,15497.406287351034,16024.0,74.67785714285716,3900.0,938024.0,2016024.0
4867,-15099.83436864572,15099.83436864572,15600.0,57.56357142857145,2000.0,975600.0,2015600.0
4868,-14939.378785376848,14939.378785376848,15453.5,66.1657142857143,-1500.0,1045453.5,2015453.5
4869,-15282.271036000744,15282.271036000744,15797.0,68.96285714285716,-2700.0,1069797.0,2015797.0
4870,-15183.658195771173,15183.658195771173,15699.5,70.65142857142858,700.0,1001699.5,2015699.5
4871,-15064.580825737241,15064.580825737241,15582.0,68.00142857142859,-2400.0,1063582.0,2015582.0
4872,-15451.321057488965,15451.321057488965,15982.0,79.18642857142859,-3100.0,1077982.0,2015982.0
4873,-15244.456401176954,15244.456401176954,15777.0,77.10642857142858,-2000.0,1055777.0,2015777.0
4874,-15088.332177675828,15088.332177675828,15621.0,88.47857142857146,-2600.0,1067621.0,2015621.0
4875,-15130.843820956161,15130.843820956161,15650.5,73.48142857142858,-2800.0,1071650.5,2015650.5
4876,-15169.392398170845,15169.392398170845,15686.5,72.27428571428572,-2800.0,1071686.5,2015686.5
4877,-15066.225773271572,15066.225773271572,15593.0,77.795,2700.0,961593.0,2015593.0
4878,-15245.618767846,15245.618767846,15765.5,77.70785714285716,-3300.0,1081765.5,2015765.5
4879,-15269.383900814177,15269.383900814177,15790.5,69.10642857142858,1300.0,989790.5,2015790.5
4880,-15268.743085021859,15268.743085021859,15779.5,62.92714285714287,900.0,997779.5,2015779.5
4881,-15451.370588456994,15451.370588456994,15974.0,62.573571428571434,1200.0,991974.0,2015974.0
4882,-14876.39171430836,14876.39171430836,15399.0,89.16714285714286,1100.0,993399.0,2015399.0
4883,-15200.311075103076,15200.311075103076,15720.5,67.11142857142858,3900.0,937720.5,2015720.5
4884,-14984.540797670206,14984.540797670206,15479.0,55.38642857142858,-400.0,1023479.0,2015479.0
4885,-15234.425723210534,15234.425723210534,15751.0,69.69500000000001,2100.0,973751.0,2015751.0
4886,-15031.584891269127,15031.584891269127,15560.5,84.54500000000002,-1200.0,1039560.5,2015560.5
4887,-14925.109196828256,14925.109196828256,15464.5,93.6114285714286,5100.0,913464.5,2015464.5
4888,-15276.132984780208,15276.132984780208,15782.0,53.72500000000001,-3300.0,1081782.0,2015782.0
4889,-15115.689680780419,15115.689680780419,15627.0,61.352142857142866,900.0,997627.0,2015627.0
4890,-14884.033579659914,14884.033579659914,15413.5,85.67357142857144,-1000.0,1035413.5,2015413.5
4891,-15311.846142044651,15311.846142044651,15817.5,51.63642857142859,1500.0,985817.5,2015817.5
4892,-15125.627828708946,15125.627828708946,15656.5,85.08857142857144,-2100.0,1057656.5,2015656.5
4893,-14713.77670210375,14713.77670210375,15209.5,62.04285714285716,-300.0,1021209.5,2015209.5
4894,-15423.71029567565,15423.71029567565,15944.5,65.83142857142857,-1600.0,1047944.5,2015944.5
4895,-14926.968753623165,14926.968753623165,15451.5,81.26285714285714,-200.0,1019451.5,2015451.5
4896,-15066.613904630074,15066.613904630074,15562.0,52.21857142857143,-2300.0,1061562.0,2015562.0
4897,-15208.196831437284,15208.196831437284,15726.5,78.11357142857145,-1200.0,1039726.5,2015726.5
4898,-15024.525776384506,15024.525776384506,15532.5,66.94500000000002,1500.0,985532.5,2015532.5
4899,-15261.109914733286,15261.109914733286,15789.5,74.90500000000002,800.0,999789.5,2015789.5
4900,-15346.655021869596,15346.655021869596,15875.5,78.60285714285715,3000.0,955875.5,2015875.5
4901,-15276.358223371682,15276.358223371682,15797.0,67.2357142857143,-900.0,1033797.0,2015797.0
4902,-15153.900692353618,15153.900692353618,15654.0,57.330000000000005,3200.0,951654.0,2015654.0
4903,-15106.547053173954,15106.547053173954,15606.0,58.86285714285715,200.0,1011606.0,2015606.0
4904,-15361.843476028882,15361.843476028882,15906.0,91.93642857142859,-1900.0,1053906.0,2015906.0
4905,-15200.162102168008,15200.162102168008,15707.0,57.05500000000001,-200.0,1019707.0,2015707.0
4906,-14895.490559634247,14895.490559634247,15415.0,80.10642857142858,-1500.0,1045415.0,2015415.0
4907,-15177.656017779682,15177.656017779682,15704.5,75.87,1200.0,991704.5,2015704.5
4908,-15350.091636496792,15350.091636496792,15868.5,64.42285714285715,1900.0,977868.5,2015868.5
4909,-15101.416417642822,15101.416417642822,15587.0,38.90642857142858,-4400.0,1103587.0,2015587.0
4910,-14963.232292417975,14963.232292417975,15466.5,66.15928571428573,-800.0,1031466.5,2015466.5
4911,-15220.404633099799,15220.404633099799,15742.5,72.64714285714288,-300.0,1021742.5,2015742.5
4912,-15181.370234907114,15181.370234907114,15675.0,45.274285714285725,2300.0,969675.0,2015675.0
4913,-15299.405014786078,15299.405014786078,15818.0,66.41214285714287,4800.0,919818.0,2015818.0
4914,-14682.325361683303,14682.325361683303,15187.0,76.60500000000002,-4100.0,1097187.0,2015187.0
4915,-14996.865873353323,14996.865873353323,15510.0,73.38285714285716,5500.0,905510.0,2015510.0
4916,-15519.042599605289,15519.042599605289,16046.0,68.28857142857144,4100.0,934046.0,2016046.0
4917,-14937.536850447728,14937.536850447728,15436.0,58.41857142857144,3300.0,949436.0,2015436.0
4918,-15178.157257160645,15178.157257160645,15675.5,53.58,3100.0,953675.5,2015675.5
4919,-14924.816496294246,14924.816496294246,15436.5,76.01714285714289,4200.0,931436.5,2015436.5
4920,-14915.843929733466,14915.843929733466,15423.0,65.2307142857143,-3000.0,1075423.0,2015423.0
4921,-15175.795917407731,15175.795917407731,15699.5,76.69142857142859,4000.0,935699.5,2015699.5
4922,-15249.922855863335,15249.922855863335,15783.0,83.9857142857143,2500.0,965783.0,2015783.0
4923,-15001.512661979981,15001.512661979981,15510.5,72.09428571428572,2100.0,973510.5,2015510.5
4924,-14979.468604576783,14979.468604576783,15491.5,69.39214285714286,900.0,997491.5,2015491.5
4925,-15249.07003250481,15249.07003250481,15782.0,84.43500000000002,5000.0,915782.0,2015782.0
4926,-15120.831469420962,15120.831469420962,15632.0,60.86928571428572,2300.0,969632.0,2015632.0
4927,-15344.379896393926,15344.379896393926,15857.0,60.00142857142858,-1200.0,1039857.0,2015857.0
4928,-15192.74751429119,15192.74751429119,15704.5,65.80571428571429,1200.0,991704.5,2015704.5
4929,-15209.398805014149,15209.398805014149,15723.0,63.789285714285725,-1700.0,1049723.0,2015723.0
4930,-15106.642517056851,15106.642517056851,15637.5,81.78642857142859,-2400.0,1063637.5,2015637.5
4931,-15188.41096839892,15188.41096839892,15689.5,51.86000000000001,700.0,1001689.5,2015689.5
4932,-15047.73411377132,15047.73411377132,15577.5,81.09714285714287,200.0,1011577.5,2015577.5
4933,-15005.023153710854,15005.023153710854,15558.5,108.29357142857145,4500.0,925558.5,2015558.5
4934,-14972.521699139252,14972.521699139252,15481.5,71.42071428571431,1500.0,985481.5,2015481.5
4935,-15165.740903492271,15165.740903492271,15689.0,78.42000000000002,1800.0,979689.0,2015689.0
4936,-14837.054864291727,14837.054864291727,15347.0,73.02357142857144,-900.0,1033347.0,2015347.0
4937,-15064.363225468998,15064.363225468998,15584.0,72.2957142857143,200.0,1011584.0,2015584.0
4938,-15239.774785693486,15239.774785693486,15782.0,88.66000000000001,900.0,997782.0,2015782.0
4939,-15365.077139056348,15365.077139056348,15923.5,100.61857142857144,1000.0,995923.5,2015923.5
4940,-15431.245811556906,15431.245811556906,15942.0,59.969285714285725,-500.0,1025942.0,2015942.0
4941,-15218.357524971014,15218.357524971014,15741.0,74.49857142857144,500.0,1005741.0,2015741.0
4942,-15076.626893051005,15076.626893051005,15615.0,100.00714285714287,-2600.0,1067615.0,2015615.0
4943,-15143.14467834907,15143.14467834907,15646.5,63.1557142857143,-3300.0,1081646.5,2015646.5
4944,-14896.158251879775,14896.158251879775,15440.0,103.4214285714286,-4900.0,1113440.0,2015440.0
4945,-15216.446031940868,15216.446031940868,15754.0,85.09571428571431,100.0,1013754.0,2015754.0
4946,-15388.580423369849,15388.580423369849,15901.5,59.3307142857143,500.0,1005901.5,2015901.5
4947,-15146.091751362312,15146.091751362312,15655.5,65.46785714285716,-500.0,1025655.5,2015655.5
4948,-15530.09022342295,15530.09022342295,16054.5,69.21714285714287,-1100.0,1038054.5,2016054.5
4949,-15285.164059591727,15285.164059591727,15805.0,71.46500000000002,1100.0,993805.0,2015805.0
4950,-14700.735777394066,14700.735777394066,15212.0,80.65571428571431,-200.0,1019212.0,2015212.0
4951,-14968.181126026797,14968.181126026797,15498.0,87.86214285714287,3000.0,955498.0,2015498.0
4952,-15323.784369029981,15323.784369029981,15839.5,64.9357142857143,0.0,1015839.5,2015839.5
4953,-14981.331187302265,14981.331187302265,15512.0,83.83428571428573,1800.0,979512.0,2015512.0
4954,-14823.13860331437,14823.13860331437,15366.5,104.32285714285717,-600.0,1027366.5,2015366.5
4955,-14995.638253137662,14995.638253137662,15525.0,84.46428571428572,-2700.0,1069525.0,2015525.0
4956,-14694.36833550756,14694.36833550756,15195.5,70.62214285714288,-4400.0,1103195.5,2015195.5
4957,-15115.787967218352,15115.787967218352,15644.0,80.16857142857143,-3800.0,1091644.0,2015644.0
4958,-15014.654035708656,15014.654035708656,15544.5,86.05000000000001,-2200.0,1059544.5,2015544.5
4959,-14992.829826828289,14992.829826828289,15515.0,80.86000000000001,-2800.0,1071515.0,2015515.0
4960,-15214.340433686517,15214.340433686517,15737.5,69.81500000000003,-2100.0,1057737.5,2015737.5
4961,-15237.013360995077,15237.013360995077,15738.0,53.227142857142866,-300.0,1021738.0,2015738.0
4962,-15209.093077418493,15209.093077418493,15732.5,76.81428571428573,-200.0,1019732.5,2015732.5
4963,-15307.94481370636,15307.94481370636,15841.0,80.1957142857143,500.0,1005841.0,2015841.0
4964,-15265.687041123114,15265.687041123114,15772.5,60.64642857142859,-1200.0,1039772.5,2015772.5
4965,-15359.772776845122,15359.772776845122,15876.0,61.026428571428575,1000.0,995876.0,2015876.0
4966,-15079.102739694441,15079.102739694441,15618.5,87.78285714285715,3900.0,937618.5,2015618.5
4967,-15123.292594779045,15123.292594779045,15643.5,75.79500000000003,-700.0,1029643.5,2015643.5
4968,-14860.789792018935,14860.789792018935,15353.0,57.6607142857143,1400.0,987353.0,2015353.0
4969,-15141.296271544237,15141.296271544237,15671.5,87.77428571428572,600.0,1003671.5,2015671.5
4970,-14988.737685369564,14988.737685369564,15490.0,57.88928571428572,500.0,1005490.0,2015490.0
4971,-15013.049253118665,15013.049253118665,15532.0,73.82357142857144,800.0,999532.0,2015532.0
4972,-14854.872461269773,14854.872461269773,15359.5,67.33500000000001,-1800.0,1051359.5,2015359.5
4973,-15274.532764181844,15274.532764181844,15797.0,72.40928571428572,-200.0,1019797.0,2015797.0
4974,-14927.648646379785,14927.648646379785,15440.0,75.50285714285715,500.0,1005440.0,2015440.0
4975,-15368.957420279214,15368.957420279214,15890.0,68.79785714285715,1300.0,989890.0,2015890.0
4976,-15289.750628130612,15289.750628130612,15804.0,68.25642857142857,3200.0,951804.0,2015804.0
4977,-14866.425781087815,14866.425781087815,15397.5,95.69071428571431,500.0,1005397.5,2015397.5
4978,-15170.159744523471,15170.159744523471,15701.0,84.22428571428574,1300.0,989701.0,2015701.0
4979,-14793.560591589154,14793.560591589154,15293.5,65.22642857142858,700.0,1001293.5,2015293.5
4980,-14877.392058139656,14877.392058139656,15420.0,106.24428571428572,3300.0,949420.0,2015420.0
4981,-15056.034564824506,15056.034564824506,15575.5,77.00500000000001,3000.0,955575.5,2015575.5
4982,-14960.734385543547,14960.734385543547,15484.0,82.7757142857143,-4200.0,1099484.0,2015484.0
4983,-15182.998620300808,15182.998620300808,15706.5,78.18357142857144,-3500.0,1085706.5,2015706.5
4984,-15139.410722673401,15139.410722673401,15683.0,97.17857142857144,-1400.0,1043683.0,2015683.0
4985,-15025.692041733942,15025.692041733942,15526.5,61.35857142857145,900.0,997526.5,2015526.5
4986,-15109.859049485956,15109.859049485956,15620.0,63.9807142857143,-900.0,1033620.0,2015620.0
4987,-14858.54405302121,14858.54405302121,15363.5,71.54142857142858,-3100.0,1077363.5,2015363.5
4988,-15160.810320822156,15160.810320822156,15675.0,68.17642857142857,-2300.0,1061675.0,2015675.0
4989,-15361.817945513962,15361.817945513962,15892.5,79.51714285714287,2000.0,975892.5,2015892.5
4990,-15146.264967313624,15146.264967313624,15665.5,68.21000000000001,900.0,997665.5,2015665.5
4991,-15247.832099776642,15247.832099776642,15776.0,79.16000000000001,500.0,1005776.0,2015776.0
4992,-14930.111360207065,14930.111360207065,15435.5,71.33428571428573,1400.0,987435.5,2015435.5
4993,-14962.56652727798,14962.56652727798,15457.5,54.554285714285726,2100.0,973457.5,2015457.5
4994,-14828.733657844592,14828.733657844592,15356.0,89.9457142857143,1000.0,995356.0,2015356.0
4995,-15141.938962632263,15141.938962632263,15641.0,61.15285714285715,-2500.0,1065641.0,2015641.0
4996,-15204.578930383173,15204.578930383173,15730.0,81.53357142857143,-1900.0,1053730.0,2015730.0
4997,-15189.277753494796,15189.277753494796,15704.0,67.99428571428572,-1200.0,1039704.0,2015704.0
4998,-14947.508627775933,14947.508627775933,15458.0,70.99785714285716,1500.0,985458.0,2015458.0
4999,-14781.022354019431,14781.022354019431,15296.0,77.00785714285716,-400.0,1023296.0,2015296.0
