sim_id,t,q,F
0,0,10000.0,800000.0
0,1,8900.0,822061.5
0,2,7900.0,842131.0
0,3,7800.0,844183.0
0,4,6800.0,864263.0
0,5,6200.0,876310.0
0,6,6100.0,878362.0
0,7,6200.0,876415.0
0,8,5100.0,898477.0
0,9,4700.0,906540.0
0,10,4300.0,914598.0
0,11,3000.0,940674.0
0,12,2000.0,960714.0
0,13,1800.0,964779.0
0,14,2200.0,956819.0
0,15,1700.0,966914.0
0,16,1100.0,978969.0
0,17,1500.0,971024.0
0,18,900.0,983094.0
0,19,500.0,991179.0
0,20,0.0,1001241.5
0,21,300.0,995304.0
0,22,900.0,983394.0
0,23,300.0,995449.0
0,24,100.0,999504.0
0,25,-200.0,1005556.5
0,26,-300.0,1007644.0
0,27,600.0,989711.5
0,28,400.0,993776.5
0,29,100.0,999819.0
0,30,0.0,1001861.5
0,31,400.0,993931.5
0,32,400.0,993996.5
0,33,600.0,990051.5
0,34,0.0,1002096.5
0,35,800.0,986156.5
0,36,600.0,990211.5
0,37,800.0,986266.5
0,38,1200.0,978331.5
0,39,1600.0,970381.5
0,40,1300.0,976429.0
0,41,1500.0,972489.0
0,42,1600.0,970526.5
0,43,1400.0,974581.5
0,44,1400.0,974641.5
0,45,1700.0,968714.0
0,46,500.0,992789.0
0,47,800.0,986836.5
0,48,1000.0,982931.5
0,49,1600.0,970996.5
0,50,500.0,993059.0
0,51,1200.0,979126.5
0,52,1400.0,975191.5
0,53,900.0,985254.0
0,54,800.0,987306.5
0,55,600.0,991366.5
0,56,300.0,997414.0
0,57,1000.0,983486.5
0,58,900.0,985554.0
0,59,2300.0,957624.0
0,60,1900.0,965700.0
0,61,2400.0,955752.5
0,62,1300.0,977807.5
0,63,700.0,989847.5
0,64,1300.0,977912.5
0,65,2000.0,963990.0
0,66,1400.0,976035.0
0,67,1000.0,984100.0
0,68,500.0,994162.5
0,69,700.0,990207.5
0,70,300.0,998287.5
0,71,700.0,990332.5
0,72,-300.0,1010397.5
0,73,-400.0,1012455.0
0,74,0.0,1004530.0
0,75,0.0,1004585.0
0,76,200.0,1000680.0
0,77,1500.0,974747.5
0,78,1200.0,980810.0
0,79,1300.0,978867.5
0,80,1400.0,976925.0
0,81,700.0,990992.5
0,82,500.0,995062.5
0,83,300.0,999142.5
0,84,600.0,993200.0
0,85,800.0,989250.0
0,86,200.0,1001310.0
0,87,900.0,987367.5
0,88,500.0,995432.5
0,89,400.0,997490.0
0,90,100.0,1003542.5
0,91,0.0,1005610.0
0,92,-400.0,1013675.0
0,93,-1000.0,1025745.0
0,94,-100.0,1007807.5
0,95,-100.0,1007867.5
0,96,-1100.0,1027947.5
0,97,-800.0,1022010.0
0,98,-600.0,1018075.0
0,99,-600.0,1018145.0
0,100,100.0,1004217.5
0,101,-100.0,1008287.5
0,102,-400.0,1014340.0
0,103,-1100.0,1028422.5
0,104,-1000.0,1026485.0
0,105,-900.0,1024557.5
0,106,-800.0,1022615.0
0,107,-1100.0,1028682.5
0,108,-2000.0,1046740.0
0,109,-1600.0,1038805.0
0,110,-400.0,1014875.0
0,111,-800.0,1022940.0
0,112,-900.0,1024982.5
0,113,-1100.0,1029037.5
0,114,-1700.0,1041092.5
0,115,-2100.0,1049127.5
0,116,-1700.0,1041187.0
0,117,-1900.0,1045237.0
0,118,-1800.0,1043294.5
0,119,-2200.0,1051369.5
0,120,-2500.0,1057417.0
0,121,-1500.0,1037457.0
0,122,-1900.0,1045542.0
0,123,-2500.0,1057592.0
0,124,-1700.0,1041643.0
0,125,-1500.0,1037688.0
0,126,-1500.0,1037733.0
0,127,-2000.0,1047785.5
0,128,-1700.0,1041853.0
0,129,-2400.0,1055910.5
0,130,-2200.0,1051970.5
0,131,-1800.0,1044019.0
0,132,-2600.0,1060084.0
0,133,-3000.0,1068141.0
0,134,-2500.0,1058206.0
0,135,-3100.0,1070289.0
0,136,-2500.0,1058361.0
0,137,-1500.0,1038431.0
0,138,-1100.0,1030496.0
0,139,-1400.0,1036573.5
0,140,-1100.0,1030626.0
0,141,-800.0,1024668.5
0,142,-400.0,1016733.5
0,143,-600.0,1020803.5
0,144,-900.0,1026846.0
0,145,-100.0,1010906.0
0,146,-600.0,1020978.5
0,147,-900.0,1027056.0
0,148,-800.0,1025118.5
0,149,-1100.0,1031166.0
0,150,-1900.0,1047216.0
0,151,-2000.0,1049288.5
0,152,-2000.0,1049368.5
0,153,-2100.0,1051431.0
0,154,-1200.0,1033514.0
0,155,-1000.0,1029559.0
0,156,-500.0,1019616.5
0,157,0.0,1009694.0
0,158,-300.0,1015761.5
0,159,-400.0,1017824.0
0,160,-100.0,1011881.5
0,161,-500.0,1019941.5
0,162,-600.0,1021989.0
0,163,-1800.0,1046064.0
0,164,-1700.0,1044131.5
0,165,-1100.0,1032201.5
0,166,-1200.0,1034249.0
0,167,-1200.0,1034304.0
0,168,-1200.0,1034364.0
0,169,-2100.0,1052426.5
0,170,-2300.0,1056460.0
0,171,-2900.0,1068549.5
0,172,-2300.0,1056611.5
0,173,-2300.0,1056672.0
0,174,-2600.0,1062730.5
0,175,-1900.0,1048789.5
0,176,-1300.0,1036889.5
0,177,-1000.0,1030952.0
0,178,-1900.0,1048999.5
0,179,-1500.0,1041074.5
0,180,-2100.0,1053139.5
0,181,-1800.0,1047202.0
0,182,-500.0,1021259.5
0,183,-200.0,1015307.0
0,184,-400.0,1019377.0
0,185,-1100.0,1033429.5
0,186,-1500.0,1041519.5
0,187,-800.0,1027567.0
0,188,-500.0,1021629.5
0,189,-700.0,1025684.5
0,190,-300.0,1017719.5
0,191,-200.0,1015782.0
0,192,900.0,993864.5
0,193,400.0,1003932.0
0,194,-100.0,1014014.5
0,195,-700.0,1026094.5
0,196,-800.0,1028147.0
0,197,-1200.0,1036232.0
0,198,-2000.0,1052302.0
0,199,-1600.0,1044377.0
0,200,-2500.0,1062434.5
0,201,-1600.0,1044482.5
0,202,-2600.0,1064542.5
0,203,-2200.0,1056610.5
0,204,-2200.0,1056665.5
0,205,-1800.0,1048719.5
0,206,-1400.0,1040769.5
0,207,-2200.0,1056854.5
0,208,-2000.0,1052931.0
0,209,-1500.0,1042988.5
0,210,-2000.0,1053066.0
0,211,-2100.0,1055133.5
0,212,-2200.0,1057191.5
0,213,-2000.0,1053257.0
0,214,-2400.0,1061327.0
0,215,-1000.0,1033400.5
0,216,-700.0,1027458.0
0,217,-1300.0,1039493.0
0,218,-1400.0,1041555.5
0,219,100.0,1011628.0
0,220,-300.0,1019683.0
0,221,-1000.0,1033735.5
0,222,-1000.0,1033805.5
0,223,-1100.0,1035863.0
0,224,-1800.0,1049925.5
0,225,-2400.0,1061995.5
0,226,-2000.0,1054038.5
0,227,-2000.0,1054103.5
0,228,-1900.0,1052166.0
0,229,-1700.0,1048221.0
0,230,-1800.0,1050273.5
0,231,-2100.0,1056336.0
0,232,-1300.0,1040406.0
0,233,-1100.0,1036456.0
0,234,-1800.0,1050513.5
0,235,-1100.0,1036581.0
0,236,-1000.0,1034648.5
0,237,-1100.0,1036711.0
0,238,-1700.0,1048791.0
0,239,-1600.0,1046878.5
0,240,-1200.0,1038938.5
0,241,-1500.0,1044996.0
0,242,-1400.0,1043048.5
0,243,-1600.0,1047123.5
0,244,-900.0,1033171.0
0,245,-400.0,1023248.5
0,246,400.0,1007303.5
0,247,1100.0,993366.0
0,248,500.0,1005446.0
0,249,0.0,1015498.5
0,250,-200.0,1019558.5
0,251,-300.0,1021626.0
0,252,100.0,1013676.0
1,0,10000.0,800000.0
1,1,9100.0,818043.5
1,2,7700.0,846088.0
1,3,7400.0,852129.0
1,4,6800.0,864211.0
1,5,5900.0,882279.0
1,6,5900.0,882364.0
1,7,5000.0,900432.0
1,8,4600.0,908470.0
1,9,4600.0,908515.0
1,10,3900.0,922559.0
1,11,3700.0,926613.0
1,12,3500.0,930662.0
1,13,2600.0,948725.0
1,14,2600.0,948785.0
1,15,1700.0,966863.0
1,16,1600.0,968915.5
1,17,1400.0,972990.5
1,18,1200.0,977035.5
1,19,700.0,987093.0
1,20,1100.0,979153.0
1,21,1300.0,975203.0
1,22,1800.0,965260.5
1,23,1500.0,971308.0
1,24,1500.0,971353.0
1,25,1600.0,969450.5
1,26,1700.0,967503.0
1,27,1500.0,971558.0
1,28,-200.0,1005635.5
1,29,-500.0,1011708.0
1,30,0.0,1001780.5
1,31,400.0,993840.5
1,32,1200.0,977915.5
1,33,800.0,985970.5
1,34,700.0,988043.0
1,35,-100.0,1004098.0
1,36,0.0,1002165.5
1,37,-100.0,1004233.0
1,38,200.0,998300.5
1,39,700.0,988373.0
1,40,1200.0,978445.5
1,41,1100.0,980503.0
1,42,1100.0,980543.0
1,43,400.0,994600.5
1,44,100.0,1000658.0
1,45,-700.0,1016718.0
1,46,-1000.0,1022775.5
1,47,-300.0,1008833.0
1,48,-200.0,1006890.5
1,49,-400.0,1010940.5
1,50,-300.0,1009003.0
1,51,100.0,1001058.0
1,52,100.0,1001108.0
1,53,0.0,1003155.5
1,54,-600.0,1015230.5
1,55,-900.0,1021313.0
1,56,-1500.0,1033363.0
1,57,-1200.0,1027450.5
1,58,-1500.0,1033513.0
1,59,-1600.0,1035575.5
1,60,-1900.0,1041638.0
1,61,-1800.0,1039695.5
1,62,-2400.0,1051725.5
1,63,-2600.0,1055825.0
1,64,-3000.0,1063867.0
1,65,-2600.0,1055945.0
1,66,-2500.0,1053982.0
1,67,-2300.0,1050046.0
1,68,-2500.0,1054112.5
1,69,-1300.0,1030186.5
1,70,-1200.0,1028234.0
1,71,-900.0,1022291.5
1,72,-1600.0,1036359.0
1,73,-900.0,1022431.5
1,74,-300.0,1010496.5
1,75,-1000.0,1024549.0
1,76,-2100.0,1046616.5
1,77,-1800.0,1040684.5
1,78,-1700.0,1038727.0
1,79,-1900.0,1042792.0
1,80,-1900.0,1042837.0
1,81,-2000.0,1044889.5
1,82,-1900.0,1042952.0
1,83,-1500.0,1034997.0
1,84,-1800.0,1041064.5
1,85,-1300.0,1031112.0
1,86,-1700.0,1039172.0
1,87,-800.0,1021214.5
1,88,-900.0,1023292.0
1,89,-600.0,1017334.5
1,90,-1900.0,1043387.0
1,91,-2900.0,1063467.0
1,92,-2200.0,1049516.0
1,93,-1800.0,1041592.0
1,94,-2400.0,1053657.0
1,95,-1300.0,1031723.0
1,96,-1400.0,1033785.5
1,97,-2300.0,1051848.0
1,98,-2200.0,1049905.5
1,99,-1700.0,1039962.0
1,100,-2600.0,1058034.5
1,101,-1900.0,1044108.5
1,102,-800.0,1022206.0
1,103,-900.0,1024278.5
1,104,-1100.0,1028358.5
1,105,-900.0,1024423.5
1,106,-200.0,1010486.0
1,107,-700.0,1020543.5
1,108,-900.0,1024598.5
1,109,100.0,1004673.5
1,110,-300.0,1012743.5
1,111,400.0,998801.0
1,112,100.0,1004868.5
1,113,400.0,998931.0
1,114,-100.0,1009018.5
1,115,-400.0,1015076.0
1,116,-200.0,1011156.0
1,117,-200.0,1011216.0
1,118,-300.0,1013273.5
1,119,-100.0,1009318.5
1,120,-200.0,1011371.0
1,121,-100.0,1009413.5
1,122,200.0,1003496.0
1,123,900.0,989533.5
1,124,800.0,991596.0
1,125,1300.0,981673.5
1,126,1600.0,975751.0
1,127,1900.0,969808.5
1,128,2900.0,949883.5
1,129,2300.0,961930.5
1,130,1700.0,973973.0
1,131,1700.0,974043.0
1,132,1700.0,974088.0
1,133,1800.0,972145.5
1,134,1800.0,972200.5
1,135,2100.0,966248.0
1,136,2900.0,950316.0
1,137,2500.0,958379.0
1,138,1400.0,980421.0
1,139,1000.0,988476.0
1,140,1200.0,984526.0
1,141,1100.0,986598.5
1,142,1700.0,974663.5
1,143,1300.0,982728.5
1,144,1500.0,978798.5
1,145,1700.0,974858.5
1,146,2400.0,960926.0
1,147,2200.0,964997.0
1,148,1800.0,973040.0
1,149,1400.0,981100.0
1,150,1500.0,979157.5
1,151,1000.0,989200.0
1,152,600.0,997250.0
1,153,900.0,991307.5
1,154,300.0,1003362.5
1,155,300.0,1003447.5
1,156,300.0,1003517.5
1,157,700.0,995582.5
1,158,200.0,1005650.0
1,159,-100.0,1011732.5
1,160,-400.0,1017800.0
1,161,300.0,1003867.5
1,162,400.0,1001945.0
1,163,800.0,994005.0
1,164,1200.0,986075.0
1,165,700.0,996157.5
1,166,900.0,992202.5
1,167,1000.0,990270.0
1,168,1200.0,986330.0
1,169,1200.0,986395.0
1,170,1000.0,990465.0
1,171,1000.0,990535.0
1,172,1800.0,974575.0
1,173,1700.0,976642.5
1,174,1100.0,988692.5
1,175,500.0,1000767.5
1,176,800.0,994805.0
1,177,700.0,996867.5
1,178,400.0,1002940.0
1,179,200.0,1007015.0
1,180,700.0,997077.5
1,181,300.0,1005137.5
1,182,-600.0,1023195.0
1,183,-800.0,1027255.0
1,184,-300.0,1017317.5
1,185,-800.0,1027390.0
1,186,-600.0,1023440.0
1,187,-1300.0,1037497.5
1,188,-1400.0,1039550.0
1,189,-1800.0,1047610.0
1,190,-1000.0,1031675.0
1,191,-500.0,1021717.5
1,192,0.0,1011780.0
1,193,-300.0,1017862.5
1,194,-700.0,1025942.5
1,195,0.0,1012000.0
1,196,-700.0,1026082.5
1,197,-500.0,1022127.5
1,198,-800.0,1028180.0
1,199,-600.0,1024255.0
1,200,-1200.0,1036300.0
1,201,-1000.0,1032360.0
1,202,-1000.0,1032425.0
1,203,-1400.0,1040495.0
1,204,-1500.0,1042567.5
1,205,-2100.0,1054632.5
1,206,-1700.0,1046681.0
1,207,-2100.0,1054751.0
1,208,-2400.0,1060820.5
1,209,-2500.0,1062895.0
1,210,-2300.0,1058944.0
1,211,-2800.0,1069008.5
1,212,-1800.0,1049068.5
1,213,-1900.0,1051121.0
1,214,-1800.0,1049203.5
1,215,-1900.0,1051256.0
1,216,-1500.0,1043316.0
1,217,-1600.0,1045378.5
1,218,-2500.0,1063441.0
1,219,-2100.0,1055479.0
1,220,-1400.0,1041529.5
1,221,-1400.0,1041589.5
1,222,-1200.0,1037654.5
1,223,-200.0,1017754.5
1,224,0.0,1013819.5
1,225,-900.0,1031907.0
1,226,-1500.0,1043972.0
1,227,-2600.0,1066034.5
1,228,-2600.0,1066094.5
1,229,-1900.0,1052163.5
1,230,-2200.0,1058241.0
1,231,-1700.0,1048298.5
1,232,-1000.0,1034351.0
1,233,-800.0,1030396.0
1,234,-600.0,1026441.0
1,235,-600.0,1026521.0
1,236,-900.0,1032588.5
1,237,-500.0,1024653.5
1,238,-1200.0,1038716.0
1,239,-1100.0,1036788.5
1,240,-1600.0,1046846.0
1,241,-2100.0,1056918.5
1,242,-2100.0,1056968.5
1,243,-2500.0,1065053.5
1,244,-2800.0,1071101.0
1,245,-1900.0,1053153.5
1,246,-1200.0,1039226.0
1,247,-1500.0,1045268.5
1,248,-1600.0,1047306.0
1,249,-1500.0,1045363.5
1,250,-2200.0,1059411.0
1,251,-2100.0,1057448.5
1,252,-1500.0,1045493.5
2,0,10000.0,800000.0
2,1,8700.0,826054.5
2,2,8300.0,834122.5
2,3,7800.0,844177.5
2,4,7100.0,858246.5
2,5,6400.0,872295.5
2,6,4700.0,906354.5
2,7,3700.0,926424.5
2,8,2600.0,948491.5
2,9,1500.0,970563.5
2,10,1500.0,970598.5
2,11,1200.0,976651.0
2,12,1700.0,966713.5
2,13,1200.0,976766.0
2,14,1800.0,964811.0
2,15,2200.0,956881.0
2,16,2500.0,950917.5
2,17,1900.0,962979.5
2,18,2000.0,961052.0
2,19,2000.0,961127.0
2,20,2000.0,961192.0
2,21,1900.0,963259.5
2,22,1700.0,967324.5
2,23,1700.0,967384.5
2,24,1300.0,975424.5
2,25,1700.0,967474.5
2,26,1200.0,977537.0
2,27,2100.0,959594.5
2,28,1800.0,965668.0
2,29,1900.0,963740.5
2,30,2700.0,947805.5
2,31,2300.0,955853.5
2,32,1400.0,973909.0
2,33,800.0,985989.0
2,34,1300.0,976061.5
2,35,1200.0,978119.0
2,36,1600.0,970179.0
2,37,2000.0,962214.0
2,38,2900.0,944311.5
2,39,2500.0,952374.5
2,40,2300.0,956428.5
2,41,3100.0,940496.5
2,42,3100.0,940571.5
2,43,2500.0,952613.5
2,44,1600.0,970661.5
2,45,1200.0,978731.5
2,46,1200.0,978776.5
2,47,800.0,986831.5
2,48,200.0,998871.5
2,49,300.0,996924.0
2,50,800.0,987001.5
2,51,400.0,995051.5
2,52,500.0,993109.0
2,53,1000.0,983186.5
2,54,1300.0,977264.0
2,55,1200.0,979316.5
2,56,1300.0,977369.0
2,57,900.0,985424.0
2,58,500.0,993464.0
2,59,400.0,995521.5
2,60,500.0,993589.0
2,61,1100.0,981639.0
2,62,500.0,993714.0
2,63,1100.0,981784.0
2,64,600.0,991846.5
2,65,400.0,995916.5
2,66,300.0,997984.0
2,67,200.0,1000046.5
2,68,400.0,996151.5
2,69,400.0,996221.5
2,70,-200.0,1008286.5
2,71,300.0,998364.0
2,72,700.0,990404.0
2,73,1200.0,980476.5
2,74,800.0,988531.5
2,75,500.0,994604.0
2,76,-100.0,1006654.0
2,77,200.0,1000731.5
2,78,600.0,992811.5
2,79,800.0,988871.5
2,80,1100.0,982919.0
2,81,1600.0,972996.5
2,82,1300.0,979054.0
2,83,1500.0,975124.0
2,84,1900.0,967214.0
2,85,2300.0,959279.0
2,86,2000.0,965319.5
2,87,1700.0,971387.0
2,88,1300.0,979442.0
2,89,800.0,989494.5
2,90,700.0,991567.0
2,91,600.0,993629.5
2,92,400.0,997689.5
2,93,1100.0,983742.0
2,94,900.0,987807.0
2,95,400.0,997859.5
2,96,900.0,987897.0
2,97,1200.0,981959.5
2,98,1200.0,982014.5
2,99,1300.0,980072.0
2,100,1100.0,984147.0
2,101,1800.0,970204.5
2,102,1300.0,980272.0
2,103,2500.0,956347.0
2,104,1300.0,980416.0
2,105,100.0,1004476.0
2,106,400.0,998538.5
2,107,600.0,994598.5
2,108,1600.0,974678.5
2,109,2000.0,966743.5
2,110,2200.0,962813.5
2,111,1900.0,968854.0
2,112,2700.0,952919.0
2,113,2800.0,950977.0
2,114,2900.0,949035.0
2,115,3400.0,939095.0
2,116,2800.0,951152.0
2,117,2200.0,963184.0
2,118,2500.0,957259.0
2,119,2000.0,967289.0
2,120,1000.0,987349.0
2,121,600.0,995404.0
2,122,800.0,991459.0
2,123,1000.0,987514.0
2,124,1000.0,987579.0
2,125,1400.0,979644.0
2,126,1900.0,969701.5
2,127,2000.0,967764.0
2,128,1600.0,975824.0
2,129,1000.0,987884.0
2,130,1500.0,977951.5
2,131,1500.0,978011.5
2,132,1100.0,986066.5
2,133,1700.0,974141.5
2,134,1000.0,988224.0
2,135,1500.0,978271.5
2,136,1800.0,972344.0
2,137,2100.0,966406.5
2,138,2900.0,950491.0
2,139,1900.0,970566.0
2,140,2000.0,968643.5
2,141,1500.0,978716.0
2,142,1400.0,980778.5
2,143,1600.0,976838.5
2,144,2600.0,956958.5
2,145,2300.0,963009.5
2,146,2200.0,965067.0
2,147,1000.0,989141.0
2,148,700.0,995198.5
2,149,1200.0,985276.0
2,150,1200.0,985356.0
2,151,1500.0,979398.5
2,152,1300.0,983448.5
2,153,2400.0,961521.0
2,154,3300.0,943592.0
2,155,3300.0,943652.0
2,156,2900.0,951705.0
2,157,2500.0,959748.0
2,158,1300.0,983807.0
2,159,1900.0,971862.0
2,160,1500.0,979912.0
2,161,700.0,995987.0
2,162,700.0,996047.0
2,163,1100.0,988127.0
2,164,1100.0,988187.0
2,165,800.0,994244.5
2,166,900.0,992312.0
2,167,300.0,1004372.0
2,168,100.0,1008457.0
2,169,-600.0,1022534.5
2,170,-1000.0,1030609.5
2,171,-1500.0,1040677.0
2,172,-2300.0,1056747.0
2,173,-2200.0,1054804.5
2,174,-1800.0,1046864.0
2,175,-1800.0,1046924.0
2,176,-2300.0,1056991.5
2,177,-2900.0,1069037.0
2,178,-2000.0,1051095.0
2,179,-2100.0,1053177.5
2,180,-1800.0,1047229.0
2,181,-800.0,1027289.0
2,182,-500.0,1021346.5
2,183,-400.0,1019404.0
2,184,-1000.0,1031469.0
2,185,-1600.0,1043529.0
2,186,-1900.0,1049586.5
2,187,-1600.0,1043649.0
2,188,-2000.0,1051719.0
2,189,-1500.0,1041766.5
2,190,-1800.0,1047824.0
2,191,-1600.0,1043904.0
2,192,-1600.0,1043964.0
2,193,-1500.0,1042031.5
2,194,-1600.0,1044079.0
2,195,-2300.0,1058151.5
2,196,-1800.0,1048224.5
2,197,-1600.0,1044299.5
2,198,-2000.0,1052359.5
2,199,-1500.0,1042452.0
2,200,-1800.0,1048509.5
2,201,-1800.0,1048559.5
2,202,-1900.0,1050622.0
2,203,-1400.0,1040704.5
2,204,-1100.0,1034767.0
2,205,-300.0,1018827.0
2,206,0.0,1012899.5
2,207,200.0,1008979.5
2,208,200.0,1009039.5
2,209,400.0,1005089.5
2,210,600.0,1001174.5
2,211,100.0,1011232.0
2,212,-700.0,1027287.0
2,213,-1400.0,1041344.5
2,214,-1400.0,1041424.5
2,215,-2100.0,1055482.0
2,216,-2500.0,1063549.0
2,217,-3200.0,1077595.0
2,218,-3300.0,1079648.0
2,219,-2900.0,1071701.0
2,220,-2700.0,1067770.0
2,221,-2900.0,1071836.0
2,222,-2500.0,1063894.0
2,223,-1500.0,1043929.0
2,224,-1600.0,1046006.5
2,225,-2700.0,1068069.0
2,226,-2400.0,1062120.0
2,227,-2600.0,1066175.5
2,228,-2300.0,1060251.5
2,229,-1500.0,1044299.0
2,230,-1500.0,1044374.0
2,231,-1300.0,1040439.0
2,232,-900.0,1032504.0
2,233,-500.0,1024574.0
2,234,-200.0,1018621.5
2,235,300.0,1008664.0
2,236,900.0,996709.0
2,237,1200.0,990776.5
2,238,2000.0,974836.5
2,239,1700.0,980894.0
2,240,1400.0,986936.5
2,241,1200.0,990996.5
2,242,1500.0,985069.0
2,243,1400.0,987136.5
2,244,1800.0,979206.5
2,245,2000.0,975271.5
2,246,2400.0,967346.5
2,247,2300.0,969404.0
2,248,2500.0,965464.0
2,249,2400.0,967516.5
2,250,2500.0,965584.0
2,251,3200.0,951651.5
2,252,3400.0,947711.5
3,0,10000.0,800000.0
3,1,9300.0,814065.5
3,2,7300.0,854115.5
3,3,6000.0,880171.5
3,4,5800.0,884245.5
3,5,5000.0,900321.5
3,6,3700.0,926372.5
3,7,3600.0,928439.5
3,8,3000.0,940516.5
3,9,2900.0,942573.5
3,10,2300.0,954630.5
3,11,2600.0,948689.0
3,12,1700.0,966737.0
3,13,2100.0,958782.0
3,14,1900.0,962847.5
3,15,1700.0,966917.5
3,16,1400.0,972995.0
3,17,2000.0,961045.0
3,18,1700.0,967107.5
3,19,1700.0,967162.5
3,20,1500.0,971237.5
3,21,1300.0,975302.5
3,22,800.0,985365.0
3,23,800.0,985450.0
3,24,2400.0,953530.0
3,25,2000.0,961606.0
3,26,1100.0,979678.5
3,27,1300.0,975738.5
3,28,1200.0,977801.0
3,29,1900.0,963858.5
3,30,2100.0,959898.5
3,31,2500.0,951943.5
3,32,1800.0,966022.5
3,33,2900.0,944080.0
3,34,2100.0,960126.0
3,35,1700.0,968185.5
3,36,1600.0,970258.0
3,37,2100.0,960315.5
3,38,1700.0,968364.0
3,39,1300.0,976424.0
3,40,800.0,986501.5
3,41,300.0,996574.0
3,42,-300.0,1008654.0
3,43,-300.0,1008704.0
3,44,-100.0,1004759.0
3,45,0.0,1002826.5
3,46,300.0,996874.0
3,47,600.0,990921.5
3,48,300.0,996989.0
3,49,0.0,1003036.5
3,50,500.0,993099.0
3,51,800.0,987176.5
3,52,500.0,993259.0
3,53,600.0,991321.5
3,54,700.0,989399.0
3,55,800.0,987461.5
3,56,1100.0,981524.0
3,57,1900.0,965599.0
3,58,1700.0,969664.0
3,59,2000.0,963706.5
3,60,2200.0,959761.5
3,61,2200.0,959816.5
3,62,1500.0,973889.0
3,63,2000.0,963951.5
3,64,2000.0,964006.5
3,65,2200.0,960096.5
3,66,1300.0,978146.5
3,67,900.0,986226.5
3,68,200.0,1000289.0
3,69,500.0,994351.5
3,70,1200.0,980399.0
3,71,1200.0,980454.0
3,72,1500.0,974526.5
3,73,1200.0,980599.0
3,74,1000.0,984659.0
3,75,800.0,988714.0
3,76,900.0,986766.5
3,77,1400.0,976814.0
3,78,2100.0,962876.5
3,79,2500.0,954954.5
3,80,1800.0,969013.5
3,81,1700.0,971081.0
3,82,2100.0,963131.0
3,83,2300.0,959197.5
3,84,2300.0,959269.0
3,85,3300.0,939332.0
3,86,2800.0,949387.0
3,87,2600.0,953441.0
3,88,1900.0,967510.0
3,89,2300.0,959580.0
3,90,2100.0,963640.0
3,91,1500.0,975721.0
3,92,1600.0,973793.5
3,93,1400.0,977848.5
3,94,700.0,991911.0
3,95,800.0,989973.5
3,96,1300.0,980031.0
3,97,1700.0,972111.0
3,98,1700.0,972161.0
3,99,1100.0,984216.0
3,100,1100.0,984266.0
3,101,1400.0,978338.5
3,102,400.0,998393.5
3,103,200.0,1002463.5
3,104,-700.0,1020536.0
3,105,-800.0,1022573.5
3,106,-1300.0,1032631.0
3,107,-1500.0,1036696.0
3,108,-1400.0,1034748.5
3,109,-1400.0,1034808.5
3,110,-1900.0,1044871.0
3,111,-1500.0,1036931.0
3,112,-1800.0,1042998.5
3,113,-800.0,1023083.5
3,114,-1000.0,1027133.5
3,115,-800.0,1023173.5
3,116,-1400.0,1035228.5
3,117,-1700.0,1041296.0
3,118,-1800.0,1043363.5
3,119,-1300.0,1033421.0
3,120,-1800.0,1043498.5
3,121,-1700.0,1041546.0
3,122,-2000.0,1047613.5
3,123,-1800.0,1043688.5
3,124,-1500.0,1037746.0
3,125,-1900.0,1045811.0
3,126,-1200.0,1031873.5
3,127,-800.0,1023948.5
3,128,-1000.0,1027993.5
3,129,-500.0,1018051.0
3,130,100.0,1006111.0
3,131,200.0,1004168.5
3,132,-100.0,1010236.0
3,133,200.0,1004293.5
3,134,-300.0,1014371.0
3,135,200.0,1004428.5
3,136,-200.0,1012498.5
3,137,200.0,1004573.5
3,138,300.0,1002626.0
3,139,300.0,1002681.0
3,140,1200.0,984743.5
3,141,1200.0,984798.5
3,142,1100.0,986856.0
3,143,1600.0,976928.5
3,144,1200.0,984993.5
3,145,1900.0,971061.0
3,146,2000.0,969098.5
3,147,1700.0,975166.0
3,148,1700.0,975226.0
3,149,2000.0,969318.5
3,150,2500.0,959371.0
3,151,1200.0,985412.0
3,152,900.0,991489.5
3,153,500.0,999534.5
3,154,800.0,993617.0
3,155,400.0,1001672.0
3,156,200.0,1005737.0
3,157,100.0,1007784.5
3,158,-100.0,1011849.5
3,159,-100.0,1011904.5
3,160,-400.0,1017972.0
3,161,-700.0,1024049.5
3,162,-700.0,1024119.5
3,163,-700.0,1024169.5
3,164,-400.0,1018227.0
3,165,-200.0,1014307.0
3,166,400.0,1002367.0
3,167,100.0,1008414.5
3,168,400.0,1002497.0
3,169,-100.0,1012569.5
3,170,-1000.0,1030647.0
3,171,-800.0,1026717.0
3,172,-1400.0,1038787.0
3,173,-1500.0,1040839.5
3,174,-800.0,1026932.0
3,175,-1200.0,1034997.0
3,176,-1600.0,1043067.0
3,177,-1600.0,1043132.0
3,178,-2100.0,1053209.5
3,179,-1300.0,1037279.0
3,180,100.0,1009364.0
3,181,300.0,1005429.0
3,182,800.0,995481.5
3,183,1000.0,991571.5
3,184,900.0,993654.0
3,185,1700.0,977704.0
3,186,1800.0,975766.5
3,187,2200.0,967826.5
3,188,1100.0,989909.0
3,189,700.0,997999.0
3,190,600.0,1000056.5
3,191,1200.0,988131.5
3,192,1000.0,992191.5
3,193,500.0,1002264.0
3,194,100.0,1010309.0
3,195,200.0,1008371.5
3,196,200.0,1008416.5
3,197,300.0,1006479.0
3,198,400.0,1004541.5
3,199,900.0,994604.0
3,200,800.0,996661.5
3,201,200.0,1008731.5
3,202,0.0,1012791.5
3,203,-1100.0,1034879.0
3,204,-1000.0,1032931.5
3,205,-500.0,1022984.0
3,206,-900.0,1031044.0
3,207,-800.0,1029106.5
3,208,-1100.0,1035149.0
3,209,-400.0,1021216.5
3,210,-300.0,1019284.0
3,211,-700.0,1027354.0
3,212,-1000.0,1033401.5
3,213,-1700.0,1047464.0
3,214,-1400.0,1041521.5
3,215,-700.0,1027594.0
3,216,100.0,1011674.0
3,217,700.0,999764.0
3,218,500.0,1003819.0
3,219,400.0,1005876.5
3,220,100.0,1011949.0
3,221,300.0,1008024.0
3,222,200.0,1010076.5
3,223,300.0,1008139.0
3,224,600.0,1002206.5
3,225,800.0,998266.5
3,226,1600.0,982336.5
3,227,1400.0,986391.5
3,228,1300.0,988474.0
3,229,900.0,996539.0
3,230,700.0,1000594.0
3,231,0.0,1014661.5
3,232,0.0,1014716.5
3,233,200.0,1010771.5
3,234,300.0,1008829.0
3,235,200.0,1010896.5
3,236,500.0,1004954.0
3,237,100.0,1013019.0
3,238,500.0,1005084.0
3,239,-300.0,1021139.0
3,240,-500.0,1025209.0
3,241,-400.0,1023271.5
3,242,-100.0,1017339.0
3,243,-900.0,1033394.0
3,244,-600.0,1027466.5
3,245,-600.0,1027506.5
3,246,-1100.0,1037554.0
3,247,-1600.0,1047621.5
3,248,-2000.0,1055686.5
3,249,-2100.0,1057754.0
3,250,-2600.0,1067816.5
3,251,-2900.0,1073854.0
3,252,-3200.0,1079926.5
4,0,10000.0,800000.0
4,1,9200.0,816042.0
4,2,8300.0,834090.5
4,3,8300.0,834135.5
4,4,7400.0,852183.5
4,5,7200.0,856242.5
4,6,6400.0,872303.5
4,7,6500.0,870386.5
4,8,5700.0,886452.5
4,9,5300.0,894520.5
4,10,4800.0,904585.5
4,11,3400.0,932643.5
4,12,2200.0,956717.5
4,13,1500.0,970773.5
4,14,700.0,986823.5
4,15,900.0,982878.5
4,16,-200.0,1004941.0
4,17,-100.0,1003028.5
4,18,-900.0,1019093.5
4,19,-800.0,1017161.0
4,20,-1500.0,1031208.5
4,21,-900.0,1019303.5
4,22,-300.0,1007373.5
4,23,400.0,993436.0
4,24,-200.0,1005491.0
4,25,100.0,999563.5
4,26,-800.0,1017621.0
4,27,-1200.0,1025701.0
4,28,-600.0,1013786.0
4,29,-900.0,1019838.5
4,30,-600.0,1013906.0
4,31,-700.0,1015963.5
4,32,-900.0,1020038.5
4,33,-1200.0,1026101.0
4,34,-900.0,1020128.5
4,35,-2200.0,1046201.0
4,36,-2300.0,1048242.5
4,37,-1400.0,1030309.0
4,38,-1300.0,1028376.5
4,39,-300.0,1008421.5
4,40,-1100.0,1024471.5
4,41,-500.0,1012536.5
4,42,-800.0,1018604.0
4,43,0.0,1002659.0
4,44,-400.0,1010709.0
4,45,-200.0,1006784.0
4,46,0.0,1002869.0
4,47,-400.0,1010939.0
4,48,-400.0,1011004.0
4,49,0.0,1003074.0
4,50,-200.0,1007129.0
4,51,-200.0,1007194.0
4,52,-200.0,1007249.0
4,53,0.0,1003299.0
4,54,-600.0,1015364.0
4,55,-1000.0,1023414.0
4,56,-1500.0,1033501.5
4,57,-1200.0,1027584.0
4,58,-700.0,1017651.5
4,59,-1100.0,1025711.5
4,60,-500.0,1013791.5
4,61,0.0,1003874.0
4,62,300.0,997931.5
4,63,900.0,985976.5
4,64,1500.0,974056.5
4,65,1800.0,968119.0
4,66,1800.0,968204.0
4,67,1400.0,976249.0
4,68,1500.0,974296.5
4,69,1800.0,968374.0
4,70,800.0,988429.0
4,71,-100.0,1006491.5
4,72,100.0,1002536.5
4,73,-500.0,1014596.5
4,74,0.0,1004649.0
4,75,-600.0,1016719.0
4,76,-1000.0,1024799.0
4,77,-700.0,1018866.5
4,78,-1600.0,1036939.0
4,79,-1500.0,1034981.5
4,80,-1300.0,1031036.5
4,81,-200.0,1009129.0
4,82,400.0,997189.0
4,83,100.0,1003261.5
4,84,300.0,999321.5
4,85,400.0,997374.0
4,86,-200.0,1009429.0
4,87,-600.0,1017514.0
4,88,-500.0,1015561.5
4,89,-300.0,1011631.5
4,90,200.0,1001674.0
4,91,600.0,993749.0
4,92,300.0,999801.5
4,93,700.0,991861.5
4,94,600.0,993929.0
4,95,200.0,1001979.0
4,96,300.0,1000056.5
4,97,0.0,1006124.0
4,98,600.0,994154.0
4,99,1200.0,982229.0
4,100,2300.0,960301.5
4,101,1700.0,972366.0
4,102,700.0,992416.0
4,103,1500.0,976481.0
4,104,1300.0,980546.0
4,105,1000.0,986598.5
4,106,800.0,990648.5
4,107,400.0,998683.5
4,108,1000.0,986748.5
4,109,1100.0,984801.0
4,110,800.0,990863.5
4,111,200.0,1002943.5
4,112,1000.0,986988.5
4,113,800.0,991058.5
4,114,1100.0,985121.0
4,115,1100.0,985181.0
4,116,1500.0,977226.0
4,117,1500.0,977296.0
4,118,1400.0,979358.5
4,119,2300.0,961426.0
4,120,2000.0,967455.5
4,121,1900.0,969523.0
4,122,1800.0,971575.5
4,123,2000.0,967645.5
4,124,2100.0,965708.0
4,125,1700.0,973756.5
4,126,1300.0,981801.5
4,127,1800.0,971869.0
4,128,600.0,995949.0
4,129,-100.0,1010026.5
4,130,100.0,1006081.5
4,131,-300.0,1014146.5
4,132,-200.0,1012214.0
4,133,300.0,1002281.5
4,134,-400.0,1016329.0
4,135,-1400.0,1036414.0
4,136,-1200.0,1032479.0
4,137,-1100.0,1030541.5
4,138,-700.0,1022591.5
4,139,-1600.0,1040659.0
4,140,-1800.0,1044724.0
4,141,-2300.0,1054766.5
4,142,-2200.0,1052824.0
4,143,-1800.0,1044867.0
4,144,-1900.0,1046939.5
4,145,-1200.0,1033002.0
4,146,-900.0,1027054.5
4,147,-600.0,1021137.0
4,148,-600.0,1021207.0
4,149,-100.0,1011269.5
4,150,400.0,1001332.0
4,151,700.0,995394.5
4,152,1500.0,979469.5
4,153,1300.0,983544.5
4,154,1800.0,973587.0
4,155,1800.0,973647.0
4,156,1600.0,977702.0
4,157,2200.0,965757.0
4,158,1700.0,975808.0
4,159,1200.0,985865.5
4,160,300.0,1003933.0
4,161,300.0,1004008.0
4,162,800.0,994085.5
4,163,400.0,1002185.5
4,164,300.0,1004253.0
4,165,0.0,1010330.5
4,166,-500.0,1020398.0
4,167,-300.0,1016438.0
4,168,-700.0,1024488.0
4,169,-300.0,1016548.0
4,170,-500.0,1020608.0
4,171,-700.0,1024658.0
4,172,-200.0,1014725.5
4,173,800.0,994785.5
4,174,1300.0,984823.0
4,175,1800.0,974865.5
4,176,1600.0,978925.5
4,177,900.0,992998.0
4,178,400.0,1003080.5
4,179,900.0,993163.0
4,180,1100.0,989208.0
4,181,400.0,1003260.5
4,182,500.0,1001308.0
4,183,1200.0,987380.5
4,184,900.0,993438.0
4,185,1200.0,987520.5
4,186,1500.0,981573.0
4,187,1300.0,985623.0
4,188,1900.0,973708.0
4,189,2100.0,969753.0
4,190,1900.0,973791.0
4,191,2300.0,965831.0
4,192,1800.0,975882.0
4,193,2300.0,965939.5
4,194,1500.0,982003.5
4,195,1200.0,988056.0
4,196,900.0,994118.5
4,197,700.0,998178.5
4,198,200.0,1008231.0
4,199,400.0,1004291.0
4,200,300.0,1006343.5
4,201,800.0,996406.0
4,202,500.0,1002463.5
4,203,100.0,1010503.5
4,204,300.0,1006563.5
4,205,300.0,1006608.5
4,206,200.0,1008671.0
4,207,900.0,994753.5
4,208,2200.0,968836.0
4,209,2700.0,958884.0
4,210,1900.0,974935.0
4,211,2300.0,966980.0
4,212,3200.0,949056.5
4,213,2100.0,971118.5
4,214,2000.0,973192.5
4,215,2500.0,963245.0
4,216,1800.0,977314.0
4,217,1500.0,983366.5
4,218,900.0,995441.5
4,219,800.0,997504.0
4,220,400.0,1005559.0
4,221,700.0,999641.5
4,222,400.0,1005699.0
4,223,300.0,1007761.5
4,224,100.0,1011826.5
4,225,-900.0,1031886.5
4,226,-1600.0,1045939.0
4,227,-2100.0,1056006.5
4,228,-2100.0,1056061.5
4,229,-1700.0,1048116.5
4,230,-1900.0,1052196.5
4,231,-1200.0,1038254.0
4,232,-700.0,1028316.5
4,233,-900.0,1032371.5
4,234,-600.0,1026434.0
4,235,-1100.0,1036526.5
4,236,-600.0,1026614.0
4,237,-500.0,1024646.5
4,238,-700.0,1028706.5
4,239,-900.0,1032766.5
4,240,-400.0,1022824.0
4,241,200.0,1010904.0
4,242,-400.0,1022974.0
4,243,-300.0,1021026.5
4,244,300.0,1009081.5
4,245,-300.0,1021171.5
4,246,-400.0,1023244.0
4,247,-200.0,1019324.0
4,248,400.0,1007369.0
4,249,400.0,1007414.0
4,250,600.0,1003489.0
4,251,1200.0,991534.0
4,252,1200.0,991594.0
5,0,10000.0,800000.0
5,1,8900.0,822051.5
5,2,8600.0,828107.0
5,3,9000.0,820164.0
5,4,7800.0,844221.0
5,5,7400.0,852274.0
5,6,7200.0,856348.0
5,7,6500.0,870412.0
5,8,5800.0,884481.0
5,9,5400.0,892549.0
5,10,4400.0,912604.0
5,11,4600.0,908690.0
5,12,4000.0,920747.0
5,13,2900.0,942799.0
5,14,3100.0,938855.0
5,15,2100.0,958925.0
5,16,3000.0,940985.0
5,17,1800.0,965059.0
5,18,1900.0,963121.5
5,19,2200.0,957189.0
5,20,1200.0,977269.0
5,21,900.0,983321.5
5,22,800.0,985369.0
5,23,1800.0,965434.0
5,24,1500.0,971471.5
5,25,1400.0,973544.0
5,26,2300.0,955606.5
5,27,1900.0,963677.0
5,28,1500.0,971747.0
5,29,1400.0,973809.5
5,30,2200.0,957839.5
5,31,1800.0,965893.5
5,32,1800.0,965953.5
5,33,2500.0,952021.0
5,34,2700.0,948067.0
5,35,3200.0,938127.0
5,36,2800.0,946185.0
5,37,2000.0,962261.0
5,38,2300.0,956328.5
5,39,2300.0,956389.0
5,40,2000.0,962429.5
5,41,1100.0,980507.0
5,42,600.0,990594.5
5,43,600.0,990639.5
5,44,600.0,990709.5
5,45,800.0,986789.5
5,46,1000.0,982839.5
5,47,1100.0,980947.0
5,48,1900.0,965012.0
5,49,1500.0,973087.0
5,50,1300.0,977142.0
5,51,900.0,985187.0
5,52,500.0,993232.0
5,53,800.0,987289.5
5,54,400.0,995334.5
5,55,600.0,991374.5
5,56,500.0,993417.0
5,57,200.0,999469.5
5,58,100.0,1001522.0
5,59,100.0,1001582.0
5,60,-800.0,1019649.5
5,61,-800.0,1019724.5
5,62,-400.0,1011784.5
5,63,-100.0,1005867.0
5,64,-700.0,1017907.0
5,65,-1200.0,1027984.5
5,66,-500.0,1014037.0
5,67,-500.0,1014102.0
5,68,-900.0,1022152.0
5,69,-400.0,1012199.5
5,70,-300.0,1010247.0
5,71,-300.0,1010317.0
5,72,-200.0,1008384.5
5,73,-200.0,1008449.5
5,74,200.0,1000489.5
5,75,-800.0,1020544.5
5,76,-700.0,1018587.0
5,77,-600.0,1016649.5
5,78,-600.0,1016709.5
5,79,-500.0,1014782.0
5,80,-500.0,1014847.0
5,81,-1400.0,1032899.5
5,82,-1200.0,1028944.5
5,83,-1000.0,1025009.5
5,84,-1900.0,1043087.0
5,85,-1300.0,1031152.0
5,86,-200.0,1009224.5
5,87,100.0,1003287.0
5,88,0.0,1005339.5
5,89,-100.0,1007392.0
5,90,-400.0,1013479.5
5,91,-700.0,1019547.0
5,92,-700.0,1019592.0
5,93,-900.0,1023672.0
5,94,-800.0,1021744.5
5,95,-1000.0,1025819.5
5,96,-600.0,1017894.5
5,97,-1400.0,1033939.5
5,98,-1300.0,1031997.0
5,99,-1300.0,1032082.0
5,100,-1700.0,1040132.0
5,101,-1700.0,1040202.0
5,102,-2200.0,1050269.5
5,103,-1600.0,1038328.5
5,104,-1800.0,1042388.5
5,105,-2100.0,1048461.0
5,106,-900.0,1024529.5
5,107,-700.0,1020594.5
5,108,200.0,1002662.0
5,109,800.0,990732.0
5,110,700.0,992769.5
5,111,600.0,994832.0
5,112,400.0,998882.0
5,113,-400.0,1014952.0
5,114,-400.0,1015002.0
5,115,-400.0,1015057.0
5,116,100.0,1005124.5
5,117,100.0,1005179.5
5,118,200.0,1003272.0
5,119,500.0,997334.5
5,120,400.0,999387.0
5,121,400.0,999442.0
5,122,900.0,989509.5
5,123,600.0,995567.0
5,124,0.0,1007622.0
5,125,0.0,1007677.0
5,126,-200.0,1011732.0
5,127,-600.0,1019797.0
5,128,-200.0,1011857.0
5,129,1100.0,985924.5
5,130,2000.0,968017.0
5,131,1800.0,972062.0
5,132,1800.0,972122.0
5,133,1300.0,982189.5
5,134,1600.0,976242.0
5,135,800.0,992317.0
5,136,1300.0,982349.5
5,137,1600.0,976422.0
5,138,1100.0,986469.5
5,139,800.0,992542.0
5,140,1400.0,980622.0
5,141,1300.0,982689.5
5,142,1600.0,976747.0
5,143,1900.0,970769.5
5,144,1900.0,970829.5
5,145,1500.0,978874.5
5,146,900.0,990929.5
5,147,0.0,1008987.0
5,148,-200.0,1013067.0
5,149,100.0,1007129.5
5,150,-600.0,1021192.0
5,151,-1000.0,1029227.0
5,152,-1500.0,1039284.5
5,153,-1500.0,1039354.5
5,154,-1900.0,1047394.5
5,155,-2200.0,1053452.0
5,156,-1800.0,1045495.0
5,157,-1100.0,1031562.5
5,158,-1200.0,1033630.0
5,159,-900.0,1027712.5
5,160,-800.0,1025755.0
5,161,-700.0,1023817.5
5,162,0.0,1009875.0
5,163,-800.0,1025945.0
5,164,-900.0,1028007.5
5,165,-100.0,1012067.5
5,166,200.0,1006145.0
5,167,1100.0,988242.5
5,168,400.0,1002340.0
5,169,-900.0,1028412.5
5,170,-700.0,1024472.5
5,171,-700.0,1024537.5
5,172,-400.0,1018595.0
5,173,0.0,1010635.0
5,174,100.0,1008692.5
5,175,-600.0,1022745.0
5,176,-700.0,1024797.5
5,177,-500.0,1020857.5
5,178,-900.0,1028892.5
5,179,-1600.0,1042970.0
5,180,-2000.0,1051045.0
5,181,-1900.0,1049112.5
5,182,-1700.0,1045177.5
5,183,-1400.0,1039250.0
5,184,-1500.0,1041292.5
5,185,-1300.0,1037357.5
5,186,-1000.0,1031435.0
5,187,-1200.0,1035510.0
5,188,-900.0,1029577.5
5,189,-1000.0,1031645.0
5,190,-700.0,1025737.5
5,191,-1200.0,1035815.0
5,192,-1400.0,1039885.0
5,193,-700.0,1025937.5
5,194,-1000.0,1031995.0
5,195,-1200.0,1036050.0
5,196,-1800.0,1048115.0
5,197,-1800.0,1048175.0
5,198,-1500.0,1042232.5
5,199,-1800.0,1048300.0
5,200,-800.0,1028380.0
5,201,-1600.0,1044465.0
5,202,-1000.0,1032520.0
5,203,-1000.0,1032580.0
5,204,300.0,1006652.5
5,205,1000.0,992730.0
5,206,1300.0,986802.5
5,207,1200.0,988860.0
5,208,1100.0,990927.5
5,209,300.0,1006977.5
5,210,-200.0,1017045.0
5,211,-200.0,1017100.0
5,212,100.0,1011152.5
5,213,100.0,1011212.5
5,214,-700.0,1027292.5
5,215,-1200.0,1037370.0
5,216,-1800.0,1049425.0
5,217,-2400.0,1061485.0
5,218,-1700.0,1047546.5
5,219,-2300.0,1059606.5
5,220,-1800.0,1049657.5
5,221,-1500.0,1043720.0
5,222,-1000.0,1033757.5
5,223,-900.0,1031810.0
5,224,-500.0,1023875.0
5,225,100.0,1011965.0
5,226,-1200.0,1038037.5
5,227,-1200.0,1038102.5
5,228,-1400.0,1042152.5
5,229,-1400.0,1042202.5
5,230,-1200.0,1038292.5
5,231,-1900.0,1052365.0
5,232,-1700.0,1048430.0
5,233,-2300.0,1060485.0
5,234,-1900.0,1052530.0
5,235,-2100.0,1056575.0
5,236,-2400.0,1062622.5
5,237,-3000.0,1074687.5
5,238,-2500.0,1064733.0
5,239,-2200.0,1058805.5
5,240,-1800.0,1050870.5
5,241,-1100.0,1036923.0
5,242,-300.0,1020983.0
5,243,-200.0,1019060.5
5,244,-100.0,1017123.0
5,245,-400.0,1023200.5
5,246,100.0,1013278.0
5,247,300.0,1009348.0
5,248,1000.0,995390.5
5,249,500.0,1005453.0
5,250,400.0,1007515.5
5,251,-100.0,1017588.0
5,252,1200.0,991625.5
6,0,10000.0,800000.0
6,1,8200.0,836052.0
6,2,8300.0,834135.0
6,3,8200.0,836187.0
6,4,6800.0,864245.0
6,5,7300.0,854300.0
6,6,7000.0,860351.0
6,7,6800.0,864425.0
6,8,6800.0,864470.0
6,9,5600.0,888519.0
6,10,6000.0,880591.0
6,11,4800.0,904645.0
6,12,4800.0,904695.0
6,13,4400.0,912738.0
6,14,5500.0,890816.0
6,15,5000.0,900876.0
6,16,3400.0,932953.0
6,17,2800.0,944995.0
6,18,2200.0,957027.0
6,19,1800.0,965086.5
6,20,2300.0,955164.0
6,21,1900.0,963218.0
6,22,1400.0,973285.5
6,23,1000.0,981360.5
6,24,1100.0,979428.0
6,25,500.0,991498.0
6,26,900.0,983578.0
6,27,400.0,993660.5
6,28,300.0,995713.0
6,29,300.0,995793.0
6,30,100.0,999848.0
6,31,-200.0,1005900.5
6,32,200.0,997940.5
6,33,500.0,992013.0
6,34,700.0,988083.0
6,35,1000.0,982155.5
6,36,1300.0,976223.0
6,37,1500.0,972293.0
6,38,1900.0,964358.0
6,39,1400.0,974395.5
6,40,2100.0,960453.0
6,41,1800.0,966510.0
6,42,1300.0,976582.5
6,43,1200.0,978640.0
6,44,1600.0,970705.0
6,45,1600.0,970760.0
6,46,700.0,988817.5
6,47,100.0,1000872.5
6,48,-200.0,1006915.0
6,49,-1300.0,1029002.5
6,50,-1600.0,1035075.0
6,51,-2200.0,1047130.0
6,52,-2100.0,1045182.0
6,53,-2100.0,1045226.0
6,54,-1800.0,1039299.5
6,55,-2300.0,1049362.0
6,56,-2500.0,1053428.5
6,57,-1100.0,1025491.5
6,58,-300.0,1009566.5
6,59,-100.0,1005636.5
6,60,300.0,997676.5
6,61,400.0,995759.0
6,62,1000.0,983839.0
6,63,400.0,995889.0
6,64,700.0,989946.5
6,65,800.0,988024.0
6,66,1300.0,978086.5
6,67,700.0,990141.5
6,68,1100.0,982196.5
6,69,1800.0,968254.0
6,70,1900.0,966321.5
6,71,1800.0,968394.0
6,72,1500.0,974451.5
6,73,1700.0,970516.5
6,74,1800.0,968584.0
6,75,2000.0,964659.0
6,76,2400.0,956719.0
6,77,3000.0,944775.5
6,78,2500.0,954830.5
6,79,2100.0,962913.5
6,80,1500.0,974972.5
6,81,2200.0,961050.0
6,82,2200.0,961116.0
6,83,2100.0,963168.0
6,84,1400.0,977251.5
6,85,1900.0,967324.0
6,86,1300.0,979384.0
6,87,1500.0,975429.0
6,88,2100.0,963484.0
6,89,1700.0,971543.5
6,90,1500.0,975588.5
6,91,1500.0,975628.5
6,92,1900.0,967683.5
6,93,1400.0,977756.0
6,94,1100.0,983828.5
6,95,500.0,995898.5
6,96,300.0,999938.5
6,97,-500.0,1016013.5
6,98,100.0,1004053.5
6,99,-100.0,1008098.5
6,100,500.0,996163.5
6,101,700.0,992233.5
6,102,700.0,992293.5
6,103,400.0,998346.0
6,104,0.0,1006406.0
6,105,200.0,1002466.0
6,106,-1100.0,1028533.5
6,107,-1600.0,1038601.0
6,108,-1600.0,1038656.0
6,109,-1700.0,1040718.5
6,110,-1600.0,1038791.0
6,111,-800.0,1022861.0
6,112,-1200.0,1030941.0
6,113,-800.0,1023021.0
6,114,-600.0,1019091.0
6,115,200.0,1003136.0
6,116,300.0,1001208.5
6,117,-800.0,1023276.0
6,118,-200.0,1011336.0
6,119,-300.0,1013388.5
6,120,-400.0,1015451.0
6,121,100.0,1005513.5
6,122,-600.0,1019576.0
6,123,-1500.0,1037633.5
6,124,-1300.0,1033688.5
6,125,-1200.0,1031741.0
6,126,-1000.0,1027786.0
6,127,-900.0,1025828.5
6,128,-600.0,1019871.0
6,129,-800.0,1023936.0
6,130,-100.0,1009993.5
6,131,700.0,994063.5
6,132,1000.0,988131.0
6,133,700.0,994213.5
6,134,1400.0,980286.0
6,135,1100.0,986338.5
6,136,600.0,996421.0
6,137,1000.0,988476.0
6,138,800.0,992536.0
6,139,1100.0,986603.5
6,140,1100.0,986668.5
6,141,1400.0,980736.0
6,142,200.0,1004791.0
6,143,-100.0,1010853.5
6,144,200.0,1004911.0
6,145,-200.0,1012966.0
6,146,600.0,997061.0
6,147,1500.0,979128.5
6,148,2100.0,967193.5
6,149,2100.0,967265.0
6,150,2600.0,957324.0
6,151,2100.0,967399.0
6,152,1900.0,971464.5
6,153,1800.0,973527.0
6,154,1100.0,987589.5
6,155,800.0,993642.0
6,156,500.0,999684.5
6,157,300.0,1003759.5
6,158,-200.0,1013817.0
6,159,-200.0,1013872.0
6,160,400.0,1001952.0
6,161,500.0,1000004.5
6,162,800.0,994087.0
6,163,100.0,1008164.5
6,164,1100.0,988254.5
6,165,400.0,1002317.0
6,166,-300.0,1016384.5
6,167,-800.0,1026432.0
6,168,-1100.0,1032489.5
6,169,-600.0,1022537.0
6,170,-1300.0,1036599.5
6,171,-600.0,1022652.0
6,172,-300.0,1016694.5
6,173,-300.0,1016739.5
6,174,100.0,1008804.5
6,175,-600.0,1022882.0
6,176,-700.0,1024924.5
6,177,-1200.0,1034987.0
6,178,300.0,1005074.5
6,179,800.0,995152.0
6,180,1100.0,989204.5
6,181,1600.0,979257.0
6,182,2400.0,963302.0
6,183,2500.0,961376.5
6,184,1600.0,979444.5
6,185,1100.0,989482.0
6,186,1500.0,981547.0
6,187,1300.0,985622.0
6,188,700.0,997662.0
6,189,1300.0,985727.0
6,190,900.0,993767.0
6,191,1400.0,983839.5
6,192,1600.0,979899.5
6,193,2000.0,971959.5
6,194,2200.0,968004.5
6,195,2200.0,968048.5
6,196,1600.0,980113.0
6,197,2300.0,966190.5
6,198,1800.0,976225.0
6,199,700.0,998272.5
6,200,1000.0,992350.0
6,201,500.0,1002417.5
6,202,600.0,1000510.0
6,203,900.0,994607.5
6,204,1400.0,984690.0
6,205,1200.0,988740.0
6,206,1400.0,984795.0
6,207,900.0,994847.5
6,208,800.0,996900.0
6,209,300.0,1006962.5
6,210,0.0,1013035.0
6,211,-400.0,1021075.0
6,212,-900.0,1031137.5
6,213,-1000.0,1033205.0
6,214,-1600.0,1045285.0
6,215,-1400.0,1041335.0
6,216,-1700.0,1047367.5
6,217,-1600.0,1045415.0
6,218,-1900.0,1051487.5
6,219,-2500.0,1063557.5
6,220,-1800.0,1049626.5
6,221,-1700.0,1047689.0
6,222,-1100.0,1035774.0
6,223,-1500.0,1043829.0
6,224,-1200.0,1037896.5
6,225,-900.0,1031954.0
6,226,-1500.0,1044039.0
6,227,-1600.0,1046106.5
6,228,-1800.0,1050146.5
6,229,-800.0,1030211.5
6,230,-1400.0,1042301.5
6,231,-1800.0,1050381.5
6,232,-1700.0,1048439.0
6,233,-2300.0,1060504.0
6,234,-2300.0,1060599.0
6,235,-2600.0,1066661.5
6,236,-2400.0,1062710.5
6,237,-3300.0,1080803.0
6,238,-3500.0,1084859.0
6,239,-3900.0,1092916.0
6,240,-3400.0,1082971.0
6,241,-3400.0,1083026.0
6,242,-3300.0,1081072.5
6,243,-2800.0,1071135.0
6,244,-3100.0,1077197.5
6,245,-2400.0,1063255.0
6,246,-2600.0,1067330.0
6,247,-2600.0,1067395.0
6,248,-3300.0,1081447.5
6,249,-3800.0,1091505.0
6,250,-3900.0,1093557.5
6,251,-4300.0,1101627.5
6,252,-4100.0,1097692.5
7,0,10000.0,800000.0
7,1,8900.0,822051.5
7,2,7400.0,852114.5
7,3,7500.0,850172.5
7,4,7200.0,856243.5
7,5,7400.0,852334.5
7,6,7200.0,856388.5
7,7,6300.0,874441.5
7,8,5200.0,896493.5
7,9,5900.0,882554.5
7,10,5900.0,882604.5
7,11,4700.0,906668.5
7,12,4300.0,914716.5
7,13,4200.0,916768.5
7,14,3700.0,926823.5
7,15,3300.0,934881.5
7,16,2700.0,946928.5
7,17,1300.0,974986.5
7,18,1300.0,975051.5
7,19,1200.0,977109.0
7,20,1300.0,975181.5
7,21,1700.0,967231.5
7,22,1600.0,969299.0
7,23,700.0,987366.5
7,24,400.0,993429.0
7,25,300.0,995466.5
7,26,200.0,997524.0
7,27,600.0,989604.0
7,28,1200.0,977669.0
7,29,1300.0,975741.5
7,30,600.0,989794.0
7,31,1300.0,975856.5
7,32,2100.0,959921.5
7,33,1800.0,965973.0
7,34,1300.0,976030.5
7,35,300.0,996100.5
7,36,700.0,988170.5
7,37,-600.0,1014233.0
7,38,200.0,998298.0
7,39,-100.0,1004355.5
7,40,-600.0,1014423.0
7,41,-1000.0,1022483.0
7,42,-800.0,1018553.0
7,43,-600.0,1014608.0
7,44,600.0,990673.0
7,45,1700.0,968740.5
7,46,2000.0,962788.0
7,47,1500.0,972860.5
7,48,900.0,984945.5
7,49,1300.0,977040.5
7,50,1200.0,979093.0
7,51,500.0,993150.5
7,52,300.0,997215.5
7,53,-200.0,1007273.0
7,54,100.0,1001330.5
7,55,600.0,991388.0
7,56,400.0,995438.0
7,57,300.0,997500.5
7,58,700.0,989560.5
7,59,400.0,995623.0
7,60,100.0,1001690.5
7,61,-100.0,1005730.5
7,62,-700.0,1017780.5
7,63,0.0,1003838.0
7,64,200.0,999893.0
7,65,-100.0,1005965.5
7,66,400.0,996023.0
7,67,400.0,996068.0
7,68,700.0,990115.5
7,69,300.0,998190.5
7,70,400.0,996278.0
7,71,900.0,986370.5
7,72,-400.0,1012433.0
7,73,0.0,1004488.0
7,74,300.0,998545.5
7,75,400.0,996613.0
7,76,1200.0,980663.0
7,77,600.0,992733.0
7,78,0.0,1004808.0
7,79,600.0,992848.0
7,80,600.0,992913.0
7,81,500.0,994975.5
7,82,600.0,993028.0
7,83,600.0,993088.0
7,84,800.0,989148.0
7,85,600.0,993198.0
7,86,700.0,991270.5
7,87,1400.0,977343.0
7,88,1200.0,981423.0
7,89,1000.0,985488.0
7,90,1200.0,981543.0
7,91,1700.0,971590.5
7,92,1900.0,967675.5
7,93,2900.0,947765.5
7,94,2100.0,963821.5
7,95,1400.0,977883.0
7,96,1800.0,969973.0
7,97,1900.0,968020.5
7,98,1400.0,978078.0
7,99,1900.0,968135.5
7,100,1900.0,968195.5
7,101,1400.0,978248.0
7,102,800.0,990313.0
7,103,1000.0,986373.0
7,104,1200.0,982448.0
7,105,1000.0,986508.0
7,106,1200.0,982553.0
7,107,1400.0,978613.0
7,108,1600.0,974698.0
7,109,1400.0,978743.0
7,110,800.0,990788.0
7,111,500.0,996840.5
7,112,200.0,1002883.0
7,113,500.0,996970.5
7,114,1100.0,985035.5
7,115,1300.0,981070.5
7,116,1700.0,973105.5
7,117,2200.0,963163.0
7,118,2200.0,963223.5
7,119,1900.0,969280.5
7,120,2200.0,963343.0
7,121,2100.0,965433.5
7,122,1800.0,971507.0
7,123,1800.0,971582.0
7,124,1400.0,979637.0
7,125,1100.0,985724.5
7,126,2000.0,967782.0
7,127,1300.0,981869.5
7,128,1500.0,977919.5
7,129,1500.0,977979.5
7,130,1000.0,988047.0
7,131,900.0,990099.5
7,132,1000.0,988157.0
7,133,1500.0,978219.5
7,134,1100.0,986299.5
7,135,900.0,990364.5
7,136,1200.0,984427.0
7,137,100.0,1006514.5
7,138,300.0,1002569.5
7,139,-100.0,1010634.5
7,140,-100.0,1010674.5
7,141,-1000.0,1028747.0
7,142,-800.0,1024777.0
7,143,-1700.0,1042869.5
7,144,-2100.0,1050944.5
7,145,-1300.0,1035003.0
7,146,-1000.0,1029050.5
7,147,-1400.0,1037115.5
7,148,-1700.0,1043193.0
7,149,-2200.0,1053265.5
7,150,-2300.0,1055323.5
7,151,-2300.0,1055367.5
7,152,-2500.0,1059412.0
7,153,-1900.0,1047484.0
7,154,-2200.0,1053531.5
7,155,-1400.0,1037634.0
7,156,-2000.0,1049674.0
7,157,-2100.0,1051741.5
7,158,-1800.0,1045787.5
7,159,-1500.0,1039855.0
7,160,-1100.0,1031915.0
7,161,-1500.0,1039975.0
7,162,-1800.0,1046022.5
7,163,-3200.0,1074082.5
7,164,-2500.0,1060136.5
7,165,-1700.0,1044192.5
7,166,-1500.0,1040257.5
7,167,-1300.0,1036312.5
7,168,-900.0,1028367.5
7,169,-600.0,1022415.0
7,170,-300.0,1016487.5
7,171,-1200.0,1034550.0
7,172,-1700.0,1044602.5
7,173,-1700.0,1044672.5
7,174,-1200.0,1034760.0
7,175,-800.0,1026825.0
7,176,-1500.0,1040897.5
7,177,-1600.0,1042955.0
7,178,-1900.0,1049012.5
7,179,-1700.0,1045072.5
7,180,-1600.0,1043150.0
7,181,-1300.0,1037202.5
7,182,-1400.0,1039260.0
7,183,-1400.0,1039355.0
7,184,-2700.0,1065427.5
7,185,-1700.0,1045502.5
7,186,-1300.0,1037552.5
7,187,-1700.0,1045597.5
7,188,-3100.0,1073667.5
7,189,-2700.0,1065700.5
7,190,-3600.0,1083782.5
7,191,-2600.0,1063827.5
7,192,-2700.0,1065890.5
7,193,-1100.0,1033977.5
7,194,-900.0,1030032.5
7,195,-400.0,1020105.0
7,196,-400.0,1020160.0
7,197,-900.0,1030217.5
7,198,-1400.0,1040270.0
7,199,-1700.0,1046327.5
7,200,-2000.0,1052370.0
7,201,-2300.0,1058432.5
7,202,-2300.0,1058493.0
7,203,-2000.0,1052566.5
7,204,-1700.0,1046604.0
7,205,-1300.0,1038684.0
7,206,-2000.0,1052741.5
7,207,-2700.0,1066804.0
7,208,-2300.0,1058877.0
7,209,-1300.0,1038935.0
7,210,-1400.0,1041007.5
7,211,-900.0,1031065.0
7,212,-1400.0,1041107.5
7,213,-2000.0,1053167.5
7,214,-3000.0,1073247.5
7,215,-2000.0,1053307.5
7,216,-3000.0,1073382.5
7,217,-2900.0,1071464.5
7,218,-1400.0,1041539.5
7,219,-1400.0,1041584.5
7,220,-1000.0,1033649.5
7,221,-300.0,1019692.0
7,222,-600.0,1025754.5
7,223,-900.0,1031837.0
7,224,-1200.0,1037914.5
7,225,-1800.0,1049979.5
7,226,-2200.0,1058029.5
7,227,-2100.0,1056109.0
7,228,-2200.0,1058186.5
7,229,-1700.0,1048259.5
7,230,-1200.0,1038332.0
7,231,-800.0,1030397.0
7,232,-1300.0,1040469.5
7,233,-700.0,1028544.5
7,234,-900.0,1032619.5
7,235,-300.0,1020654.5
7,236,-1200.0,1038702.0
7,237,-600.0,1026757.0
7,238,-700.0,1028814.5
7,239,-1200.0,1038892.0
7,240,-2000.0,1054952.0
7,241,-2200.0,1059022.0
7,242,-3300.0,1081084.5
7,243,-3300.0,1081129.5
7,244,-3500.0,1085204.5
7,245,-3600.0,1087272.0
7,246,-4400.0,1103342.0
7,247,-3400.0,1083402.0
7,248,-3100.0,1077474.5
7,249,-3300.0,1081524.5
7,250,-3100.0,1077574.5
7,251,-3000.0,1075657.0
7,252,-2300.0,1061709.5
8,0,10000.0,800000.0
8,1,9300.0,814060.5
8,2,8100.0,838123.5
8,3,7700.0,846191.5
8,4,7600.0,848253.5
8,5,7800.0,844319.5
8,6,7200.0,856361.5
8,7,7000.0,860420.5
8,8,6300.0,874474.5
8,9,5200.0,896506.5
8,10,4600.0,908568.5
8,11,4400.0,912617.5
8,12,5100.0,898673.5
8,13,4800.0,904724.5
8,14,4400.0,912762.5
8,15,4400.0,912812.5
8,16,3800.0,924874.5
8,17,3200.0,936956.5
8,18,3300.0,935009.5
8,19,3200.0,937071.5
8,20,2900.0,943127.5
8,21,3100.0,939168.5
8,22,2100.0,959248.5
8,23,1800.0,965305.5
8,24,1400.0,973365.5
8,25,1600.0,969430.5
8,26,1300.0,975478.0
8,27,900.0,983538.0
8,28,300.0,995593.0
8,29,-300.0,1007663.0
8,30,-1000.0,1021735.5
8,31,-900.0,1019783.0
8,32,-900.0,1019843.0
8,33,-900.0,1019913.0
8,34,-1200.0,1025980.5
8,35,-600.0,1014015.5
8,36,-1300.0,1028098.0
8,37,-1500.0,1032163.0
8,38,-2300.0,1048218.0
8,39,-1600.0,1034274.0
8,40,-1900.0,1040326.5
8,41,-100.0,1004406.5
8,42,600.0,990474.0
8,43,200.0,998534.0
8,44,600.0,990599.0
8,45,500.0,992646.5
8,46,700.0,988696.5
8,47,100.0,1000761.5
8,48,500.0,992841.5
8,49,-100.0,1004926.5
8,50,-1100.0,1025016.5
8,51,-1600.0,1035099.0
8,52,-1400.0,1031154.0
8,53,-1500.0,1033216.5
8,54,-1100.0,1025281.5
8,55,-800.0,1019359.0
8,56,-1100.0,1025421.5
8,57,-1500.0,1033466.5
8,58,-700.0,1017526.5
8,59,-600.0,1015604.0
8,60,400.0,995649.0
8,61,1000.0,983704.0
8,62,1500.0,973771.5
8,63,1300.0,977831.5
8,64,1600.0,971889.0
8,65,1900.0,965951.5
8,66,1400.0,976009.0
8,67,1500.0,974081.5
8,68,500.0,994131.5
8,69,500.0,994186.5
8,70,1200.0,980244.0
8,71,1000.0,984289.0
8,72,1000.0,984369.0
8,73,400.0,996434.0
8,74,100.0,1002496.5
8,75,200.0,1000554.0
8,76,300.0,998606.5
8,77,600.0,992664.0
8,78,400.0,996734.0
8,79,800.0,988804.0
8,80,1100.0,982861.5
8,81,1100.0,982931.5
8,82,1100.0,982986.5
8,83,700.0,991046.5
8,84,500.0,995111.5
8,85,500.0,995171.5
8,86,-100.0,1007231.5
8,87,-200.0,1009294.0
8,88,300.0,999346.5
8,89,300.0,999421.5
8,90,100.0,1003491.5
8,91,0.0,1005554.0
8,92,-300.0,1011591.5
8,93,-700.0,1019651.5
8,94,-700.0,1019726.5
8,95,-300.0,1011766.5
8,96,-100.0,1007826.5
8,97,300.0,999906.5
8,98,400.0,997954.0
8,99,100.0,1004011.5
8,100,100.0,1004066.5
8,101,800.0,990119.0
8,102,1100.0,984191.5
8,103,1200.0,982234.0
8,104,1800.0,970294.0
8,105,1800.0,970374.0
8,106,1400.0,978424.0
8,107,1300.0,980471.5
8,108,1700.0,972536.5
8,109,800.0,990599.0
8,110,-100.0,1008666.5
8,111,-800.0,1022739.0
8,112,-1200.0,1030804.0
8,113,-1700.0,1040851.5
8,114,-2400.0,1054919.0
8,115,-1800.0,1042983.5
8,116,-1300.0,1033046.0
8,117,-800.0,1023108.5
8,118,-100.0,1009161.0
8,119,200.0,1003238.5
8,120,1000.0,987298.5
8,121,1200.0,983348.5
8,122,700.0,993431.0
8,123,700.0,993491.0
8,124,300.0,1001551.0
8,125,1000.0,987623.5
8,126,1200.0,983693.5
8,127,2500.0,957771.0
8,128,1000.0,987831.0
8,129,800.0,991901.0
8,130,700.0,993988.5
8,131,200.0,1004046.0
8,132,0.0,1008116.0
8,133,300.0,1002163.5
8,134,500.0,998223.5
8,135,-300.0,1014298.5
8,136,-900.0,1026363.5
8,137,-1600.0,1040421.0
8,138,-1000.0,1028491.0
8,139,-900.0,1026548.5
8,140,-1400.0,1036626.0
8,141,-1400.0,1036686.0
8,142,-1100.0,1030728.5
8,143,-1100.0,1030778.5
8,144,-800.0,1024836.0
8,145,-1000.0,1028901.0
8,146,-1500.0,1038968.5
8,147,-800.0,1025031.0
8,148,-700.0,1023088.5
8,149,-200.0,1013141.0
8,150,-500.0,1019203.5
8,151,-100.0,1011268.5
8,152,-1400.0,1037336.0
8,153,-700.0,1023388.5
8,154,-1000.0,1029426.0
8,155,-800.0,1025486.0
8,156,-1000.0,1029546.0
8,157,-800.0,1025606.0
8,158,-300.0,1015653.5
8,159,-300.0,1015698.5
8,160,-500.0,1019753.5
8,161,-600.0,1021801.0
8,162,-900.0,1027833.5
8,163,-500.0,1019908.5
8,164,0.0,1009981.0
8,165,-100.0,1012033.5
8,166,300.0,1004088.5
8,167,500.0,1000138.5
8,168,100.0,1008208.5
8,169,-700.0,1024273.5
8,170,400.0,1002341.0
8,171,500.0,1000403.5
8,172,900.0,992458.5
8,173,500.0,1000533.5
8,174,-500.0,1020608.5
8,175,-1300.0,1036668.5
8,176,-900.0,1028743.5
8,177,-1200.0,1034826.0
8,178,-900.0,1028883.5
8,179,-800.0,1026941.0
8,180,-1700.0,1045033.5
8,181,-700.0,1025103.5
8,182,-1700.0,1045158.5
8,183,-1100.0,1033218.5
8,184,-1700.0,1045283.5
8,185,-2100.0,1053358.5
8,186,-3000.0,1071429.5
8,187,-2500.0,1061499.5
8,188,-1500.0,1041554.5
8,189,-1800.0,1047607.0
8,190,-2100.0,1053644.5
8,191,-400.0,1019714.5
8,192,-300.0,1017777.0
8,193,-400.0,1019824.5
8,194,0.0,1011869.5
8,195,200.0,1007944.5
8,196,500.0,1001997.0
8,197,100.0,1010052.0
8,198,200.0,1008099.5
8,199,1100.0,990157.0
8,200,1000.0,992214.5
8,201,1800.0,976284.5
8,202,2700.0,958332.0
8,203,2200.0,968392.0
8,204,1300.0,986442.0
8,205,1600.0,980509.5
8,206,2600.0,960589.5
8,207,2800.0,956675.5
8,208,2000.0,972736.5
8,209,1600.0,980791.5
8,210,1600.0,980836.5
8,211,1600.0,980901.5
8,212,1700.0,978979.0
8,213,1100.0,991029.0
8,214,1100.0,991099.0
8,215,1000.0,993161.5
8,216,900.0,995224.0
8,217,0.0,1013301.5
8,218,700.0,999349.0
8,219,800.0,997426.5
8,220,500.0,1003474.0
8,221,400.0,1005511.5
8,222,100.0,1011569.0
8,223,300.0,1007629.0
8,224,100.0,1011694.0
8,225,-100.0,1015779.0
8,226,-800.0,1029846.5
8,227,-300.0,1019899.0
8,228,-100.0,1015964.0
8,229,300.0,1008019.0
8,230,200.0,1010086.5
8,231,500.0,1004164.0
8,232,-100.0,1016214.0
8,233,-400.0,1022281.5
8,234,-700.0,1028344.0
8,235,-500.0,1024414.0
8,236,-500.0,1024479.0
8,237,-1600.0,1046541.5
8,238,-1500.0,1044599.0
8,239,-800.0,1030656.5
8,240,-1200.0,1038726.5
8,241,-1800.0,1050781.5
8,242,-1500.0,1044849.0
8,243,-1600.0,1046886.5
8,244,-1800.0,1050946.5
8,245,-1700.0,1049004.0
8,246,-1600.0,1047076.5
8,247,-500.0,1025164.0
8,248,-1100.0,1037224.0
8,249,-400.0,1023256.5
8,250,-400.0,1023331.5
8,251,100.0,1013409.0
8,252,-200.0,1019466.5
9,0,10000.0,800000.0
9,1,7800.0,844078.0
9,2,7000.0,860114.0
9,3,5900.0,882171.0
9,4,4900.0,902236.0
9,5,4500.0,910284.0
9,6,4000.0,920354.0
9,7,3400.0,932421.0
9,8,2800.0,944463.0
9,9,2600.0,948517.0
9,10,2300.0,954578.0
9,11,2400.0,952630.5
9,12,1600.0,968694.5
9,13,1900.0,962767.0
9,14,2300.0,954802.0
9,15,2300.0,954846.0
9,16,2000.0,960886.5
9,17,1300.0,974929.0
9,18,1400.0,972971.5
9,19,500.0,991059.0
9,20,2000.0,961116.5
9,21,1600.0,969176.5
9,22,1700.0,967234.0
9,23,1500.0,971289.0
9,24,1400.0,973366.5
9,25,1500.0,971429.0
9,26,1300.0,975509.0
9,27,1400.0,973566.5
9,28,1500.0,971644.0
9,29,1300.0,975724.0
9,30,500.0,991779.0
9,31,600.0,989856.5
9,32,200.0,997926.5
9,33,100.0,999984.0
9,34,800.0,986041.5
9,35,1200.0,978091.5
9,36,1600.0,970136.5
9,37,1500.0,972209.0
9,38,1700.0,968259.0
9,39,1300.0,976319.0
9,40,2100.0,960399.0
9,41,1400.0,974466.0
9,42,1600.0,970516.0
9,43,1700.0,968598.5
9,44,1800.0,966656.0
9,45,1500.0,972708.5
9,46,1000.0,982756.0
9,47,1100.0,980823.5
9,48,1100.0,980903.5
9,49,800.0,986971.0
9,50,200.0,999071.0
9,51,1300.0,977133.5
9,52,500.0,993208.5
9,53,1100.0,981278.5
9,54,1500.0,973353.5
9,55,1500.0,973428.5
9,56,300.0,997493.5
9,57,400.0,995541.0
9,58,400.0,995611.0
9,59,600.0,991646.0
9,60,100.0,1001708.5
9,61,100.0,1001773.5
9,62,-200.0,1007831.0
9,63,100.0,1001893.5
9,64,600.0,991956.0
9,65,300.0,998023.5
9,66,500.0,994103.5
9,67,-200.0,1008166.0
9,68,-800.0,1020241.0
9,69,-1200.0,1028286.0
9,70,-1100.0,1026358.5
9,71,-400.0,1012456.0
9,72,-400.0,1012521.0
9,73,200.0,1000576.0
9,74,-300.0,1010648.5
9,75,-300.0,1010688.5
9,76,-1000.0,1024751.0
9,77,-200.0,1008821.0
9,78,-300.0,1010858.5
9,79,0.0,1004891.0
9,80,500.0,994963.5
9,81,800.0,989021.0
9,82,1100.0,983078.5
9,83,1300.0,979148.5
9,84,1300.0,979208.5
9,85,1800.0,969301.0
9,86,1400.0,977356.0
9,87,1700.0,971428.5
9,88,1300.0,979488.5
9,89,2200.0,961546.0
9,90,2200.0,961628.5
9,91,2800.0,949696.0
9,92,1900.0,967749.0
9,93,1600.0,973801.5
9,94,2000.0,965861.5
9,95,2300.0,959914.0
9,96,2200.0,961977.0
9,97,1800.0,970036.5
9,98,1200.0,982116.5
9,99,1000.0,986171.5
9,100,1200.0,982246.5
9,101,1400.0,978311.5
9,102,1200.0,982391.5
9,103,1400.0,978456.5
9,104,700.0,992519.0
9,105,400.0,998576.5
9,106,-900.0,1024639.0
9,107,-300.0,1012704.0
9,108,-600.0,1018781.5
9,109,-800.0,1022836.5
9,110,-1200.0,1030896.5
9,111,-1200.0,1030961.5
9,112,-1900.0,1045014.0
9,113,-1800.0,1043056.5
9,114,-1600.0,1039126.5
9,115,-900.0,1025194.0
9,116,-1600.0,1039266.5
9,117,-1300.0,1033324.0
9,118,-1600.0,1039381.5
9,119,-1600.0,1039451.5
9,120,-1800.0,1043531.5
9,121,-1800.0,1043596.5
9,122,-1800.0,1043641.5
9,123,-1900.0,1045714.0
9,124,-1600.0,1039766.5
9,125,-400.0,1015836.5
9,126,-400.0,1015911.5
9,127,-300.0,1013974.0
9,128,-1500.0,1038039.0
9,129,-1700.0,1042124.0
9,130,-1800.0,1044181.5
9,131,-1800.0,1044276.5
9,132,-2400.0,1056346.5
9,133,-1900.0,1046392.0
9,134,-1600.0,1040449.5
9,135,-1700.0,1042497.0
9,136,-1800.0,1044564.5
9,137,-2500.0,1058637.0
9,138,-1700.0,1042718.0
9,139,-1900.0,1046793.0
9,140,-2000.0,1048855.5
9,141,-2000.0,1048925.5
9,142,-1800.0,1044990.5
9,143,-2000.0,1049055.5
9,144,-2100.0,1051093.0
9,145,-2600.0,1061163.0
9,146,-1900.0,1047242.0
9,147,-1400.0,1037299.5
9,148,-1800.0,1045374.5
9,149,-2000.0,1049429.5
9,150,-1700.0,1043497.0
9,151,-2200.0,1053584.5
9,152,-2000.0,1049644.5
9,153,-1600.0,1041714.5
9,154,-1700.0,1043762.0
9,155,-1500.0,1039832.0
9,156,-1900.0,1047897.0
9,157,-2300.0,1055947.0
9,158,-2000.0,1049998.5
9,159,-1700.0,1044056.0
9,160,-1300.0,1036121.0
9,161,-1600.0,1042208.5
9,162,-1000.0,1030258.5
9,163,-2100.0,1052311.0
9,164,-1300.0,1036375.0
9,165,-2300.0,1056430.0
9,166,-2400.0,1058499.0
9,167,-2500.0,1060551.5
9,168,-2500.0,1060626.5
9,169,-1400.0,1038673.5
9,170,-1500.0,1040741.0
9,171,-1700.0,1044811.0
9,172,-2300.0,1056886.0
9,173,-2500.0,1060969.0
9,174,-1600.0,1043027.0
9,175,-700.0,1025089.5
9,176,-700.0,1025144.5
9,177,-300.0,1017204.5
9,178,-500.0,1021239.5
9,179,-400.0,1019307.0
9,180,-500.0,1021354.5
9,181,0.0,1011432.0
9,182,100.0,1009489.5
9,183,400.0,1003547.0
9,184,500.0,1001604.5
9,185,400.0,1003672.0
9,186,200.0,1007737.0
9,187,300.0,1005794.5
9,188,0.0,1011862.0
9,189,0.0,1011942.0
9,190,-200.0,1016007.0
9,191,-1100.0,1034054.5
9,192,-700.0,1026129.5
9,193,-1200.0,1036197.0
9,194,-1100.0,1034259.5
9,195,-200.0,1016332.0
9,196,-300.0,1018384.5
9,197,100.0,1010439.5
9,198,400.0,1004477.0
9,199,200.0,1008542.0
9,200,-100.0,1014614.5
9,201,100.0,1010679.5
9,202,200.0,1008717.0
9,203,400.0,1004767.0
9,204,100.0,1010839.5
9,205,-500.0,1022889.5
9,206,-900.0,1030954.5
9,207,-900.0,1031009.5
9,208,-1700.0,1047059.5
9,209,-1500.0,1043114.5
9,210,-2200.0,1057162.0
9,211,-1800.0,1049221.5
9,212,-2000.0,1053291.5
9,213,-2400.0,1061356.5
9,214,-1900.0,1051413.0
9,215,-2600.0,1065460.5
9,216,-3200.0,1077518.5
9,217,-3100.0,1075595.5
9,218,-3000.0,1073652.5
9,219,-2400.0,1061714.5
9,220,-2200.0,1057769.0
9,221,-800.0,1029842.5
9,222,-1000.0,1033912.5
9,223,-700.0,1027945.0
9,224,700.0,1000025.0
9,225,1600.0,982077.5
9,226,1300.0,988155.0
9,227,1900.0,976200.0
9,228,2500.0,964270.0
9,229,1800.0,978331.5
9,230,1900.0,976394.0
9,231,2000.0,974456.5
9,232,1900.0,976504.0
9,233,2300.0,968549.0
9,234,2200.0,970611.5
9,235,2300.0,968684.0
9,236,2400.0,966756.5
9,237,2200.0,970821.5
9,238,2200.0,970866.5
9,239,2800.0,958936.5
9,240,3500.0,945004.0
9,241,2600.0,963052.0
9,242,2200.0,971107.0
9,243,1900.0,977164.5
9,244,2000.0,975237.0
9,245,1500.0,985289.5
9,246,1200.0,991342.0
9,247,1000.0,995402.0
9,248,600.0,1003462.0
9,249,300.0,1009529.5
9,250,-100.0,1017589.5
9,251,-300.0,1021649.5
9,252,0.0,1015702.0
10,0,10000.0,800000.0
10,1,9400.0,812059.0
10,2,8300.0,834130.5
10,3,7100.0,858169.5
10,4,6600.0,868234.5
10,5,6000.0,880306.5
10,6,5600.0,888384.5
10,7,5300.0,894430.5
10,8,4900.0,902463.5
10,9,4800.0,904530.5
10,10,4900.0,902593.5
10,11,3900.0,922653.5
10,12,3000.0,940686.5
10,13,2500.0,950746.5
10,14,1900.0,962798.5
10,15,1600.0,968851.0
10,16,1300.0,974938.5
10,17,1000.0,981006.0
10,18,2400.0,953061.0
10,19,2100.0,959112.5
10,20,2100.0,959173.0
10,21,2200.0,957236.5
10,22,2600.0,949281.5
10,23,2500.0,951343.5
10,24,2200.0,957409.5
10,25,2100.0,959467.0
10,26,2600.0,949509.5
10,27,1600.0,969564.5
10,28,1200.0,977604.5
10,29,1900.0,963667.0
10,30,1700.0,967727.0
10,31,1900.0,963802.0
10,32,1500.0,971862.0
10,33,2000.0,961914.5
10,34,1400.0,973959.5
10,35,1300.0,976002.0
10,36,1300.0,976052.0
10,37,1100.0,980112.0
10,38,1200.0,978169.5
10,39,1100.0,980232.0
10,40,1100.0,980307.0
10,41,1500.0,972377.0
10,42,1700.0,968467.0
10,43,1800.0,966509.5
10,44,2600.0,950569.5
10,45,1600.0,970634.5
10,46,1500.0,972677.0
10,47,1000.0,982729.5
10,48,500.0,992792.0
10,49,700.0,988832.0
10,50,300.0,996872.0
10,51,500.0,992952.0
10,52,1500.0,973007.0
10,53,1000.0,983069.5
10,54,1700.0,969142.0
10,55,2200.0,959204.5
10,56,1400.0,975246.5
10,57,300.0,997309.0
10,58,-300.0,1009364.0
10,59,-200.0,1007431.5
10,60,-700.0,1017494.0
10,61,-1300.0,1029574.0
10,62,-1800.0,1039656.5
10,63,-2300.0,1049709.0
10,64,-1600.0,1035781.5
10,65,-1100.0,1025839.0
10,66,-1000.0,1023906.5
10,67,-1100.0,1025969.0
10,68,-800.0,1020056.5
10,69,-200.0,1008116.5
10,70,300.0,998199.0
10,71,600.0,992251.5
10,72,-100.0,1006314.0
10,73,-400.0,1012371.5
10,74,100.0,1002439.0
10,75,-400.0,1012476.5
10,76,-900.0,1022544.0
10,77,-1300.0,1030639.0
10,78,-1200.0,1028701.5
10,79,-1000.0,1024761.5
10,80,-1800.0,1040821.5
10,81,-1300.0,1030909.0
10,82,-2400.0,1052976.5
10,83,-2800.0,1061060.0
10,84,-2900.0,1063123.0
10,85,-1400.0,1033178.0
10,86,-700.0,1019255.5
10,87,-800.0,1021308.0
10,88,-1400.0,1033368.0
10,89,-900.0,1023445.5
10,90,-500.0,1015495.5
10,91,-700.0,1019545.5
10,92,-700.0,1019605.5
10,93,-600.0,1017668.0
10,94,200.0,1001743.0
10,95,-100.0,1007795.5
10,96,-600.0,1017863.0
10,97,-200.0,1009908.0
10,98,-200.0,1009963.0
10,99,-200.0,1010028.0
10,100,500.0,996120.5
10,101,300.0,1000190.5
10,102,500.0,996235.5
10,103,900.0,988290.5
10,104,400.0,998373.0
10,105,500.0,996420.5
10,106,-300.0,1012500.5
10,107,-400.0,1014558.0
10,108,-800.0,1022613.0
10,109,200.0,1002683.0
10,110,-100.0,1008745.5
10,111,400.0,998803.0
10,112,800.0,990868.0
10,113,0.0,1006938.0
10,114,700.0,992995.5
10,115,1500.0,977050.5
10,116,1300.0,981115.5
10,117,1000.0,987173.0
10,118,700.0,993235.5
10,119,1700.0,973295.5
10,120,1600.0,975343.0
10,121,2000.0,967393.0
10,122,2600.0,955468.0
10,123,2800.0,951534.0
10,124,1600.0,975598.0
10,125,1300.0,981675.5
10,126,1300.0,981760.5
10,127,1000.0,987823.0
10,128,1200.0,983873.0
10,129,2400.0,959923.0
10,130,2200.0,963977.5
10,131,1500.0,978055.5
10,132,600.0,996108.0
10,133,900.0,990180.5
10,134,100.0,1006235.5
10,135,600.0,996288.0
10,136,-100.0,1010370.5
10,137,200.0,1004413.0
10,138,-300.0,1014460.5
10,139,-500.0,1018505.5
10,140,-600.0,1020568.0
10,141,-800.0,1024648.0
10,142,200.0,1004723.0
10,143,-500.0,1018785.5
10,144,-200.0,1012848.0
10,145,-700.0,1022900.5
10,146,-1000.0,1028973.0
10,147,-800.0,1025038.0
10,148,-100.0,1011110.5
10,149,-100.0,1011180.5
10,150,1000.0,989243.0
10,151,1100.0,987290.5
10,152,2800.0,953353.0
10,153,2800.0,953433.0
10,154,2700.0,955485.0
10,155,2900.0,951561.0
10,156,2000.0,969629.0
10,157,1400.0,981674.0
10,158,1300.0,983716.5
10,159,800.0,993779.0
10,160,700.0,995841.5
10,161,200.0,1005914.0
10,162,400.0,1001994.0
10,163,300.0,1004051.5
10,164,600.0,998129.0
10,165,200.0,1006164.0
10,166,700.0,996241.5
10,167,-100.0,1012326.5
10,168,-200.0,1014374.0
10,169,300.0,1004431.5
10,170,-100.0,1012516.5
10,171,600.0,998584.0
10,172,1300.0,984656.5
10,173,1600.0,978724.0
10,174,1900.0,972781.5
10,175,900.0,992851.5
10,176,600.0,998909.0
10,177,2100.0,968976.5
10,178,2100.0,969048.0
10,179,2600.0,959107.0
10,180,2100.0,969152.0
10,181,2000.0,971215.0
10,182,2400.0,963300.0
10,183,2000.0,971337.5
10,184,1800.0,975412.5
10,185,2100.0,969475.0
10,186,2200.0,967560.5
10,187,2700.0,957608.5
10,188,1700.0,977668.5
10,189,1300.0,985728.5
10,190,500.0,1001788.5
10,191,100.0,1009843.5
10,192,-1000.0,1031926.0
10,193,-300.0,1017968.5
10,194,-1100.0,1034038.5
10,195,-700.0,1026088.5
10,196,-600.0,1024141.0
10,197,-300.0,1018188.5
10,198,-1300.0,1038268.5
10,199,-800.0,1028331.0
10,200,-1500.0,1042388.5
10,201,-1300.0,1038468.5
10,202,-2200.0,1056541.0
10,203,-2300.0,1058621.0
10,204,-2000.0,1052705.5
10,205,-1700.0,1046758.0
10,206,-1200.0,1036805.5
10,207,-2200.0,1056880.5
10,208,-1600.0,1044934.0
10,209,-1500.0,1043006.5
10,210,-1700.0,1047061.5
10,211,-1700.0,1047111.5
10,212,-2300.0,1059171.5
10,213,-2200.0,1057251.0
10,214,-2300.0,1059303.5
10,215,-1800.0,1049376.5
10,216,-1900.0,1051464.0
10,217,-1800.0,1049541.5
10,218,-1900.0,1051619.0
10,219,-1200.0,1037691.5
10,220,-1800.0,1049766.5
10,221,-1800.0,1049846.5
10,222,-2200.0,1057906.5
10,223,-2200.0,1057956.0
10,224,-1300.0,1040000.5
10,225,-3100.0,1076065.5
10,226,-2400.0,1062109.5
10,227,-2400.0,1062170.0
10,228,-1700.0,1048231.5
10,229,-1900.0,1052301.5
10,230,-1700.0,1048366.5
10,231,-2100.0,1056441.5
10,232,-2200.0,1058494.0
10,233,-2600.0,1066549.0
10,234,-2700.0,1068618.0
10,235,-3800.0,1090689.5
10,236,-3400.0,1082742.5
10,237,-2300.0,1060789.5
10,238,-1700.0,1048844.5
10,239,-2300.0,1060894.5
10,240,-3300.0,1080939.5
10,241,-3700.0,1089001.0
10,242,-4300.0,1101079.5
10,243,-4000.0,1095140.5
10,244,-3900.0,1093208.0
10,245,-4000.0,1095260.5
10,246,-3900.0,1093318.0
10,247,-2700.0,1069398.0
10,248,-3700.0,1089448.0
10,249,-4000.0,1095490.5
10,250,-2900.0,1073553.0
10,251,-3200.0,1079585.5
10,252,-3300.0,1081653.0
11,0,10000.0,800000.0
11,1,8900.0,822046.5
11,2,8700.0,826122.0
11,3,8100.0,838174.0
11,4,7400.0,852238.0
11,5,6700.0,866302.0
11,6,6500.0,870346.0
11,7,6400.0,872398.0
11,8,5500.0,890446.0
11,9,4900.0,902508.0
11,10,4500.0,910576.0
11,11,3800.0,924635.0
11,12,3000.0,940706.0
11,13,2500.0,950756.0
11,14,1800.0,964820.0
11,15,1200.0,976880.0
11,16,1800.0,964950.0
11,17,1800.0,965005.0
11,18,1700.0,967067.5
11,19,2000.0,961120.0
11,20,2100.0,959192.5
11,21,1800.0,965238.5
11,22,1500.0,971296.0
11,23,1500.0,971336.0
11,24,500.0,991406.0
11,25,0.0,1001458.5
11,26,-800.0,1017513.5
11,27,-800.0,1017558.5
11,28,-600.0,1013633.5
11,29,-700.0,1015681.0
11,30,-1200.0,1025738.5
11,31,-1600.0,1033803.5
11,32,-1500.0,1031866.0
11,33,-1500.0,1031926.0
11,34,-1100.0,1023996.0
11,35,-1800.0,1038053.5
11,36,-2200.0,1046108.5
11,37,-1900.0,1040182.0
11,38,-2100.0,1044242.0
11,39,-1800.0,1038315.5
11,40,-2300.0,1048373.0
11,41,-1900.0,1040427.0
11,42,-2100.0,1044467.0
11,43,-2300.0,1048517.0
11,44,-1500.0,1032570.0
11,45,-1900.0,1040625.0
11,46,-1300.0,1028695.0
11,47,-1400.0,1030767.5
11,48,-1300.0,1028835.0
11,49,-1000.0,1022912.5
11,50,-1300.0,1028985.0
11,51,-1100.0,1025050.0
11,52,-500.0,1013115.0
11,53,-800.0,1019162.5
11,54,-1700.0,1037215.0
11,55,-1700.0,1037275.0
11,56,-1300.0,1029325.0
11,57,-1500.0,1033385.0
11,58,-900.0,1021450.0
11,59,500.0,993535.0
11,60,400.0,995592.5
11,61,600.0,991657.5
11,62,1100.0,981720.0
11,63,900.0,985780.0
11,64,400.0,995862.5
11,65,1100.0,981930.0
11,66,2000.0,963972.5
11,67,1700.0,970045.0
11,68,1400.0,976132.5
11,69,600.0,992217.5
11,70,1300.0,978290.0
11,71,2000.0,964342.5
11,72,1700.0,970400.0
11,73,600.0,992467.5
11,74,1200.0,980537.5
11,75,1500.0,974610.0
11,76,1300.0,978675.0
11,77,2400.0,956737.5
11,78,1900.0,966816.0
11,79,1800.0,968883.5
11,80,2100.0,962931.0
11,81,1700.0,970979.5
11,82,1000.0,985062.0
11,83,800.0,989137.0
11,84,1000.0,985187.0
11,85,1600.0,973272.0
11,86,1300.0,979309.5
11,87,1300.0,979384.5
11,88,1900.0,967434.5
11,89,1800.0,969482.0
11,90,1700.0,971544.5
11,91,1800.0,969612.0
11,92,1900.0,967669.5
11,93,2300.0,959709.5
11,94,1800.0,969771.5
11,95,1600.0,973836.5
11,96,2300.0,959899.0
11,97,1300.0,979973.5
11,98,1800.0,970021.0
11,99,1800.0,970071.0
11,100,1900.0,968143.5
11,101,2200.0,962236.0
11,102,1900.0,968304.0
11,103,1000.0,986376.5
11,104,1700.0,972434.0
11,105,2100.0,964494.0
11,106,2500.0,956566.5
11,107,2400.0,958633.5
11,108,1900.0,968695.5
11,109,2500.0,956735.5
11,110,2200.0,962791.5
11,111,1200.0,982838.5
11,112,700.0,992891.0
11,113,900.0,988966.0
11,114,1300.0,981031.0
11,115,1400.0,979083.5
11,116,1400.0,979153.5
11,117,200.0,1003238.5
11,118,400.0,999298.5
11,119,-300.0,1013346.0
11,120,-1200.0,1031398.5
11,121,-800.0,1023463.5
11,122,-1400.0,1035513.5
11,123,-400.0,1015588.5
11,124,-800.0,1023668.5
11,125,-1200.0,1031743.5
11,126,-1100.0,1029816.0
11,127,-800.0,1023878.5
11,128,-1500.0,1037941.0
11,129,-2300.0,1054021.0
11,130,-1800.0,1044072.0
11,131,-1700.0,1042129.5
11,132,-2100.0,1050194.5
11,133,-1600.0,1040262.0
11,134,-1200.0,1032327.0
11,135,-900.0,1026369.5
11,136,-800.0,1024422.0
11,137,-1400.0,1036487.0
11,138,-1400.0,1036557.0
11,139,-1500.0,1038649.5
11,140,-1600.0,1040707.0
11,141,-1600.0,1040772.0
11,142,-600.0,1020832.0
11,143,-500.0,1018894.5
11,144,500.0,998949.5
11,145,300.0,1002984.5
11,146,-100.0,1011049.5
11,147,700.0,995104.5
11,148,600.0,997162.0
11,149,200.0,1005227.0
11,150,300.0,1003289.5
11,151,100.0,1007354.5
11,152,600.0,997432.0
11,153,500.0,999494.5
11,154,400.0,1001542.0
11,155,100.0,1007604.5
11,156,600.0,997667.0
11,157,600.0,997732.0
11,158,500.0,999774.5
11,159,400.0,1001837.0
11,160,600.0,997902.0
11,161,1100.0,987969.5
11,162,200.0,1006022.0
11,163,0.0,1010087.0
11,164,1300.0,984164.5
11,165,1000.0,990232.0
11,166,900.0,992284.5
11,167,500.0,1000344.5
11,168,1400.0,982412.0
11,169,500.0,1000474.5
11,170,900.0,992534.5
11,171,500.0,1000629.5
11,172,1000.0,990692.0
11,173,900.0,992744.5
11,174,500.0,1000814.5
11,175,400.0,1002887.0
11,176,1200.0,986972.0
11,177,800.0,995027.0
11,178,800.0,995087.0
11,179,1200.0,987142.0
11,180,700.0,997189.5
11,181,-200.0,1015257.0
11,182,-200.0,1015352.0
11,183,300.0,1005399.5
11,184,500.0,1001449.5
11,185,600.0,999497.0
11,186,400.0,1003562.0
11,187,400.0,1003637.0
11,188,-600.0,1023692.0
11,189,-500.0,1021754.5
11,190,-200.0,1015822.0
11,191,600.0,999892.0
11,192,200.0,1007942.0
11,193,200.0,1008007.0
11,194,300.0,1006054.5
11,195,-100.0,1014109.5
11,196,-800.0,1028172.0
11,197,-1700.0,1046244.5
11,198,-1600.0,1044312.0
11,199,-1500.0,1042379.5
11,200,-1500.0,1042434.5
11,201,-1700.0,1046504.5
11,202,-1500.0,1042569.5
11,203,-1000.0,1032632.0
11,204,-1200.0,1036702.0
11,205,-600.0,1024782.0
11,206,0.0,1012827.0
11,207,-400.0,1020897.0
11,208,-800.0,1028967.0
11,209,-1800.0,1049042.0
11,210,-1500.0,1043094.5
11,211,-1100.0,1035159.5
11,212,-800.0,1029227.0
11,213,-1400.0,1041302.0
11,214,-1000.0,1033357.0
11,215,-900.0,1031409.5
11,216,-1300.0,1039464.5
11,217,-1300.0,1039529.5
11,218,-1200.0,1037572.0
11,219,-1900.0,1051639.5
11,220,-2500.0,1063714.5
11,221,-1800.0,1049773.5
11,222,-1800.0,1049833.5
11,223,-2000.0,1053883.5
11,224,-2100.0,1055946.0
11,225,-2500.0,1063991.0
11,226,-500.0,1024051.0
11,227,300.0,1008111.0
11,228,500.0,1004156.0
11,229,600.0,1002208.5
11,230,700.0,1000291.0
11,231,800.0,998348.5
11,232,900.0,996411.0
11,233,1200.0,990453.5
11,234,1500.0,984506.0
11,235,2000.0,974543.5
11,236,1100.0,992641.0
11,237,1800.0,978718.5
11,238,1700.0,980791.0
11,239,900.0,996836.0
11,240,-200.0,1018938.5
11,241,-600.0,1027008.5
11,242,-600.0,1027058.5
11,243,-200.0,1019123.5
11,244,200.0,1011188.5
11,245,0.0,1015253.5
11,246,0.0,1015313.5
11,247,0.0,1015393.5
11,248,900.0,997476.0
11,249,1300.0,989541.0
11,250,400.0,1007603.5
11,251,700.0,1001666.0
11,252,800.0,999748.5
12,0,10000.0,800000.0
12,1,8800.0,824063.0
12,2,7700.0,846115.0
12,3,7200.0,856185.0
12,4,6100.0,878242.0
12,5,5300.0,894303.0
12,6,5300.0,894353.0
12,7,5300.0,894423.0
12,8,5200.0,896470.0
12,9,5000.0,900549.0
12,10,4200.0,916605.0
12,11,3000.0,940674.0
12,12,2300.0,954743.0
12,13,1800.0,964788.5
12,14,1400.0,972863.5
12,15,1200.0,976938.5
12,16,1200.0,977003.5
12,17,0.0,1001078.5
12,18,0.0,1001103.5
12,19,200.0,997158.5
12,20,400.0,993218.5
12,21,700.0,987276.0
12,22,600.0,989353.5
12,23,300.0,995421.0
12,24,-900.0,1019491.0
12,25,-800.0,1017578.5
12,26,-1700.0,1035641.0
12,27,-2700.0,1055696.0
12,28,-3600.0,1073753.0
12,29,-2400.0,1049812.0
12,30,-2800.0,1057879.0
12,31,-3400.0,1069942.0
12,32,-3000.0,1062005.0
12,33,-2800.0,1058074.0
12,34,-2800.0,1058104.0
12,35,-2500.0,1052170.0
12,36,-1700.0,1036221.0
12,37,-1800.0,1038278.5
12,38,-2800.0,1058343.5
12,39,-2300.0,1048393.5
12,40,-2500.0,1052471.0
12,41,-1900.0,1040538.0
12,42,-1800.0,1038600.5
12,43,-1400.0,1030655.5
12,44,-1600.0,1034725.5
12,45,-1900.0,1040793.0
12,46,-1600.0,1034860.5
12,47,-2000.0,1042915.5
12,48,-2900.0,1060973.0
12,49,-2800.0,1059035.0
12,50,-1500.0,1033111.0
12,51,-2100.0,1045161.0
12,52,-1200.0,1027216.5
12,53,-700.0,1017289.0
12,54,0.0,1003341.5
12,55,200.0,999391.5
12,56,-500.0,1013439.0
12,57,-400.0,1011496.5
12,58,-800.0,1019551.5
12,59,-700.0,1017604.0
12,60,-800.0,1019676.5
12,61,-1400.0,1031756.5
12,62,-1200.0,1027811.5
12,63,-1100.0,1025874.0
12,64,-1300.0,1029939.0
12,65,-1300.0,1029994.0
12,66,-400.0,1012041.5
12,67,-500.0,1014104.0
12,68,-700.0,1018154.0
12,69,-600.0,1016231.5
12,70,-900.0,1022289.0
12,71,-700.0,1018349.0
12,72,-1100.0,1026394.0
12,73,-300.0,1010449.0
12,74,-700.0,1018534.0
12,75,-700.0,1018584.0
12,76,-900.0,1022634.0
12,77,-300.0,1010714.0
12,78,200.0,1000771.5
12,79,-200.0,1008826.5
12,80,-300.0,1010864.0
12,81,100.0,1002939.0
12,82,-600.0,1017001.5
12,83,-300.0,1011089.0
12,84,-100.0,1007179.0
12,85,-400.0,1013216.5
12,86,0.0,1005251.5
12,87,400.0,997291.5
12,88,700.0,991374.0
12,89,700.0,991429.0
12,90,1900.0,967494.0
12,91,2500.0,955549.0
12,92,2500.0,955599.0
12,93,1900.0,967681.0
12,94,1600.0,973738.5
12,95,1500.0,975796.0
12,96,1500.0,975861.0
12,97,1300.0,979906.0
12,98,1900.0,967986.0
12,99,1600.0,974033.5
12,100,1100.0,984096.0
12,101,1400.0,978168.5
12,102,1400.0,978248.5
12,103,1300.0,980311.0
12,104,2200.0,962393.5
12,105,1800.0,970442.0
12,106,1700.0,972509.5
12,107,2100.0,964584.5
12,108,1600.0,974635.5
12,109,600.0,994675.5
12,110,600.0,994735.5
12,111,-100.0,1008798.0
12,112,-300.0,1012863.0
12,113,200.0,1002935.5
12,114,400.0,998995.5
12,115,700.0,993053.0
12,116,1000.0,987135.5
12,117,-400.0,1015195.5
12,118,-800.0,1023250.5
12,119,-500.0,1017303.0
12,120,-1200.0,1031365.5
12,121,-1100.0,1029433.0
12,122,-300.0,1013498.0
12,123,-1200.0,1031590.5
12,124,500.0,997683.0
12,125,400.0,999730.5
12,126,300.0,1001788.0
12,127,700.0,993843.0
12,128,1300.0,981903.0
12,129,900.0,989973.0
12,130,200.0,1004060.5
12,131,-300.0,1014113.0
12,132,-400.0,1016170.5
12,133,100.0,1006233.0
12,134,800.0,992310.5
12,135,200.0,1004365.5
12,136,900.0,990423.0
12,137,1000.0,988495.5
12,138,1600.0,976545.5
12,139,1400.0,980590.5
12,140,2600.0,956655.5
12,141,2400.0,960714.5
12,142,2000.0,968801.5
12,143,1500.0,978864.0
12,144,1900.0,970934.0
12,145,1500.0,979009.0
12,146,2100.0,967064.0
12,147,2000.0,969094.0
12,148,1900.0,971136.5
12,149,2400.0,961189.0
12,150,1800.0,973253.5
12,151,1700.0,975331.0
12,152,1400.0,981383.5
12,153,1800.0,973428.5
12,154,1700.0,975471.0
12,155,3000.0,949543.5
12,156,1700.0,975594.5
12,157,2100.0,967654.5
12,158,1900.0,971720.0
12,159,1700.0,975780.0
12,160,2600.0,957837.5
12,161,2500.0,959874.5
12,162,1500.0,979939.5
12,163,1700.0,975999.5
12,164,1000.0,990072.0
12,165,1100.0,988114.5
12,166,100.0,1008184.5
12,167,-300.0,1016264.5
12,168,-200.0,1014332.0
12,169,-900.0,1028394.5
12,170,-900.0,1028444.5
12,171,-300.0,1016519.5
12,172,-800.0,1026582.0
12,173,-600.0,1022627.0
12,174,-800.0,1026677.0
12,175,-100.0,1012739.5
12,176,100.0,1008799.5
12,177,-100.0,1012859.5
12,178,-200.0,1014912.0
12,179,-500.0,1020944.5
12,180,-1200.0,1035012.0
12,181,-1300.0,1037064.5
12,182,-1900.0,1049124.5
12,183,-2500.0,1061184.5
12,184,-2400.0,1059251.5
12,185,-2100.0,1053292.0
12,186,-2300.0,1057369.5
12,187,-1900.0,1049445.5
12,188,-800.0,1027503.0
12,189,-1400.0,1039578.0
12,190,-2800.0,1067658.0
12,191,-1600.0,1043722.0
12,192,-2400.0,1059782.0
12,193,-2100.0,1053844.5
12,194,-2200.0,1055924.5
12,195,-2600.0,1063986.0
12,196,-2000.0,1052058.0
12,197,-1700.0,1046120.5
12,198,-1900.0,1050185.5
12,199,-1700.0,1046265.5
12,200,-1300.0,1038340.5
12,201,-2000.0,1052393.0
12,202,-1800.0,1048458.0
12,203,-1800.0,1048538.0
12,204,-1900.0,1050600.5
12,205,-2400.0,1060658.0
12,206,-1400.0,1040716.0
12,207,-1900.0,1050763.5
12,208,-2300.0,1058823.5
12,209,-1300.0,1038887.0
12,210,-1300.0,1038932.0
12,211,-1800.0,1048999.5
12,212,-500.0,1023062.0
12,213,-400.0,1021139.5
12,214,-400.0,1021199.5
12,215,-200.0,1017264.5
12,216,200.0,1009344.5
12,217,0.0,1013419.5
12,218,-500.0,1023467.0
12,219,-300.0,1019527.0
12,220,-1500.0,1043612.0
12,221,-2500.0,1063677.0
12,222,-2400.0,1061729.0
12,223,-2500.0,1063820.0
12,224,-1000.0,1033870.0
12,225,-500.0,1023927.5
12,226,-1300.0,1040007.5
12,227,-600.0,1026065.0
12,228,-500.0,1024097.5
12,229,-800.0,1030175.0
12,230,-1100.0,1036232.5
12,231,-800.0,1030315.0
12,232,-1400.0,1042380.0
12,233,-1800.0,1050425.0
12,234,-1500.0,1044502.5
12,235,-2000.0,1054565.0
12,236,-1300.0,1040637.5
12,237,-1400.0,1042685.0
12,238,-1600.0,1046760.0
12,239,-2300.0,1060827.5
12,240,-1500.0,1044867.5
12,241,-2400.0,1062955.0
12,242,-3100.0,1077037.5
12,243,-3000.0,1075090.0
12,244,-2700.0,1069167.5
12,245,-2700.0,1069242.5
12,246,-2500.0,1065302.5
12,247,-2000.0,1055360.0
12,248,-2200.0,1059435.0
12,249,-3200.0,1079500.0
12,250,-3000.0,1075580.0
12,251,-3600.0,1087645.0
12,252,-3500.0,1085682.5
13,0,10000.0,800000.0
13,1,9100.0,818038.5
13,2,7900.0,842101.0
13,3,6700.0,866160.0
13,4,6800.0,864218.0
13,5,6900.0,862286.0
13,6,5800.0,884353.0
13,7,5000.0,900404.0
13,8,4000.0,920469.0
13,9,2900.0,942521.0
13,10,2800.0,944588.0
13,11,2500.0,950654.0
13,12,1800.0,964713.0
13,13,2600.0,948798.0
13,14,1700.0,966841.0
13,15,1500.0,970906.0
13,16,1800.0,964963.5
13,17,2300.0,955031.0
13,18,1300.0,975094.5
13,19,1000.0,981167.0
13,20,0.0,1001237.0
13,21,-700.0,1015309.5
13,22,-500.0,1011349.5
13,23,-1900.0,1039429.5
13,24,-1600.0,1033502.0
13,25,-2400.0,1049562.0
13,26,-2500.0,1051614.5
13,27,-2200.0,1045670.5
13,28,-1800.0,1037719.0
13,29,-1300.0,1027761.5
13,30,-1200.0,1025839.0
13,31,-1100.0,1023901.5
13,32,-800.0,1017959.0
13,33,-700.0,1016036.5
13,34,400.0,994094.0
13,35,600.0,990149.0
13,36,0.0,1002219.0
13,37,400.0,994279.0
13,38,1300.0,976351.5
13,39,500.0,992401.5
13,40,900.0,984481.5
13,41,400.0,994549.0
13,42,1200.0,978604.0
13,43,800.0,986664.0
13,44,800.0,986714.0
13,45,1200.0,978789.0
13,46,1800.0,966834.0
13,47,3000.0,942884.0
13,48,2600.0,950947.0
13,49,2500.0,952999.0
13,50,2200.0,959035.0
13,51,1800.0,967083.5
13,52,2500.0,953156.0
13,53,1300.0,977215.0
13,54,1700.0,969290.0
13,55,1000.0,983342.5
13,56,-100.0,1005420.0
13,57,200.0,999517.5
13,58,300.0,997575.0
13,59,1400.0,975657.5
13,60,1400.0,975712.5
13,61,1300.0,977770.0
13,62,1400.0,975827.5
13,63,1600.0,971877.5
13,64,1800.0,967947.5
13,65,1700.0,970010.0
13,66,2300.0,958070.0
13,67,3300.0,938155.0
13,68,3900.0,926208.0
13,69,3000.0,944276.0
13,70,2500.0,954326.0
13,71,2000.0,964391.0
13,72,2500.0,954443.5
13,73,2300.0,958497.5
13,74,1300.0,978566.5
13,75,600.0,992619.0
13,76,500.0,994666.5
13,77,1300.0,978746.5
13,78,1900.0,966816.5
13,79,1400.0,976879.0
13,80,1600.0,972929.0
13,81,1700.0,970976.5
13,82,800.0,989029.0
13,83,1600.0,973079.0
13,84,1800.0,969129.0
13,85,2000.0,965184.0
13,86,2600.0,953264.0
13,87,2500.0,955326.0
13,88,2300.0,959405.0
13,89,1500.0,975469.0
13,90,800.0,989541.5
13,91,400.0,997576.5
13,92,200.0,1001636.5
13,93,-600.0,1017696.5
13,94,-800.0,1021756.5
13,95,400.0,997836.5
13,96,-100.0,1007884.0
13,97,700.0,991954.0
13,98,1000.0,986016.5
13,99,1100.0,984069.0
13,100,1600.0,974121.5
13,101,1000.0,986176.5
13,102,1400.0,978241.5
13,103,600.0,994311.5
13,104,700.0,992379.0
13,105,1400.0,978446.5
13,106,1700.0,972519.0
13,107,1900.0,968584.0
13,108,2200.0,962636.5
13,109,2000.0,966674.5
13,110,1400.0,978714.5
13,111,1600.0,974779.5
13,112,1400.0,978844.5
13,113,1300.0,980897.0
13,114,1600.0,974949.5
13,115,1100.0,985022.0
13,116,200.0,1003104.5
13,117,200.0,1003174.5
13,118,-200.0,1011239.5
13,119,-200.0,1011314.5
13,120,1000.0,987369.5
13,121,800.0,991409.5
13,122,200.0,1003499.5
13,123,300.0,1001547.0
13,124,700.0,993612.0
13,125,1500.0,977677.0
13,126,1800.0,971739.5
13,127,2000.0,967799.5
13,128,1400.0,979854.5
13,129,900.0,989937.0
13,130,200.0,1004014.5
13,131,200.0,1004084.5
13,132,-800.0,1024144.5
13,133,-400.0,1016244.5
13,134,-500.0,1018322.0
13,135,-600.0,1020399.5
13,136,-500.0,1018492.0
13,137,-700.0,1022562.0
13,138,-200.0,1012629.5
13,139,-100.0,1010687.0
13,140,-500.0,1018747.0
13,141,-400.0,1016804.5
13,142,-300.0,1014872.0
13,143,-100.0,1010947.0
13,144,300.0,1002992.0
13,145,-500.0,1019062.0
13,146,-1300.0,1035142.0
13,147,-1300.0,1035202.0
13,148,-900.0,1027257.0
13,149,-1200.0,1033314.5
13,150,-1300.0,1035382.0
13,151,-1100.0,1031437.0
13,152,-1300.0,1035482.0
13,153,-1000.0,1029539.5
13,154,-1400.0,1037599.5
13,155,-2000.0,1049639.5
13,156,-2100.0,1051662.0
13,157,-2700.0,1063718.5
13,158,-1400.0,1037769.5
13,159,-1400.0,1037829.5
13,160,-1200.0,1033894.5
13,161,-1700.0,1043957.0
13,162,-1500.0,1040017.0
13,163,-2000.0,1050094.5
13,164,-2700.0,1064167.0
13,165,-2500.0,1060226.0
13,166,-900.0,1028303.0
13,167,-900.0,1028368.0
13,168,-1200.0,1034425.5
13,169,-1000.0,1030485.5
13,170,0.0,1010560.5
13,171,200.0,1006615.5
13,172,-200.0,1014670.5
13,173,100.0,1008728.0
13,174,-600.0,1022790.5
13,175,-1300.0,1036858.0
13,176,-1100.0,1032918.0
13,177,-200.0,1014980.5
13,178,-500.0,1021048.0
13,179,-800.0,1027110.5
13,180,-1800.0,1047200.5
13,181,-2000.0,1051280.5
13,182,-2000.0,1051350.5
13,183,-2100.0,1053408.0
13,184,-2600.0,1063472.5
13,185,-1500.0,1041559.5
13,186,-1900.0,1049634.5
13,187,-1400.0,1039722.0
13,188,-1500.0,1041784.5
13,189,-1300.0,1037839.5
13,190,-700.0,1025894.5
13,191,-1000.0,1031937.0
13,192,-1200.0,1036002.0
13,193,-1500.0,1042099.5
13,194,-1500.0,1042149.5
13,195,-1400.0,1040192.0
13,196,-900.0,1030239.5
13,197,-500.0,1022304.5
13,198,100.0,1010399.5
13,199,200.0,1008462.0
13,200,100.0,1010559.5
13,201,400.0,1004617.0
13,202,500.0,1002674.5
13,203,400.0,1004732.0
13,204,900.0,994784.5
13,205,900.0,994834.5
13,206,800.0,996897.0
13,207,100.0,1010969.5
13,208,-200.0,1017042.0
13,209,-400.0,1021087.0
13,210,-400.0,1021142.0
13,211,-1000.0,1033207.0
13,212,-2000.0,1053272.0
13,213,-2300.0,1059334.5
13,214,-2900.0,1071391.0
13,215,-3000.0,1073444.0
13,216,-3000.0,1073474.0
13,217,-2500.0,1063534.0
13,218,-2500.0,1063589.0
13,219,-1800.0,1049648.0
13,220,-1600.0,1045688.0
13,221,-1000.0,1033743.0
13,222,-1200.0,1037803.0
13,223,-1700.0,1047850.5
13,224,-2200.0,1057898.0
13,225,-700.0,1027957.5
13,226,-700.0,1028007.5
13,227,-400.0,1022075.0
13,228,-500.0,1024142.5
13,229,-900.0,1032207.5
13,230,-1100.0,1036257.5
13,231,-1800.0,1050310.0
13,232,-1500.0,1044382.5
13,233,-1000.0,1034465.0
13,234,-600.0,1026540.0
13,235,-800.0,1030630.0
13,236,-200.0,1018685.0
13,237,-400.0,1022750.0
13,238,-800.0,1030805.0
13,239,-1900.0,1052887.5
13,240,-1900.0,1052972.5
13,241,-2300.0,1061037.5
13,242,-2600.0,1067105.0
13,243,-3300.0,1081167.5
13,244,-3100.0,1077212.5
13,245,-3100.0,1077292.5
13,246,-3700.0,1089367.5
13,247,-3700.0,1089427.5
13,248,-4100.0,1097482.5
13,249,-4500.0,1105547.5
13,250,-3900.0,1093602.5
13,251,-3100.0,1077667.5
13,252,-3000.0,1075730.0
14,0,10000.0,800000.0
14,1,9100.0,818058.5
14,2,8400.0,832116.5
14,3,7200.0,856170.5
14,4,6300.0,874233.5
14,5,4500.0,910294.5
14,6,3600.0,928367.5
14,7,3700.0,926435.5
14,8,2700.0,946485.5
14,9,1800.0,964533.5
14,10,1200.0,976603.5
14,11,1800.0,964678.5
14,12,1600.0,968723.5
14,13,900.0,982781.0
14,14,900.0,982836.0
14,15,1000.0,980893.5
14,16,1100.0,978966.0
14,17,900.0,983031.0
14,18,900.0,983086.0
14,19,600.0,989153.5
14,20,-200.0,1005213.5
14,21,200.0,997263.5
14,22,300.0,995301.0
14,23,-100.0,1003366.0
14,24,500.0,991421.0
14,25,900.0,983481.0
14,26,500.0,991546.0
14,27,400.0,993598.5
14,28,900.0,983666.0
14,29,1500.0,971746.0
14,30,2600.0,949818.5
14,31,2700.0,947856.5
14,32,1500.0,971905.5
14,33,700.0,988015.5
14,34,700.0,988075.5
14,35,600.0,990113.0
14,36,400.0,994168.0
14,37,0.0,1002228.0
14,38,900.0,984285.5
14,39,-100.0,1004355.5
14,40,-200.0,1006408.0
14,41,200.0,998503.0
14,42,200.0,998573.0
14,43,-100.0,1004655.5
14,44,-100.0,1004725.5
14,45,-100.0,1004785.5
14,46,-700.0,1016860.5
14,47,-900.0,1020935.5
14,48,-200.0,1006983.0
14,49,-1700.0,1037065.5
14,50,-2700.0,1057125.5
14,51,-2900.0,1061186.5
14,52,-2100.0,1045237.5
14,53,-1900.0,1041286.5
14,54,-1300.0,1029341.5
14,55,-2200.0,1047394.0
14,56,-1700.0,1037439.5
14,57,-1400.0,1031497.0
14,58,-1300.0,1029579.5
14,59,-700.0,1017629.5
14,60,-1000.0,1023672.0
14,61,-800.0,1019742.0
14,62,-1700.0,1037804.5
14,63,-1700.0,1037854.5
14,64,-2000.0,1043922.0
14,65,-1600.0,1035977.0
14,66,-800.0,1020062.0
14,67,-300.0,1010124.5
14,68,-200.0,1008172.0
14,69,-300.0,1010239.5
14,70,-900.0,1022284.5
14,71,-400.0,1012342.0
14,72,-1200.0,1028422.0
14,73,-1800.0,1040487.0
14,74,-1500.0,1034534.5
14,75,-1300.0,1030589.5
14,76,-1900.0,1042679.5
14,77,-2500.0,1054739.5
14,78,-2700.0,1058795.5
14,79,-1500.0,1034849.5
14,80,-1800.0,1040902.0
14,81,-1500.0,1034964.5
14,82,-900.0,1023044.5
14,83,-1000.0,1025102.0
14,84,-1600.0,1037162.0
14,85,-1400.0,1033227.0
14,86,-2200.0,1049292.0
14,87,-1800.0,1041379.0
14,88,-1700.0,1039451.5
14,89,-1400.0,1033524.0
14,90,-700.0,1019611.5
14,91,-200.0,1009684.0
14,92,-300.0,1011746.5
14,93,-800.0,1021814.0
14,94,-100.0,1007876.5
14,95,400.0,997949.0
14,96,1100.0,984041.5
14,97,700.0,992086.5
14,98,400.0,998144.0
14,99,800.0,990209.0
14,100,900.0,988251.5
14,101,700.0,992306.5
14,102,600.0,994364.0
14,103,600.0,994424.0
14,104,700.0,992491.5
14,105,0.0,1006544.0
14,106,-400.0,1014604.0
14,107,-500.0,1016651.5
14,108,-1200.0,1030719.0
14,109,-1500.0,1036786.5
14,110,-1600.0,1038839.0
14,111,-700.0,1020921.5
14,112,100.0,1004961.5
14,113,600.0,995014.0
14,114,700.0,993061.5
14,115,300.0,1001141.5
14,116,800.0,991194.0
14,117,1700.0,973246.5
14,118,2000.0,967309.0
14,119,3100.0,945386.5
14,120,2800.0,951452.5
14,121,2200.0,963494.5
14,122,1900.0,969551.5
14,123,1100.0,985626.5
14,124,900.0,989681.5
14,125,600.0,995734.0
14,126,1200.0,983779.0
14,127,1100.0,985861.5
14,128,1000.0,987919.0
14,129,200.0,1003969.0
14,130,-100.0,1010021.5
14,131,-800.0,1024069.0
14,132,-1000.0,1028129.0
14,133,-400.0,1016219.0
14,134,-900.0,1026281.5
14,135,-800.0,1024349.0
14,136,-600.0,1020409.0
14,137,400.0,1000464.0
14,138,300.0,1002536.5
14,139,400.0,1000599.0
14,140,500.0,998651.5
14,141,500.0,998706.5
14,142,600.0,996749.0
14,143,800.0,992794.0
14,144,2400.0,960864.0
14,145,2500.0,958905.5
14,146,1700.0,974946.5
14,147,2500.0,959021.5
14,148,2100.0,967094.5
14,149,1800.0,973168.0
14,150,1800.0,973233.0
14,151,2200.0,965278.0
14,152,2500.0,959342.0
14,153,1300.0,983401.0
14,154,1000.0,989453.5
14,155,1400.0,981518.5
14,156,1000.0,989568.5
14,157,700.0,995631.0
14,158,-200.0,1013703.5
14,159,-500.0,1019761.0
14,160,-1200.0,1033823.5
14,161,-700.0,1023861.0
14,162,-300.0,1015931.0
14,163,1000.0,989993.5
14,164,700.0,996056.0
14,165,1500.0,980126.0
14,166,700.0,996176.0
14,167,900.0,992246.0
14,168,800.0,994303.5
14,169,1100.0,988366.0
14,170,500.0,1000436.0
14,171,1400.0,982493.5
14,172,1000.0,990573.5
14,173,1100.0,988666.0
14,174,500.0,1000716.0
14,175,-200.0,1014773.5
14,176,-1000.0,1030838.5
14,177,-1100.0,1032906.0
14,178,-900.0,1028961.0
14,179,-700.0,1025011.0
14,180,-100.0,1013076.0
14,181,-100.0,1013156.0
14,182,-400.0,1019213.5
14,183,-400.0,1019293.5
14,184,200.0,1007358.5
14,185,1100.0,989446.0
14,186,1300.0,985491.0
14,187,1700.0,977551.0
14,188,1400.0,983613.5
14,189,1600.0,979708.5
14,190,2100.0,969771.0
14,191,2000.0,971845.0
14,192,2300.0,965932.5
14,193,1900.0,973992.0
14,194,2100.0,970077.0
14,195,1500.0,982130.5
14,196,1600.0,980193.0
14,197,1600.0,980253.0
14,198,1500.0,982300.5
14,199,1300.0,986350.5
14,200,1700.0,978405.5
14,201,700.0,998465.5
14,202,-200.0,1016533.0
14,203,-300.0,1018590.5
14,204,-800.0,1028668.0
14,205,-1100.0,1034715.5
14,206,-1900.0,1050780.5
14,207,-1900.0,1050840.5
14,208,-2300.0,1058900.5
14,209,-1600.0,1044967.5
14,210,-1300.0,1039055.0
14,211,-1000.0,1033112.5
14,212,-1400.0,1041177.5
14,213,-700.0,1027230.0
14,214,-1400.0,1041307.5
14,215,-1500.0,1043380.0
14,216,-1000.0,1033432.5
14,217,-600.0,1025502.5
14,218,-800.0,1029597.5
14,219,-900.0,1031645.0
14,220,-1900.0,1051715.0
14,221,-2000.0,1053762.5
14,222,-2000.0,1053832.5
14,223,-1900.0,1051870.0
14,224,-1800.0,1049927.5
14,225,-1300.0,1040000.0
14,226,-1000.0,1034072.5
14,227,-800.0,1030142.5
14,228,100.0,1012205.0
14,229,500.0,1004255.0
14,230,400.0,1006327.5
14,231,100.0,1012400.0
14,232,-900.0,1032480.0
14,233,-1500.0,1044550.0
14,234,-1600.0,1046587.5
14,235,-1800.0,1050652.5
14,236,-1600.0,1046722.5
14,237,-1500.0,1044780.0
14,238,-1300.0,1040840.0
14,239,-400.0,1022917.5
14,240,-200.0,1018967.5
14,241,-200.0,1019032.5
14,242,300.0,1009075.0
14,243,1100.0,993120.0
14,244,1100.0,993185.0
14,245,1400.0,987262.5
14,246,1600.0,983312.5
14,247,1900.0,977360.0
14,248,1600.0,983432.5
14,249,1700.0,981500.0
14,250,2700.0,961565.0
14,251,3000.0,955632.5
14,252,3500.0,945665.0
15,0,10000.0,800000.0
15,1,9100.0,818053.5
15,2,8400.0,832111.5
15,3,7800.0,844163.5
15,4,6900.0,862216.5
15,5,6900.0,862276.5
15,6,5900.0,882336.5
15,7,5300.0,894398.5
15,8,4500.0,910459.5
15,9,3500.0,930534.5
15,10,2700.0,946570.5
15,11,1900.0,962621.5
15,12,1200.0,976684.0
15,13,1200.0,976739.0
15,14,1400.0,972789.0
15,15,1800.0,964849.0
15,16,2600.0,948919.0
15,17,2700.0,946987.0
15,18,2100.0,959064.0
15,19,2500.0,951125.5
15,20,3400.0,933187.5
15,21,2700.0,947241.5
15,22,1400.0,973307.5
15,23,1300.0,975370.0
15,24,1200.0,977427.5
15,25,1600.0,969502.5
15,26,1800.0,965552.5
15,27,2500.0,951615.0
15,28,1600.0,969673.0
15,29,1000.0,981723.0
15,30,1500.0,971770.5
15,31,1400.0,973843.0
15,32,600.0,989923.0
15,33,0.0,1001988.0
15,34,200.0,998053.0
15,35,200.0,998133.0
15,36,0.0,1002208.0
15,37,1000.0,982278.0
15,38,1200.0,978333.0
15,39,1400.0,974418.0
15,40,2200.0,958473.0
15,41,1700.0,968513.0
15,42,2400.0,954580.5
15,43,2100.0,960637.5
15,44,2100.0,960709.0
15,45,2000.0,962750.0
15,46,1400.0,974835.0
15,47,900.0,984902.5
15,48,800.0,986945.0
15,49,400.0,994995.0
15,50,100.0,1001057.5
15,51,-100.0,1005117.5
15,52,600.0,991180.0
15,53,700.0,989247.5
15,54,100.0,1001307.5
15,55,-600.0,1015385.0
15,56,-400.0,1011425.0
15,57,-600.0,1015485.0
15,58,-1400.0,1031545.0
15,59,-1200.0,1027620.0
15,60,-1100.0,1025692.5
15,61,-1400.0,1031740.0
15,62,-1200.0,1027790.0
15,63,-700.0,1017847.5
15,64,-500.0,1013887.5
15,65,-1000.0,1023945.0
15,66,-1400.0,1032010.0
15,67,-2400.0,1052085.0
15,68,-2200.0,1048134.0
15,69,-2200.0,1048205.5
15,70,-1700.0,1038251.0
15,71,-1100.0,1026331.0
15,72,-1400.0,1032403.5
15,73,-1800.0,1040473.5
15,74,-1600.0,1036548.5
15,75,-1100.0,1026611.0
15,76,-1500.0,1034666.0
15,77,-1700.0,1038716.0
15,78,-1800.0,1040768.5
15,79,-2300.0,1050811.0
15,80,-2200.0,1048863.0
15,81,-2000.0,1044906.5
15,82,-1900.0,1042979.0
15,83,-2000.0,1045041.5
15,84,-2100.0,1047114.0
15,85,-2300.0,1051180.5
15,86,-2400.0,1053266.0
15,87,-2800.0,1061311.0
15,88,-2600.0,1057350.0
15,89,-1900.0,1043414.0
15,90,-2000.0,1045451.5
15,91,-2600.0,1057501.5
15,92,-1500.0,1035558.5
15,93,-1800.0,1041611.0
15,94,-600.0,1017676.0
15,95,-300.0,1011753.5
15,96,-1400.0,1033816.0
15,97,-1200.0,1029861.0
15,98,-1100.0,1027923.5
15,99,-400.0,1013986.0
15,100,-1400.0,1034046.0
15,101,-900.0,1024118.5
15,102,-900.0,1024188.5
15,103,-1200.0,1030261.0
15,104,-1000.0,1026311.0
15,105,-100.0,1008388.5
15,106,-700.0,1020438.5
15,107,-300.0,1012498.5
15,108,-400.0,1014541.0
15,109,-500.0,1016618.5
15,110,-500.0,1016678.5
15,111,-700.0,1020728.5
15,112,100.0,1004813.5
15,113,-300.0,1012883.5
15,114,300.0,1000943.5
15,115,100.0,1005008.5
15,116,0.0,1007051.0
15,117,500.0,997118.5
15,118,-200.0,1011166.0
15,119,100.0,1005228.5
15,120,100.0,1005273.5
15,121,0.0,1007351.0
15,122,-800.0,1023416.0
15,123,-600.0,1019471.0
15,124,-1300.0,1033533.5
15,125,-200.0,1011606.0
15,126,200.0,1003641.0
15,127,700.0,993703.5
15,128,200.0,1003761.0
15,129,200.0,1003826.0
15,130,400.0,999901.0
15,131,900.0,989978.5
15,132,100.0,1006028.5
15,133,-200.0,1012101.0
15,134,-500.0,1018168.5
15,135,-1200.0,1032221.0
15,136,-1500.0,1038283.5
15,137,-1900.0,1046343.5
15,138,-600.0,1020411.0
15,139,300.0,1002478.5
15,140,1200.0,984541.0
15,141,1400.0,980601.0
15,142,1300.0,982683.5
15,143,1500.0,978758.5
15,144,1400.0,980836.0
15,145,1600.0,976906.0
15,146,1500.0,978948.5
15,147,1400.0,980996.0
15,148,2400.0,961061.0
15,149,2700.0,955136.0
15,150,1900.0,971217.0
15,151,2100.0,967307.0
15,152,1700.0,975350.0
15,153,1800.0,973397.5
15,154,1000.0,989482.5
15,155,300.0,1003545.0
15,156,400.0,1001607.5
15,157,-100.0,1011670.0
15,158,-1100.0,1031740.0
15,159,-1300.0,1035805.0
15,160,-1700.0,1043870.0
15,161,-1600.0,1041947.5
15,162,-2300.0,1056020.0
15,163,-1400.0,1038075.5
15,164,-1300.0,1036123.0
15,165,-1300.0,1036188.0
15,166,-1500.0,1040253.0
15,167,-1700.0,1044318.0
15,168,-1400.0,1038370.5
15,169,-1000.0,1030430.5
15,170,-1500.0,1040488.0
15,171,-1500.0,1040553.0
15,172,-1700.0,1044613.0
15,173,-900.0,1028678.0
15,174,-100.0,1012738.0
15,175,-400.0,1018800.5
15,176,-100.0,1012838.0
15,177,300.0,1004898.0
15,178,200.0,1006985.5
15,179,700.0,997023.0
15,180,800.0,995065.5
15,181,400.0,1003115.5
15,182,600.0,999170.5
15,183,-100.0,1013228.0
15,184,-200.0,1015290.5
15,185,-600.0,1023355.5
15,186,-1000.0,1031425.5
15,187,-400.0,1019480.5
15,188,100.0,1009568.0
15,189,300.0,1005653.0
15,190,900.0,993708.0
15,191,1300.0,985768.0
15,192,800.0,995855.5
15,193,1100.0,989903.0
15,194,1000.0,991970.5
15,195,1000.0,992010.5
15,196,1000.0,992070.5
15,197,700.0,998118.0
15,198,900.0,994188.0
15,199,1000.0,992245.5
15,200,1100.0,990308.0
15,201,1100.0,990393.0
15,202,1100.0,990458.0
15,203,1700.0,978508.0
15,204,800.0,996565.5
15,205,-200.0,1016625.5
15,206,-1800.0,1048710.5
15,207,-2200.0,1056775.5
15,208,-1800.0,1048846.0
15,209,-1700.0,1046918.5
15,210,-1700.0,1046978.5
15,211,-1300.0,1039043.5
15,212,-1500.0,1043118.5
15,213,-1400.0,1041186.0
15,214,-900.0,1031238.5
15,215,-400.0,1021296.0
15,216,200.0,1009351.0
15,217,-200.0,1017396.0
15,218,-300.0,1019463.5
15,219,-1000.0,1033506.0
15,220,-800.0,1029561.0
15,221,-100.0,1015613.5
15,222,-700.0,1027663.5
15,223,-600.0,1025716.0
15,224,-500.0,1023763.5
15,225,0.0,1013811.0
15,226,500.0,1003878.5
15,227,-300.0,1019918.5
15,228,-300.0,1019978.5
15,229,-100.0,1016043.5
15,230,-300.0,1020108.5
15,231,-600.0,1026171.0
15,232,-200.0,1018241.0
15,233,1000.0,994311.0
15,234,-200.0,1018386.0
15,235,-300.0,1020453.5
15,236,-300.0,1020508.5
15,237,300.0,1008578.5
15,238,100.0,1012638.5
15,239,-600.0,1026691.0
15,240,-1000.0,1034771.0
15,241,-800.0,1030836.0
15,242,-1000.0,1034896.0
15,243,-1700.0,1048948.5
15,244,-900.0,1033008.5
15,245,-1400.0,1043081.0
15,246,-1600.0,1047161.0
15,247,-1400.0,1043216.0
15,248,-1100.0,1037298.5
15,249,-300.0,1021353.5
15,250,-400.0,1023401.0
15,251,-500.0,1025458.5
15,252,-200.0,1019511.0
16,0,10000.0,800000.0
16,1,9500.0,810057.5
16,2,9000.0,820085.0
16,3,8400.0,832152.0
16,4,7500.0,850225.0
16,5,6500.0,870300.0
16,6,6200.0,876376.0
16,7,6800.0,864424.0
16,8,5700.0,886486.0
16,9,5000.0,900560.0
16,10,5400.0,892622.0
16,11,5300.0,894669.0
16,12,4100.0,918723.0
16,13,3900.0,922787.0
16,14,3200.0,936826.0
16,15,2300.0,954869.0
16,16,2000.0,960904.0
16,17,2100.0,958936.5
16,18,2200.0,957000.0
16,19,2200.0,957033.0
16,20,1900.0,963079.0
16,21,1400.0,973146.5
16,22,1100.0,979234.0
16,23,2200.0,957281.5
16,24,2000.0,961341.5
16,25,2100.0,959399.0
16,26,1500.0,971469.0
16,27,1200.0,977531.5
16,28,300.0,995599.0
16,29,500.0,991674.0
16,30,-300.0,1007749.0
16,31,300.0,995809.0
16,32,200.0,997876.5
16,33,600.0,989926.5
16,34,1000.0,981981.5
16,35,1300.0,976039.0
16,36,1300.0,976084.0
16,37,1900.0,964139.0
16,38,2100.0,960209.0
16,39,2300.0,956286.5
16,40,1800.0,966359.5
16,41,2900.0,944412.0
16,42,2700.0,948461.0
16,43,1700.0,968551.0
16,44,2600.0,950608.5
16,45,2500.0,952655.5
16,46,3000.0,942740.5
16,47,2500.0,952790.5
16,48,2000.0,962855.5
16,49,2600.0,950915.5
16,50,2500.0,952952.5
16,51,2200.0,959008.5
16,52,2400.0,955064.0
16,53,1500.0,973114.0
16,54,1000.0,983171.5
16,55,1200.0,979226.5
16,56,700.0,989289.0
16,57,2400.0,955351.5
16,58,2000.0,963394.5
16,59,1800.0,967459.5
16,60,1800.0,967514.5
16,61,1900.0,965567.0
16,62,1000.0,983639.5
16,63,1000.0,983709.5
16,64,700.0,989757.0
16,65,900.0,985817.0
16,66,1100.0,981892.0
16,67,700.0,989952.0
16,68,600.0,992004.5
16,69,400.0,996059.5
16,70,1700.0,970132.0
16,71,1300.0,978192.0
16,72,900.0,986267.0
16,73,2000.0,964304.5
16,74,2000.0,964364.5
16,75,2100.0,962412.0
16,76,700.0,990502.0
16,77,400.0,996544.5
16,78,1100.0,982607.0
16,79,1200.0,980644.5
16,80,1100.0,982707.0
16,81,800.0,988764.5
16,82,900.0,986822.0
16,83,1200.0,980864.5
16,84,800.0,988914.5
16,85,500.0,994967.0
16,86,600.0,993019.5
16,87,900.0,987052.0
16,88,400.0,997124.5
16,89,100.0,1003182.0
16,90,300.0,999247.0
16,91,400.0,997299.5
16,92,900.0,987342.0
16,93,1000.0,985399.5
16,94,100.0,1003462.0
16,95,-300.0,1011557.0
16,96,-700.0,1019617.0
16,97,-400.0,1013704.5
16,98,-800.0,1021769.5
16,99,-300.0,1011827.0
16,100,-300.0,1011882.0
16,101,-400.0,1013949.5
16,102,-700.0,1020022.0
16,103,-1700.0,1040087.0
16,104,-1500.0,1036152.0
16,105,-1100.0,1028212.0
16,106,-800.0,1022279.5
16,107,-900.0,1024332.0
16,108,-600.0,1018374.5
16,109,-300.0,1012427.0
16,110,-200.0,1010499.5
16,111,-300.0,1012542.0
16,112,-200.0,1010614.5
16,113,-800.0,1022674.5
16,114,-600.0,1018749.5
16,115,-600.0,1018824.5
16,116,-400.0,1014899.5
16,117,-600.0,1018964.5
16,118,0.0,1007024.5
16,119,400.0,999079.5
16,120,400.0,999134.5
16,121,-200.0,1011174.5
16,122,-800.0,1023214.5
16,123,400.0,999279.5
16,124,1100.0,985347.0
16,125,1900.0,969397.0
16,126,1700.0,973437.0
16,127,2000.0,967494.5
16,128,2300.0,961567.0
16,129,1400.0,979622.5
16,130,1700.0,973680.0
16,131,1500.0,977770.0
16,132,1800.0,971817.5
16,133,1100.0,985875.0
16,134,1500.0,977930.0
16,135,900.0,990015.0
16,136,1400.0,980087.5
16,137,2000.0,968157.5
16,138,2200.0,964212.5
16,139,2100.0,966286.5
16,140,2100.0,966341.5
16,141,1500.0,978428.0
16,142,1200.0,984470.5
16,143,500.0,998538.0
16,144,600.0,996595.5
16,145,500.0,998648.0
16,146,1300.0,982693.0
16,147,800.0,992780.5
16,148,400.0,1000850.5
16,149,500.0,998938.0
16,150,200.0,1004970.5
16,151,1000.0,989035.5
16,152,500.0,999088.0
16,153,600.0,997170.5
16,154,900.0,991258.0
16,155,1500.0,979323.0
16,156,2500.0,959393.0
16,157,2100.0,967451.0
16,158,2600.0,957510.0
16,159,2200.0,965563.0
16,160,2800.0,953641.5
16,161,2200.0,965708.5
16,162,2400.0,961797.0
16,163,1400.0,981866.0
16,164,1500.0,979938.5
16,165,2300.0,964008.5
16,166,1300.0,984077.5
16,167,1800.0,974130.0
16,168,1800.0,974190.0
16,169,2100.0,968257.5
16,170,1200.0,986329.5
16,171,1500.0,980397.0
16,172,1700.0,976477.0
16,173,1800.0,974534.5
16,174,2200.0,966604.5
16,175,1400.0,982657.5
16,176,1800.0,974702.5
16,177,2200.0,966772.5
16,178,2000.0,970849.0
16,179,1400.0,982914.0
16,180,1500.0,981001.5
16,181,1000.0,991069.0
16,182,500.0,1001126.5
16,183,600.0,999174.0
16,184,1100.0,989236.5
16,185,1400.0,983274.0
16,186,1200.0,987334.0
16,187,800.0,995384.0
16,188,500.0,1001456.5
16,189,100.0,1009501.5
16,190,100.0,1009556.5
16,191,-800.0,1027634.0
16,192,-1500.0,1041691.5
16,193,-2500.0,1061756.5
16,194,-2300.0,1057800.5
16,195,-1400.0,1039856.0
16,196,-1400.0,1039906.0
16,197,-1100.0,1033953.5
16,198,-1300.0,1038018.5
16,199,-1200.0,1036081.0
16,200,-900.0,1030148.5
16,201,-800.0,1028206.0
16,202,-900.0,1030283.5
16,203,-1100.0,1034333.5
16,204,-300.0,1018393.5
16,205,0.0,1012451.0
16,206,-300.0,1018513.5
16,207,300.0,1006578.5
16,208,300.0,1006643.5
16,209,0.0,1012701.0
16,210,-100.0,1014773.5
16,211,1000.0,992816.0
16,212,1400.0,984911.0
16,213,2000.0,972961.0
16,214,1800.0,977026.0
16,215,2100.0,971088.5
16,216,1100.0,991168.5
16,217,1100.0,991228.5
16,218,1500.0,983268.5
16,219,1600.0,981311.0
16,220,1500.0,983393.5
16,221,2200.0,969471.0
16,222,2600.0,961521.5
16,223,2300.0,967577.5
16,224,2200.0,969618.5
16,225,2900.0,955683.5
16,226,2700.0,959732.5
16,227,2700.0,959787.5
16,228,1700.0,979827.5
16,229,1400.0,985880.0
16,230,1000.0,993930.0
16,231,1700.0,980002.5
16,232,1300.0,988062.5
16,233,1000.0,994140.0
16,234,700.0,1000202.5
16,235,900.0,996257.5
16,236,1000.0,994315.0
16,237,1000.0,994355.0
16,238,1500.0,984397.5
16,239,1200.0,990445.0
16,240,1600.0,982495.0
16,241,1600.0,982550.0
16,242,1700.0,980612.5
16,243,1700.0,980702.5
16,244,2300.0,968752.5
16,245,1800.0,978805.0
16,246,1000.0,994855.0
16,247,1300.0,988927.5
16,248,1100.0,993002.5
16,249,200.0,1011100.0
16,250,-100.0,1017162.5
16,251,-1000.0,1035220.0
16,252,-400.0,1023295.0
17,0,10000.0,800000.0
17,1,8900.0,822036.5
17,2,8100.0,838069.0
17,3,8500.0,830121.0
17,4,7900.0,842173.0
17,5,8100.0,838239.0
17,6,8100.0,838299.0
17,7,7400.0,852353.0
17,8,6400.0,872423.0
17,9,5500.0,890471.0
17,10,4700.0,906532.0
17,11,4600.0,908604.0
17,12,3800.0,924670.0
17,13,2500.0,950736.0
17,14,1500.0,970811.0
17,15,1900.0,962856.0
17,16,1800.0,964918.5
17,17,1600.0,968968.5
17,18,1900.0,963011.0
17,19,1900.0,963066.0
17,20,1500.0,971116.0
17,21,700.0,987186.0
17,22,1500.0,971266.0
17,23,1100.0,979316.0
17,24,1200.0,977383.5
17,25,800.0,985443.5
17,26,100.0,999506.0
17,27,-100.0,1003551.0
17,28,-300.0,1007611.0
17,29,-500.0,1011686.0
17,30,100.0,999771.0
17,31,-300.0,1007826.0
17,32,-800.0,1017893.5
17,33,-600.0,1013978.5
17,34,500.0,992051.0
17,35,500.0,992121.0
17,36,1600.0,970193.5
17,37,1200.0,978258.5
17,38,1100.0,980316.0
17,39,1300.0,976391.0
17,40,600.0,990443.5
17,41,1000.0,982483.5
17,42,600.0,990558.5
17,43,1100.0,980606.0
17,44,1000.0,982678.5
17,45,200.0,998743.5
17,46,-100.0,1004786.0
17,47,-100.0,1004871.0
17,48,-200.0,1006923.5
17,49,-600.0,1014973.5
17,50,-1500.0,1033056.0
17,51,-1500.0,1033106.0
17,52,-700.0,1017166.0
17,53,-300.0,1009241.0
17,54,-300.0,1009306.0
17,55,300.0,997346.0
17,56,-500.0,1013411.0
17,57,-800.0,1019478.5
17,58,-1000.0,1023518.5
17,59,-900.0,1021581.0
17,60,-1100.0,1025636.0
17,61,-300.0,1009701.0
17,62,400.0,995743.5
17,63,-100.0,1005816.0
17,64,-400.0,1011868.5
17,65,100.0,1001951.0
17,66,800.0,988003.5
17,67,800.0,988058.5
17,68,400.0,996128.5
17,69,900.0,986186.0
17,70,600.0,992238.5
17,71,300.0,998296.0
17,72,400.0,996383.5
17,73,-300.0,1010441.0
17,74,-300.0,1010516.0
17,75,200.0,1000588.5
17,76,-200.0,1008648.5
17,77,500.0,994711.0
17,78,400.0,996758.5
17,79,100.0,1002816.0
17,80,500.0,994876.0
17,81,-400.0,1012933.5
17,82,-300.0,1011006.0
17,83,500.0,995051.0
17,84,500.0,995121.0
17,85,-200.0,1009173.5
17,86,100.0,1003221.0
17,87,-600.0,1017263.5
17,88,-500.0,1015341.0
17,89,-100.0,1007406.0
17,90,-100.0,1007451.0
17,91,-100.0,1007501.0
17,92,-700.0,1019581.0
17,93,-600.0,1017653.5
17,94,-1400.0,1033693.5
17,95,-1800.0,1041743.5
17,96,-2400.0,1053803.5
17,97,-2000.0,1045885.0
17,98,-1900.0,1043917.5
17,99,-1500.0,1035967.5
17,100,-900.0,1024052.5
17,101,-1000.0,1026115.0
17,102,-1100.0,1028172.5
17,103,-700.0,1020237.5
17,104,-800.0,1022320.0
17,105,-700.0,1020357.5
17,106,-1100.0,1028437.5
17,107,-900.0,1024517.5
17,108,-1400.0,1034580.0
17,109,-1100.0,1028647.5
17,110,-700.0,1020712.5
17,111,0.0,1006780.0
17,112,0.0,1006825.0
17,113,-200.0,1010885.0
17,114,900.0,988922.5
17,115,1500.0,976987.5
17,116,1800.0,971045.0
17,117,1700.0,973082.5
17,118,3100.0,945152.5
17,119,2100.0,965237.5
17,120,2000.0,967289.5
17,121,3300.0,941342.0
17,122,3300.0,941397.0
17,123,2400.0,959445.0
17,124,1700.0,973512.0
17,125,1200.0,983549.5
17,126,1400.0,979604.5
17,127,1200.0,983684.5
17,128,400.0,999749.5
17,129,1000.0,987804.5
17,130,1100.0,985877.0
17,131,800.0,991944.5
17,132,700.0,993997.0
17,133,700.0,994062.0
17,134,700.0,994097.0
17,135,800.0,992139.5
17,136,400.0,1000189.5
17,137,600.0,996249.5
17,138,800.0,992314.5
17,139,2000.0,968359.5
17,140,2800.0,952409.5
17,141,2100.0,966483.5
17,142,2000.0,968535.5
17,143,1900.0,970583.0
17,144,2500.0,958628.0
17,145,1900.0,970675.0
17,146,1300.0,982735.0
17,147,900.0,990795.0
17,148,200.0,1004877.5
17,149,600.0,996907.5
17,150,700.0,994965.0
17,151,800.0,993032.5
17,152,1100.0,987095.0
17,153,600.0,997162.5
17,154,1200.0,985222.5
17,155,1500.0,979265.0
17,156,1200.0,985327.5
17,157,700.0,995415.0
17,158,1000.0,989457.5
17,159,1500.0,979520.0
17,160,1100.0,987565.0
17,161,800.0,993607.5
17,162,1600.0,977652.5
17,163,1600.0,977702.5
17,164,1800.0,973767.5
17,165,2000.0,969827.5
17,166,2200.0,965877.5
17,167,2600.0,957911.5
17,168,2100.0,967966.5
17,169,1600.0,978039.5
17,170,1700.0,976092.0
17,171,2600.0,958164.5
17,172,2200.0,966207.5
17,173,1300.0,984296.0
17,174,600.0,998348.5
17,175,200.0,1006413.5
17,176,300.0,1004476.0
17,177,400.0,1002538.5
17,178,0.0,1010608.5
17,179,400.0,1002673.5
17,180,100.0,1008751.0
17,181,600.0,998803.5
17,182,700.0,996891.0
17,183,600.0,998978.5
17,184,1200.0,987043.5
17,185,900.0,993111.0
17,186,100.0,1009166.0
17,187,-200.0,1015223.5
17,188,-200.0,1015263.5
17,189,-200.0,1015323.5
17,190,800.0,995378.5
17,191,1100.0,989426.0
17,192,700.0,997501.0
17,193,1100.0,989596.0
17,194,500.0,1001656.0
17,195,400.0,1003683.5
17,196,900.0,993736.0
17,197,600.0,999778.5
17,198,200.0,1007823.5
17,199,700.0,997891.0
17,200,1200.0,987938.5
17,201,700.0,997991.0
17,202,1000.0,992058.5
17,203,-200.0,1016123.5
17,204,-500.0,1022171.0
17,205,0.0,1012228.5
17,206,-500.0,1022271.0
17,207,-1500.0,1042321.0
17,208,-2000.0,1052378.5
17,209,-2200.0,1056443.5
17,210,-2400.0,1060499.0
17,211,-1400.0,1040584.5
17,212,-1300.0,1038637.0
17,213,-1500.0,1042687.0
17,214,-1600.0,1044749.5
17,215,-1900.0,1050802.0
17,216,-2200.0,1056869.5
17,217,-1600.0,1044939.5
17,218,-1300.0,1039007.0
17,219,-1000.0,1033089.5
17,220,-1500.0,1043152.0
17,221,-1300.0,1039212.0
17,222,-600.0,1025249.5
17,223,-1200.0,1037324.5
17,224,-1200.0,1037379.5
17,225,-2200.0,1057429.5
17,226,-2600.0,1065480.0
17,227,-1300.0,1039521.0
17,228,-1400.0,1041598.5
17,229,-2300.0,1059661.0
17,230,-2700.0,1067722.5
17,231,-1300.0,1039785.5
17,232,-1400.0,1041853.0
17,233,-1700.0,1047920.5
17,234,-1900.0,1051980.5
17,235,-2000.0,1054023.0
17,236,-2700.0,1068095.5
17,237,-2700.0,1068161.5
17,238,-2100.0,1056220.5
17,239,-1400.0,1042273.0
17,240,-1400.0,1042333.0
17,241,-1100.0,1036385.5
17,242,-600.0,1026448.0
17,243,-300.0,1020515.5
17,244,-400.0,1022558.0
17,245,-800.0,1030648.0
17,246,-500.0,1024735.5
17,247,-200.0,1018783.0
17,248,-1100.0,1036845.5
17,249,-1900.0,1052930.5
17,250,-1500.0,1045000.5
17,251,-1100.0,1037080.5
17,252,-1100.0,1037145.5
18,0,10000.0,800000.0
18,1,9500.0,810042.5
18,2,8200.0,836087.0
18,3,7700.0,846152.0
18,4,7200.0,856212.0
18,5,6500.0,870276.0
18,6,6000.0,880331.0
18,7,5600.0,888394.0
18,8,5600.0,888439.0
18,9,5700.0,886497.0
18,10,5400.0,892568.0
18,11,5200.0,896617.0
18,12,5200.0,896702.0
18,13,5700.0,886762.0
18,14,4800.0,904815.0
18,15,4400.0,912873.0
18,16,3200.0,936957.0
18,17,2000.0,961011.0
18,18,2200.0,957061.0
18,19,3000.0,941118.0
18,20,1700.0,967189.0
18,21,1500.0,971259.0
18,22,1900.0,963339.0
18,23,1800.0,965396.5
18,24,1600.0,969436.5
18,25,1500.0,971489.0
18,26,1900.0,963544.0
18,27,1800.0,965621.5
18,28,1300.0,975684.0
18,29,1000.0,981731.5
18,30,800.0,985796.5
18,31,900.0,983869.0
18,32,900.0,983929.0
18,33,-400.0,1009991.5
18,34,-800.0,1018046.5
18,35,-700.0,1016094.0
18,36,-1000.0,1022191.5
18,37,-1300.0,1028229.0
18,38,-1100.0,1024284.0
18,39,-1400.0,1030371.5
18,40,-1400.0,1030461.5
18,41,-1500.0,1032534.0
18,42,-1800.0,1038606.5
18,43,-1700.0,1036679.0
18,44,-1500.0,1032744.0
18,45,-1400.0,1030806.5
18,46,-1400.0,1030876.5
18,47,-1800.0,1038951.5
18,48,-2500.0,1053029.0
18,49,-2700.0,1057080.0
18,50,-2000.0,1043149.0
18,51,-1100.0,1025231.5
18,52,-2000.0,1043309.0
18,53,-1600.0,1035359.0
18,54,-1800.0,1039414.0
18,55,-1500.0,1033491.5
18,56,-2000.0,1043544.0
18,57,-900.0,1021621.5
18,58,0.0,1003684.0
18,59,-600.0,1015744.0
18,60,0.0,1003799.0
18,61,-300.0,1009856.5
18,62,-300.0,1009921.5
18,63,-900.0,1021986.5
18,64,-700.0,1018036.5
18,65,-1300.0,1030111.5
18,66,-1900.0,1042151.5
18,67,-2000.0,1044209.0
18,68,-2400.0,1052274.0
18,69,-1700.0,1038346.5
18,70,-2100.0,1046386.5
18,71,-1700.0,1038435.0
18,72,-1500.0,1034500.0
18,73,-2700.0,1058585.0
18,74,-2800.0,1060658.0
18,75,-2000.0,1044724.0
18,76,-2700.0,1058776.5
18,77,-1500.0,1034830.5
18,78,-1200.0,1028908.0
18,79,-2100.0,1046965.5
18,80,-2400.0,1053035.0
18,81,-1800.0,1041094.0
18,82,-1300.0,1031166.5
18,83,-1500.0,1035221.5
18,84,-2700.0,1059291.5
18,85,-2700.0,1059356.5
18,86,-1700.0,1039421.5
18,87,-2900.0,1063491.5
18,88,-2500.0,1055544.5
18,89,-1700.0,1039605.5
18,90,-1700.0,1039655.5
18,91,-2700.0,1059715.5
18,92,-3200.0,1069785.5
18,93,-2100.0,1047842.5
18,94,-1900.0,1043886.0
18,95,-2500.0,1055991.0
18,96,-2900.0,1064063.0
18,97,-2800.0,1062145.0
18,98,-2400.0,1054213.0
18,99,-2000.0,1046272.5
18,100,-2300.0,1052350.0
18,101,-2500.0,1056405.5
18,102,-1900.0,1044477.5
18,103,-1600.0,1038540.0
18,104,-300.0,1012612.5
18,105,-400.0,1014680.0
18,106,100.0,1004722.5
18,107,200.0,1002780.0
18,108,-500.0,1016842.5
18,109,-1000.0,1026900.0
18,110,100.0,1004937.5
18,111,200.0,1002990.0
18,112,-700.0,1021047.5
18,113,-500.0,1017117.5
18,114,-200.0,1011160.0
18,115,500.0,997222.5
18,116,0.0,1007275.0
18,117,300.0,1001347.5
18,118,1200.0,983395.0
18,119,1500.0,977442.5
18,120,2000.0,967495.0
18,121,2700.0,953582.5
18,122,2400.0,959658.5
18,123,2300.0,961710.5
18,124,2600.0,955780.0
18,125,2300.0,961831.0
18,126,1600.0,975876.0
18,127,1500.0,977953.5
18,128,1100.0,986018.5
18,129,1400.0,980086.0
18,130,900.0,990143.5
18,131,300.0,1002193.5
18,132,400.0,1000241.0
18,133,800.0,992281.0
18,134,1000.0,988341.0
18,135,900.0,990408.5
18,136,1100.0,986488.5
18,137,1300.0,982558.5
18,138,1200.0,984611.0
18,139,1700.0,974683.5
18,140,1100.0,986758.5
18,141,1000.0,988811.0
18,142,800.0,992866.0
18,143,-400.0,1016926.0
18,144,300.0,1003003.5
18,145,-200.0,1013051.0
18,146,-300.0,1015093.5
18,147,300.0,1003138.5
18,148,0.0,1009196.0
18,149,100.0,1007273.5
18,150,500.0,999353.5
18,151,1000.0,989411.0
18,152,400.0,1001486.0
18,153,-100.0,1011528.5
18,154,-500.0,1019573.5
18,155,-800.0,1025636.0
18,156,-700.0,1023708.5
18,157,-1400.0,1037756.0
18,158,-1400.0,1037831.0
18,159,-100.0,1011898.5
18,160,-200.0,1013976.0
18,161,-500.0,1020033.5
18,162,-500.0,1020083.5
18,163,100.0,1008143.5
18,164,200.0,1006216.0
18,165,1100.0,988273.5
18,166,1400.0,982331.0
18,167,1700.0,976378.5
18,168,1700.0,976443.5
18,169,1700.0,976488.5
18,170,2000.0,970556.0
18,171,2400.0,962611.0
18,172,2500.0,960658.0
18,173,2100.0,968711.0
18,174,2000.0,970757.5
18,175,1500.0,980840.0
18,176,1800.0,974917.5
18,177,1800.0,974982.5
18,178,1300.0,985040.0
18,179,2100.0,969115.0
18,180,600.0,999191.0
18,181,200.0,1007246.0
18,182,400.0,1003321.0
18,183,1300.0,985398.5
18,184,1700.0,977473.5
18,185,1000.0,991546.0
18,186,1100.0,989618.5
18,187,800.0,995676.0
18,188,400.0,1003731.0
18,189,700.0,997793.5
18,190,1500.0,981858.5
18,191,1800.0,975921.0
18,192,1300.0,985988.5
18,193,900.0,994048.5
18,194,1000.0,992121.0
18,195,700.0,998183.5
18,196,1300.0,986263.5
18,197,1300.0,986303.5
18,198,700.0,998398.5
18,199,200.0,1008471.0
18,200,0.0,1012521.0
18,201,600.0,1000576.0
18,202,600.0,1000631.0
18,203,-400.0,1020696.0
18,204,-100.0,1014763.5
18,205,-400.0,1020836.0
18,206,300.0,1006908.5
18,207,200.0,1008971.0
18,208,500.0,1003023.5
18,209,600.0,1001071.0
18,210,1100.0,991118.5
18,211,1300.0,987198.5
18,212,1100.0,991273.5
18,213,1500.0,983333.5
18,214,1800.0,977391.0
18,215,1300.0,987458.5
18,216,1400.0,985491.0
18,217,1600.0,981551.0
18,218,1600.0,981601.0
18,219,2200.0,969646.0
18,220,2500.0,963726.5
18,221,1800.0,977795.5
18,222,2100.0,971848.0
18,223,2400.0,965920.5
18,224,2400.0,965986.5
18,225,2200.0,970057.5
18,226,3000.0,954114.5
18,227,2100.0,972197.5
18,228,2900.0,956257.5
18,229,2300.0,968329.5
18,230,2000.0,974392.0
18,231,1700.0,980449.5
18,232,2100.0,972484.5
18,233,1500.0,984559.5
18,234,1100.0,992624.5
18,235,1100.0,992679.5
18,236,500.0,1004744.5
18,237,400.0,1006812.0
18,238,600.0,1002872.0
18,239,1000.0,994927.0
18,240,500.0,1004999.5
18,241,300.0,1009049.5
18,242,0.0,1015132.0
18,243,-300.0,1021194.5
18,244,100.0,1013234.5
18,245,-400.0,1023277.0
18,246,-600.0,1027307.0
18,247,-1200.0,1039382.0
18,248,-300.0,1021459.5
18,249,400.0,1007552.0
18,250,1700.0,981639.5
18,251,2100.0,973699.5
18,252,2000.0,975742.0
19,0,10000.0,800000.0
19,1,8100.0,838068.5
19,2,7600.0,848128.5
19,3,7200.0,856196.5
19,4,6900.0,862277.5
19,5,6300.0,874339.5
19,6,5900.0,882402.5
19,7,5300.0,894454.5
19,8,5300.0,894504.5
19,9,5600.0,888568.5
19,10,5500.0,890615.5
19,11,5200.0,896671.5
19,12,4400.0,912727.5
19,13,3200.0,936801.5
19,14,2600.0,948848.5
19,15,2000.0,960915.5
19,16,1300.0,974973.0
19,17,1200.0,977060.5
19,18,1000.0,981115.5
19,19,700.0,987183.0
19,20,700.0,987233.0
19,21,700.0,987298.0
19,22,400.0,993335.5
19,23,900.0,983423.0
19,24,1100.0,979473.0
19,25,1400.0,973525.5
19,26,700.0,987588.0
19,27,1000.0,981665.5
19,28,1700.0,967738.0
19,29,1500.0,971823.0
19,30,2100.0,959883.0
19,31,1700.0,967953.5
19,32,2000.0,962021.0
19,33,2900.0,944078.5
19,34,2300.0,956155.5
19,35,1800.0,966212.0
19,36,400.0,994262.0
19,37,100.0,1000314.5
19,38,500.0,992374.5
19,39,100.0,1000424.5
19,40,0.0,1002497.0
19,41,-300.0,1008534.5
19,42,-500.0,1012579.5
19,43,-100.0,1004659.5
19,44,100.0,1000709.5
19,45,-200.0,1006782.0
19,46,0.0,1002842.0
19,47,-500.0,1012909.5
19,48,-1000.0,1022997.0
19,49,-500.0,1013064.5
19,50,-100.0,1005139.5
19,51,-600.0,1015202.0
19,52,-100.0,1005279.5
19,53,900.0,985324.5
19,54,300.0,997409.5
19,55,-300.0,1009484.5
19,56,-400.0,1011562.0
19,57,-1200.0,1027602.0
19,58,-700.0,1017639.5
19,59,-400.0,1011717.0
19,60,-500.0,1013754.5
19,61,100.0,1001819.5
19,62,400.0,995877.0
19,63,700.0,989929.5
19,64,500.0,993979.5
19,65,500.0,994029.5
19,66,600.0,992082.0
19,67,1400.0,976157.0
19,68,1100.0,982214.5
19,69,800.0,988277.0
19,70,900.0,986324.5
19,71,700.0,990394.5
19,72,1200.0,980482.0
19,73,1300.0,978554.5
19,74,1000.0,984612.0
19,75,300.0,998679.5
19,76,100.0,1002764.5
19,77,500.0,994854.5
19,78,-100.0,1006909.5
19,79,-400.0,1012982.0
19,80,-800.0,1021047.0
19,81,-1000.0,1025112.0
19,82,-1600.0,1037172.0
19,83,-1200.0,1029227.0
19,84,-1700.0,1039264.5
19,85,-1900.0,1043324.5
19,86,-2300.0,1051374.5
19,87,-2700.0,1059441.5
19,88,-2700.0,1059506.5
19,89,-2800.0,1061569.5
19,90,-2100.0,1047658.5
19,91,-1600.0,1037726.0
19,92,-300.0,1011773.5
19,93,700.0,991843.5
19,94,1000.0,985901.0
19,95,1000.0,985986.0
19,96,800.0,990031.0
19,97,100.0,1004078.5
19,98,0.0,1006156.0
19,99,200.0,1002211.0
19,100,100.0,1004303.5
19,101,400.0,998371.0
19,102,100.0,1004433.5
19,103,300.0,1000488.5
19,104,400.0,998561.0
19,105,1000.0,986636.0
19,106,2100.0,964698.5
19,107,2300.0,960759.5
19,108,2200.0,962817.0
19,109,1400.0,978875.5
19,110,900.0,988948.0
19,111,1300.0,980993.0
19,112,800.0,991070.5
19,113,1100.0,985118.0
19,114,1100.0,985163.0
19,115,1600.0,975225.5
19,116,1700.0,973283.0
19,117,1800.0,971350.5
19,118,1400.0,979400.5
19,119,700.0,993473.0
19,120,100.0,1005538.0
19,121,-200.0,1011620.5
19,122,-200.0,1011700.5
19,123,-100.0,1009738.0
19,124,500.0,997783.0
19,125,-200.0,1011840.5
19,126,-600.0,1019910.5
19,127,-200.0,1012000.5
19,128,-1400.0,1036065.5
19,129,-900.0,1026128.0
19,130,-1400.0,1036220.5
19,131,-1600.0,1040275.5
19,132,-2200.0,1052360.5
19,133,-2500.0,1058430.0
19,134,-1400.0,1036487.0
19,135,-1400.0,1036547.0
19,136,-2000.0,1048607.0
19,137,-1500.0,1038669.5
19,138,-2100.0,1050729.5
19,139,-1600.0,1040802.5
19,140,-2100.0,1050895.0
19,141,-2300.0,1054950.5
19,142,-3100.0,1071046.0
19,143,-2100.0,1051106.0
19,144,-1700.0,1043171.0
19,145,-1600.0,1041218.5
19,146,-1000.0,1029273.5
19,147,-1300.0,1035336.0
19,148,-1400.0,1037413.5
19,149,-1600.0,1041473.5
19,150,-900.0,1027556.0
19,151,-1000.0,1029608.5
19,152,-1400.0,1037673.5
19,153,-1000.0,1029743.5
19,154,-1200.0,1033793.5
19,155,-700.0,1023851.0
19,156,-100.0,1011896.0
19,157,700.0,995961.0
19,158,-400.0,1018023.5
19,159,100.0,1008086.0
19,160,-200.0,1014153.5
19,161,300.0,1004216.0
19,162,400.0,1002273.5
19,163,-700.0,1024366.0
19,164,-200.0,1014418.5
19,165,100.0,1008496.0
19,166,-600.0,1022563.5
19,167,-1200.0,1034618.5
19,168,-900.0,1028676.0
19,169,-1600.0,1042733.5
19,170,-1500.0,1040786.0
19,171,-2100.0,1052846.0
19,172,-1800.0,1046903.0
19,173,-1400.0,1038963.0
19,174,-1400.0,1039033.0
19,175,-1700.0,1045100.5
19,176,-1900.0,1049145.5
19,177,-2400.0,1059198.0
19,178,-1900.0,1049287.5
19,179,-2000.0,1051335.0
19,180,-900.0,1029402.5
19,181,-1100.0,1033487.5
19,182,-400.0,1019545.0
19,183,-600.0,1023595.0
19,184,-1900.0,1049667.5
19,185,-2000.0,1051705.0
19,186,-2100.0,1053752.5
19,187,-2000.0,1051810.0
19,188,-1500.0,1041852.5
19,189,-900.0,1029922.5
19,190,-2400.0,1059975.0
19,191,-2100.0,1054032.0
19,192,-1700.0,1046091.5
19,193,-2400.0,1060174.0
19,194,-3100.0,1074228.0
19,195,-2700.0,1066296.0
19,196,-1800.0,1048349.0
19,197,-1200.0,1036419.0
19,198,-1600.0,1044464.0
19,199,-1800.0,1048519.0
19,200,-2400.0,1060594.0
19,201,-2600.0,1064655.0
19,202,-2400.0,1060719.0
19,203,-1900.0,1050764.5
19,204,-2600.0,1064822.0
19,205,-1400.0,1040876.0
19,206,-1900.0,1050943.5
19,207,-1900.0,1051003.5
19,208,-2500.0,1063083.5
19,209,-1200.0,1037139.5
19,210,-1100.0,1035182.0
19,211,-800.0,1029229.5
19,212,-900.0,1031287.0
19,213,-1800.0,1049359.5
19,214,-2200.0,1057409.5
19,215,-1900.0,1051494.0
19,216,-1400.0,1041566.5
19,217,-1700.0,1047619.0
19,218,-2600.0,1065676.5
19,219,-2000.0,1053738.5
19,220,-2700.0,1067806.0
19,221,-2700.0,1067851.0
19,222,-1000.0,1033920.0
19,223,-600.0,1026005.0
19,224,100.0,1012062.5
19,225,300.0,1008117.5
19,226,-300.0,1020197.5
19,227,-400.0,1022240.0
19,228,-100.0,1016292.5
19,229,400.0,1006355.0
19,230,500.0,1004402.5
19,231,600.0,1002450.0
19,232,400.0,1006515.0
19,233,400.0,1006585.0
19,234,0.0,1014645.0
19,235,800.0,998720.0
19,236,500.0,1004782.5
19,237,800.0,998845.0
19,238,1200.0,990930.0
19,239,900.0,996962.5
19,240,200.0,1011030.0
19,241,1100.0,993107.5
19,242,1300.0,989167.5
19,243,1500.0,985227.5
19,244,1600.0,983295.0
19,245,1100.0,993362.5
19,246,1100.0,993442.5
19,247,600.0,1003505.0
19,248,100.0,1013567.5
19,249,700.0,1001622.5
19,250,700.0,1001702.5
19,251,700.0,1001777.5
19,252,0.0,1015850.0
20,0,10000.0,800000.0
20,1,8400.0,832044.0
20,2,8700.0,826113.0
20,3,8600.0,828180.0
20,4,8400.0,832229.0
20,5,7800.0,844291.0
20,6,8400.0,832359.0
20,7,7500.0,850392.0
20,8,6900.0,862444.0
20,9,6400.0,872494.0
20,10,6100.0,878550.0
20,11,6100.0,878610.0
20,12,5000.0,900662.0
20,13,4600.0,908715.0
20,14,3800.0,924766.0
20,15,2800.0,944831.0
20,16,2200.0,956878.0
20,17,2100.0,958946.5
20,18,2400.0,953010.5
20,19,2200.0,957059.5
20,20,1300.0,975142.5
20,21,1300.0,975202.5
20,22,1100.0,979277.5
20,23,1900.0,963342.5
20,24,1600.0,969400.0
20,25,1200.0,977460.0
20,26,1000.0,981525.0
20,27,1600.0,969605.0
20,28,1500.0,971652.5
20,29,900.0,983697.5
20,30,1400.0,973755.0
20,31,800.0,985820.0
20,32,500.0,991882.5
20,33,-100.0,1003937.5
20,34,-600.0,1013980.0
20,35,-100.0,1004047.5
20,36,300.0,996112.5
20,37,200.0,998165.0
20,38,100.0,1000237.5
20,39,-600.0,1014300.0
20,40,-300.0,1008342.5
20,41,0.0,1002420.0
20,42,200.0,998480.0
20,43,0.0,1002550.0
20,44,700.0,988592.5
20,45,600.0,990645.0
20,46,300.0,996707.5
20,47,900.0,984752.5
20,48,800.0,986805.0
20,49,700.0,988867.5
20,50,900.0,984922.5
20,51,1100.0,980977.5
20,52,500.0,993052.5
20,53,700.0,989122.5
20,54,-200.0,1007185.0
20,55,-800.0,1019245.0
20,56,-1600.0,1035290.0
20,57,-1000.0,1023340.0
20,58,-300.0,1009387.5
20,59,100.0,1001457.5
20,60,-200.0,1007510.0
20,61,-500.0,1013587.5
20,62,-600.0,1015655.0
20,63,-400.0,1011705.0
20,64,200.0,999775.0
20,65,900.0,985837.5
20,66,1800.0,967915.0
20,67,1300.0,977992.5
20,68,1400.0,976065.0
20,69,1300.0,978142.5
20,70,1300.0,978192.5
20,71,1200.0,980260.0
20,72,600.0,992320.0
20,73,1200.0,980370.0
20,74,600.0,992420.0
20,75,800.0,988465.0
20,76,700.0,990517.5
20,77,200.0,1000590.0
20,78,-300.0,1010667.5
20,79,-900.0,1022732.5
20,80,-1100.0,1026787.5
20,81,-500.0,1014857.5
20,82,-1200.0,1028925.0
20,83,-1100.0,1026987.5
20,84,-1100.0,1027032.5
20,85,-1200.0,1029085.0
20,86,-800.0,1021140.0
20,87,-900.0,1023177.5
20,88,-100.0,1007237.5
20,89,-200.0,1009310.0
20,90,300.0,999387.5
20,91,100.0,1003462.5
20,92,800.0,989520.0
20,93,1100.0,983582.5
20,94,300.0,999657.5
20,95,-100.0,1007712.5
20,96,-100.0,1007772.5
20,97,-1000.0,1025850.0
20,98,-700.0,1019892.5
20,99,-900.0,1023972.5
20,100,-300.0,1012037.5
20,101,200.0,1002095.0
20,102,-400.0,1014160.0
20,103,100.0,1004212.5
20,104,600.0,994305.0
20,105,200.0,1002360.0
20,106,900.0,988422.5
20,107,800.0,990500.0
20,108,1000.0,986540.0
20,109,1500.0,976587.5
20,110,500.0,996667.5
20,111,-900.0,1024732.5
20,112,-200.0,1010805.0
20,113,-400.0,1014875.0
20,114,-700.0,1020937.5
20,115,0.0,1007015.0
20,116,900.0,989087.5
20,117,1100.0,985142.5
20,118,1600.0,975175.0
20,119,900.0,989237.5
20,120,1000.0,987320.0
20,121,1000.0,987395.0
20,122,900.0,989467.5
20,123,900.0,989527.5
20,124,600.0,995585.0
20,125,800.0,991650.0
20,126,1200.0,983700.0
20,127,1500.0,977752.5
20,128,1700.0,973812.5
20,129,2100.0,965872.5
20,130,3000.0,947932.5
20,131,1900.0,969979.5
20,132,1000.0,988052.0
20,133,1100.0,986099.5
20,134,900.0,990154.5
20,135,-200.0,1012232.0
20,136,-1200.0,1032302.0
20,137,-1100.0,1030364.5
20,138,-1600.0,1040432.0
20,139,-1600.0,1040502.0
20,140,-700.0,1022554.5
20,141,-700.0,1022589.5
20,142,-1100.0,1030659.5
20,143,-1300.0,1034729.5
20,144,-1200.0,1032802.0
20,145,-1100.0,1030849.5
20,146,-2000.0,1048922.0
20,147,-1800.0,1044972.0
20,148,-2400.0,1057042.0
20,149,-2700.0,1063100.5
20,150,-2500.0,1059159.5
20,151,-2000.0,1049224.5
20,152,-2400.0,1057274.5
20,153,-1900.0,1047320.0
20,154,-1500.0,1039370.0
20,155,-1200.0,1033422.5
20,156,-1300.0,1035495.0
20,157,-1600.0,1041552.5
20,158,-800.0,1025617.5
20,159,-900.0,1027665.0
20,160,-600.0,1021742.5
20,161,-1300.0,1035790.0
20,162,-2200.0,1053862.5
20,163,-1500.0,1039918.5
20,164,-1400.0,1037971.0
20,165,-1600.0,1042021.0
20,166,-1300.0,1036063.5
20,167,-1600.0,1042141.0
20,168,-2000.0,1050191.0
20,169,-1500.0,1040258.5
20,170,-1200.0,1034326.0
20,171,-1300.0,1036378.5
20,172,-1100.0,1032458.5
20,173,-1400.0,1038516.0
20,174,-1700.0,1044578.5
20,175,-1700.0,1044648.5
20,176,-1900.0,1048703.5
20,177,-1700.0,1044758.5
20,178,-1500.0,1040803.5
20,179,-1700.0,1044863.5
20,180,-2500.0,1060933.5
20,181,-2100.0,1053011.5
20,182,-2600.0,1063098.0
20,183,-2500.0,1061155.0
20,184,-2000.0,1051210.0
20,185,-2300.0,1057287.5
20,186,-1900.0,1049341.5
20,187,-2000.0,1051419.0
20,188,-1900.0,1049506.5
20,189,-2100.0,1053566.5
20,190,-2800.0,1067615.0
20,191,-2200.0,1055662.0
20,192,-2300.0,1057709.0
20,193,-1300.0,1037750.5
20,194,-1300.0,1037815.5
20,195,-500.0,1021895.5
20,196,-600.0,1023953.0
20,197,-500.0,1022040.5
20,198,-300.0,1018115.5
20,199,600.0,1000163.0
20,200,-200.0,1016213.0
20,201,100.0,1010265.5
20,202,-1100.0,1034345.5
20,203,-1100.0,1034410.5
20,204,-1300.0,1038450.5
20,205,-600.0,1024533.0
20,206,100.0,1010600.5
20,207,1400.0,984668.0
20,208,1700.0,978705.5
20,209,2200.0,968778.0
20,210,2900.0,954843.0
20,211,1900.0,974898.0
20,212,2200.0,968960.5
20,213,2100.0,971018.0
20,214,1400.0,985085.0
20,215,2300.0,967157.5
20,216,1500.0,983227.0
20,217,1400.0,985289.5
20,218,900.0,995352.0
20,219,1600.0,981409.5
20,220,1200.0,989449.5
20,221,1500.0,983492.0
20,222,1900.0,975552.0
20,223,1600.0,981609.5
20,224,1800.0,977644.5
20,225,2200.0,969699.5
20,226,1800.0,977764.5
20,227,2300.0,967832.0
20,228,1600.0,981882.5
20,229,1500.0,983955.0
20,230,1300.0,988025.0
20,231,1400.0,986052.5
20,232,1600.0,982102.5
20,233,1900.0,976185.0
20,234,2000.0,974237.5
20,235,2300.0,968310.0
20,236,1900.0,976365.0
20,237,700.0,1000430.0
20,238,1100.0,992490.0
20,239,900.0,996545.0
20,240,900.0,996590.0
20,241,1000.0,994647.5
20,242,1700.0,980705.0
20,243,1800.0,978757.5
20,244,1500.0,984815.0
20,245,1900.0,976885.0
20,246,2100.0,972935.0
20,247,2600.0,963007.5
20,248,2500.0,965090.0
20,249,2600.0,963162.5
20,250,1800.0,979222.5
20,251,2500.0,965270.0
20,252,1900.0,977340.0
21,0,10000.0,800000.0
21,1,9000.0,820070.0
21,2,7400.0,852135.0
21,3,6500.0,870163.0
21,4,6300.0,874217.0
21,5,5700.0,886269.0
21,6,5400.0,892320.0
21,7,5000.0,900378.0
21,8,4000.0,920443.0
21,9,2700.0,946504.0
21,10,1300.0,974567.0
21,11,1600.0,968624.5
21,12,1200.0,976684.5
21,13,1600.0,968764.5
21,14,1100.0,978807.0
21,15,1400.0,972889.5
21,16,400.0,992934.5
21,17,1300.0,974982.0
21,18,1600.0,969029.5
21,19,1700.0,967097.0
21,20,1500.0,971182.0
21,21,2100.0,959247.0
21,22,1400.0,973292.0
21,23,900.0,983349.5
21,24,1700.0,967414.5
21,25,2000.0,961477.0
21,26,1800.0,965527.0
21,27,2200.0,957587.0
21,28,1200.0,977656.0
21,29,1100.0,979713.5
21,30,1400.0,973781.0
21,31,1700.0,967843.5
21,32,2100.0,959898.5
21,33,1400.0,973971.0
21,34,800.0,986036.0
21,35,600.0,990106.0
21,36,-100.0,1004183.5
21,37,100.0,1000243.5
21,38,700.0,988303.5
21,39,700.0,988353.5
21,40,1600.0,970421.0
21,41,1800.0,966466.0
21,42,1700.0,968523.5
21,43,1400.0,974601.0
21,44,1800.0,966646.0
21,45,1700.0,968683.5
21,46,2000.0,962751.0
21,47,1600.0,970821.0
21,48,1200.0,978896.0
21,49,1300.0,976973.5
21,50,1800.0,967031.0
21,51,1300.0,977098.5
21,52,1400.0,975166.0
21,53,1600.0,971231.0
21,54,1400.0,975281.0
21,55,1500.0,973333.5
21,56,1100.0,981398.5
21,57,1700.0,969468.5
21,58,2500.0,953538.5
21,59,2500.0,953613.5
21,60,1600.0,971676.5
21,61,900.0,985714.0
21,62,700.0,989784.0
21,63,100.0,1001864.0
21,64,0.0,1003906.5
21,65,300.0,997959.0
21,66,200.0,1000026.5
21,67,1100.0,982094.0
21,68,400.0,996166.5
21,69,-100.0,1006214.0
21,70,-800.0,1020291.5
21,71,-700.0,1018359.0
21,72,-900.0,1022444.0
21,73,-700.0,1018509.0
21,74,-300.0,1010594.0
21,75,-500.0,1014644.0
21,76,-600.0,1016711.5
21,77,-1100.0,1026809.0
21,78,-1500.0,1034849.0
21,79,-1700.0,1038924.0
21,80,-1500.0,1034984.0
21,81,-1800.0,1041046.5
21,82,-1900.0,1043104.0
21,83,-2700.0,1059164.0
21,84,-1400.0,1033225.0
21,85,-2400.0,1053305.0
21,86,-2700.0,1059347.0
21,87,-3000.0,1065416.0
21,88,-2600.0,1057494.0
21,89,-1500.0,1035556.0
21,90,-1000.0,1025643.5
21,91,-300.0,1011736.0
21,92,0.0,1005808.5
21,93,600.0,993858.5
21,94,1100.0,983926.0
21,95,900.0,987976.0
21,96,0.0,1006038.5
21,97,0.0,1006093.5
21,98,0.0,1006178.5
21,99,-100.0,1008246.0
21,100,500.0,996296.0
21,101,1200.0,982348.5
21,102,1200.0,982413.5
21,103,700.0,992486.0
21,104,500.0,996561.0
21,105,1600.0,974623.5
21,106,1200.0,982713.5
21,107,1500.0,976776.0
21,108,1500.0,976831.0
21,109,2700.0,952886.0
21,110,2500.0,956935.0
21,111,2200.0,962996.0
21,112,2000.0,967045.0
21,113,1200.0,983100.0
21,114,1600.0,975145.0
21,115,1400.0,979195.0
21,116,1500.0,977272.5
21,117,1500.0,977322.5
21,118,1200.0,983360.0
21,119,600.0,995450.0
21,120,1800.0,971510.0
21,121,1900.0,969587.5
21,122,1800.0,971635.0
21,123,1800.0,971695.0
21,124,2100.0,965737.5
21,125,1800.0,971794.5
21,126,1300.0,981867.0
21,127,700.0,993917.0
21,128,600.0,995994.5
21,129,1400.0,980064.5
21,130,700.0,994127.0
21,131,1500.0,978197.0
21,132,1700.0,974252.0
21,133,2100.0,966322.0
21,134,1300.0,982402.5
21,135,1700.0,974467.5
21,136,1500.0,978537.5
21,137,2100.0,966617.5
21,138,2200.0,964659.0
21,139,1000.0,988716.5
21,140,100.0,1006789.0
21,141,-600.0,1020866.5
21,142,-1100.0,1030934.0
21,143,-600.0,1021001.5
21,144,-1400.0,1037071.5
21,145,-1300.0,1035124.0
21,146,-2100.0,1051174.0
21,147,-1700.0,1043239.0
21,148,-900.0,1027299.0
21,149,-200.0,1013346.5
21,150,-400.0,1017396.5
21,151,-700.0,1023459.0
21,152,-700.0,1023524.0
21,153,-1000.0,1029606.5
21,154,-1400.0,1037676.5
21,155,-1200.0,1033731.5
21,156,-1100.0,1031809.0
21,157,-1800.0,1045881.5
21,158,-2300.0,1055949.0
21,159,-1700.0,1044008.0
21,160,-1600.0,1042070.5
21,161,-1500.0,1040133.0
21,162,-1600.0,1042210.5
21,163,-2400.0,1058255.5
21,164,-2000.0,1050342.5
21,165,-2200.0,1054387.5
21,166,-1700.0,1044455.0
21,167,-2200.0,1054532.5
21,168,-1900.0,1048595.0
21,169,-1500.0,1040665.0
21,170,-1400.0,1038727.5
21,171,-900.0,1028785.0
21,172,-300.0,1016865.0
21,173,-1300.0,1036920.0
21,174,-1800.0,1046982.5
21,175,-1100.0,1033060.0
21,176,-900.0,1029110.0
21,177,-1200.0,1035182.5
21,178,-1600.0,1043242.5
21,179,-1400.0,1039307.5
21,180,-1000.0,1031362.5
21,181,-1600.0,1043427.5
21,182,-1700.0,1045470.0
21,183,-1800.0,1047547.5
21,184,-1500.0,1041620.0
21,185,-1700.0,1045705.0
21,186,-2100.0,1053785.0
21,187,-1400.0,1039830.0
21,188,-1800.0,1047910.0
21,189,-900.0,1029957.5
21,190,-1200.0,1036010.0
21,191,-1500.0,1042092.5
21,192,-1700.0,1046152.5
21,193,-2100.0,1054232.5
21,194,-1600.0,1044278.0
21,195,-1300.0,1038330.5
21,196,-1100.0,1034385.5
21,197,-600.0,1024448.0
21,198,-400.0,1020518.0
21,199,-1300.0,1038580.5
21,200,-500.0,1022640.5
21,201,-700.0,1026695.5
21,202,-300.0,1018770.5
21,203,500.0,1002820.5
21,204,300.0,1006875.5
21,205,600.0,1000923.0
21,206,200.0,1008983.0
21,207,-400.0,1021043.0
21,208,-100.0,1015145.5
21,209,-300.0,1019225.5
21,210,-600.0,1025293.0
21,211,-1000.0,1033363.0
21,212,-1700.0,1047425.5
21,213,-1900.0,1051480.5
21,214,-1600.0,1045558.0
21,215,-2100.0,1055615.5
21,216,-1600.0,1045677.5
21,217,-1900.0,1051755.0
21,218,-1000.0,1033812.5
21,219,-900.0,1031895.0
21,220,-700.0,1027940.0
21,221,-900.0,1032000.0
21,222,0.0,1014067.5
21,223,700.0,1000140.0
21,224,1600.0,982192.5
21,225,1600.0,982242.5
21,226,2100.0,972305.0
21,227,1600.0,982372.5
21,228,1300.0,988415.0
21,229,1400.0,986477.5
21,230,1400.0,986547.5
21,231,1700.0,980620.0
21,232,1400.0,986687.5
21,233,300.0,1008755.0
21,234,-100.0,1016820.0
21,235,700.0,1000885.0
21,236,300.0,1008930.0
21,237,200.0,1010982.5
21,238,500.0,1005020.0
21,239,-100.0,1017085.0
21,240,-200.0,1019172.5
21,241,-1400.0,1043257.5
21,242,-1100.0,1037305.0
21,243,-1500.0,1045380.0
21,244,-1500.0,1045435.0
21,245,-1000.0,1035512.5
21,246,-800.0,1031577.5
21,247,0.0,1015637.5
21,248,200.0,1011712.5
21,249,500.0,1005765.0
21,250,400.0,1007837.5
21,251,100.0,1013890.0
21,252,-500.0,1025950.0
22,0,10000.0,800000.0
22,1,8900.0,822056.5
22,2,7800.0,844111.5
22,3,7400.0,852169.5
22,4,5700.0,886253.5
22,5,4900.0,902294.5
22,6,3700.0,926383.5
22,7,2700.0,946433.5
22,8,2200.0,956503.5
22,9,2800.0,944565.5
22,10,2500.0,950606.5
22,11,2300.0,954665.5
22,12,1600.0,968732.5
22,13,1300.0,974810.0
22,14,1900.0,962880.0
22,15,1600.0,968952.5
22,16,2200.0,957002.5
22,17,2000.0,961073.5
22,18,2300.0,955136.0
22,19,2200.0,957193.5
22,20,1500.0,971244.0
22,21,1500.0,971294.0
22,22,2000.0,961351.5
22,23,2300.0,955439.0
22,24,2200.0,957491.0
22,25,1100.0,979568.0
22,26,400.0,993640.5
22,27,0.0,1001695.5
22,28,1200.0,977740.5
22,29,1800.0,965785.5
22,30,2000.0,961840.5
22,31,2400.0,953885.5
22,32,2100.0,959931.5
22,33,1900.0,963986.0
22,34,2100.0,960026.0
22,35,2800.0,946080.0
22,36,1400.0,974153.0
22,37,1800.0,966213.0
22,38,1500.0,972265.5
22,39,1700.0,968330.5
22,40,1800.0,966398.0
22,41,2500.0,952460.5
22,42,2100.0,960503.5
22,43,1700.0,968552.0
22,44,1400.0,974604.5
22,45,1500.0,972692.0
22,46,1400.0,974744.5
22,47,1200.0,978804.5
22,48,1700.0,968892.0
22,49,1800.0,966954.5
22,50,1800.0,966989.5
22,51,2800.0,947074.5
22,52,3000.0,943135.5
22,53,2300.0,957169.5
22,54,1300.0,977233.0
22,55,500.0,993313.0
22,56,1200.0,979360.5
22,57,1600.0,971415.5
22,58,2000.0,963480.5
22,59,2100.0,961528.0
22,60,2100.0,961583.0
22,61,1700.0,969648.0
22,62,1800.0,967725.5
22,63,1900.0,965778.0
22,64,1500.0,973843.0
22,65,2300.0,957908.0
22,66,2100.0,961979.0
22,67,2300.0,958023.5
22,68,1800.0,968080.0
22,69,1600.0,972155.0
22,70,900.0,986242.5
22,71,1200.0,980310.0
22,72,500.0,994387.5
22,73,600.0,992465.0
22,74,1000.0,984545.0
22,75,1500.0,974627.5
22,76,1300.0,978687.5
22,77,1600.0,972760.0
22,78,2000.0,964815.0
22,79,2500.0,954892.5
22,80,2000.0,964947.5
22,81,2300.0,959010.0
22,82,2600.0,953074.0
22,83,1800.0,969105.0
22,84,2200.0,961175.0
22,85,1700.0,971248.0
22,86,200.0,1001325.5
22,87,200.0,1001395.5
22,88,600.0,993455.5
22,89,200.0,1001515.5
22,90,600.0,993580.5
22,91,1000.0,985665.5
22,92,900.0,987718.0
22,93,800.0,989770.5
22,94,1000.0,985825.5
22,95,1100.0,983898.0
22,96,1400.0,977950.5
22,97,1600.0,974020.5
22,98,1600.0,974100.5
22,99,1800.0,970155.5
22,100,1400.0,978225.5
22,101,1100.0,984278.0
22,102,1500.0,976343.0
22,103,1300.0,980408.0
22,104,1400.0,978480.5
22,105,1300.0,980528.0
22,106,1300.0,980588.0
22,107,2000.0,966635.5
22,108,1900.0,968693.0
22,109,2100.0,964763.0
22,110,1900.0,968834.0
22,111,2500.0,956899.0
22,112,1500.0,976964.0
22,113,1600.0,975031.5
22,114,2700.0,953089.0
22,115,2600.0,955151.0
22,116,1400.0,979215.0
22,117,2100.0,965277.5
22,118,1900.0,969354.0
22,119,2500.0,957414.0
22,120,1900.0,969491.0
22,121,1600.0,975553.5
22,122,1900.0,969606.0
22,123,1700.0,973681.0
22,124,1400.0,979723.5
22,125,1200.0,983808.5
22,126,500.0,997876.0
22,127,600.0,995953.5
22,128,400.0,1000013.5
22,129,300.0,1002061.0
22,130,500.0,998126.0
22,131,500.0,998206.0
22,132,900.0,990251.0
22,133,1100.0,986321.0
22,134,1300.0,982361.0
22,135,1800.0,972403.5
22,136,1400.0,980448.5
22,137,1300.0,982506.0
22,138,1400.0,980553.5
22,139,2000.0,968613.5
22,140,1400.0,980683.5
22,141,1200.0,984733.5
22,142,1000.0,988773.5
22,143,600.0,996838.5
22,144,700.0,994906.0
22,145,300.0,1002971.0
22,146,0.0,1009018.5
22,147,-300.0,1015086.0
22,148,100.0,1007166.0
22,149,-400.0,1017233.5
22,150,-800.0,1025278.5
22,151,-500.0,1019326.0
22,152,-900.0,1027391.0
22,153,-1100.0,1031471.0
22,154,-500.0,1019546.0
22,155,500.0,999616.0
22,156,100.0,1007676.0
22,157,1600.0,977733.5
22,158,2200.0,965823.5
22,159,2500.0,959876.5
22,160,1900.0,971948.5
22,161,700.0,995988.5
22,162,900.0,992058.5
22,163,1500.0,980118.5
22,164,1700.0,976188.5
22,165,1400.0,982251.0
22,166,900.0,992303.5
22,167,800.0,994351.0
22,168,1200.0,986411.0
22,169,1300.0,984468.5
22,170,1400.0,982516.0
22,171,1800.0,974591.0
22,172,1600.0,978646.0
22,173,2000.0,970706.0
22,174,1800.0,974771.0
22,175,1100.0,988853.5
22,176,1300.0,984938.5
22,177,1300.0,984993.5
22,178,1100.0,989058.5
22,179,900.0,993128.5
22,180,800.0,995191.0
22,181,1700.0,977253.5
22,182,1500.0,981303.5
22,183,1800.0,975366.0
22,184,1300.0,985423.5
22,185,1200.0,987486.0
22,186,1300.0,985553.5
22,187,1500.0,981618.5
22,188,1900.0,973663.5
22,189,2500.0,961728.5
22,190,1600.0,979786.5
22,191,1700.0,977844.0
22,192,1300.0,985914.0
22,193,1500.0,981984.0
22,194,1500.0,982054.0
22,195,1600.0,980101.5
22,196,800.0,996171.5
22,197,1700.0,978249.0
22,198,2100.0,970304.0
22,199,1900.0,974380.5
22,200,1900.0,974425.5
22,201,1700.0,978470.5
22,202,1200.0,988533.0
22,203,300.0,1006600.5
22,204,1700.0,978665.5
22,205,1400.0,984723.0
22,206,1300.0,986775.5
22,207,1300.0,986850.5
22,208,1700.0,978925.5
22,209,1400.0,985003.0
22,210,1100.0,991070.5
22,211,-200.0,1017168.0
22,212,-100.0,1015230.5
22,213,-800.0,1029308.0
22,214,-700.0,1027360.5
22,215,-100.0,1015410.5
22,216,100.0,1011460.5
22,217,0.0,1013493.0
22,218,0.0,1013583.0
22,219,-700.0,1027635.5
22,220,-300.0,1019710.5
22,221,-500.0,1023760.5
22,222,-1200.0,1037848.0
22,223,-500.0,1023905.5
22,224,-100.0,1015965.5
22,225,-600.0,1026033.0
22,226,100.0,1012095.5
22,227,300.0,1008150.5
22,228,-400.0,1022223.0
22,229,300.0,1008275.5
22,230,900.0,996360.5
22,231,1200.0,990413.0
22,232,1200.0,990473.0
22,233,1200.0,990538.0
22,234,900.0,996620.5
22,235,900.0,996690.5
22,236,800.0,998753.0
22,237,2100.0,972820.5
22,238,2300.0,968865.5
22,239,2700.0,960940.5
22,240,2800.0,958993.0
22,241,3600.0,943063.0
22,242,3200.0,951122.5
22,243,3100.0,953190.0
22,244,3000.0,955247.5
22,245,3700.0,941315.0
22,246,3800.0,939392.5
22,247,4300.0,929455.0
22,248,4300.0,929545.0
22,249,4100.0,933625.0
22,250,3600.0,943687.5
22,251,3300.0,949745.0
22,252,3200.0,951797.5
23,0,10000.0,800000.0
23,1,9500.0,810052.5
23,2,9000.0,820095.0
23,3,8400.0,832156.5
23,4,8300.0,834203.5
23,5,8300.0,834258.5
23,6,7600.0,848307.5
23,7,8400.0,832366.5
23,8,8100.0,838422.5
23,9,8300.0,834503.5
23,10,7800.0,844583.5
23,11,7400.0,852636.5
23,12,7200.0,856695.5
23,13,6600.0,868742.5
23,14,6300.0,874788.5
23,15,6300.0,874843.5
23,16,6100.0,878912.5
23,17,4600.0,908977.5
23,18,3600.0,929027.5
23,19,3100.0,939102.5
23,20,3100.0,939157.5
23,21,3000.0,941234.5
23,22,3300.0,935298.5
23,23,3100.0,939357.5
23,24,2000.0,961414.5
23,25,2300.0,955472.0
23,26,2000.0,961540.0
23,27,2400.0,953605.0
23,28,2500.0,951657.5
23,29,1800.0,965706.5
23,30,1400.0,973776.5
23,31,800.0,985841.5
23,32,1000.0,981926.5
23,33,1100.0,979999.0
23,34,800.0,986051.5
23,35,0.0,1002096.5
23,36,-500.0,1012174.0
23,37,-700.0,1016244.0
23,38,-200.0,1006296.5
23,39,-800.0,1018371.5
23,40,-500.0,1012434.0
23,41,300.0,996499.0
23,42,300.0,996569.0
23,43,600.0,990626.5
23,44,800.0,986661.5
23,45,1200.0,978731.5
23,46,1800.0,966796.5
23,47,1200.0,978871.5
23,48,1000.0,982906.5
23,49,1000.0,982961.5
23,50,1900.0,965039.0
23,51,1900.0,965094.0
23,52,1100.0,981149.0
23,53,1000.0,983196.5
23,54,800.0,987286.5
23,55,700.0,989344.0
23,56,600.0,991391.5
23,57,1100.0,981469.0
23,58,2000.0,963516.5
23,59,1100.0,981569.0
23,60,1500.0,973634.0
23,61,1600.0,971681.5
23,62,500.0,993764.0
23,63,-300.0,1009834.0
23,64,-100.0,1005909.0
23,65,700.0,989969.0
23,66,800.0,988056.5
23,67,1100.0,982104.0
23,68,100.0,1002169.0
23,69,300.0,998239.0
23,70,300.0,998294.0
23,71,500.0,994314.0
23,72,500.0,994394.0
23,73,1200.0,980446.5
23,74,2100.0,962514.0
23,75,2000.0,964555.0
23,76,1800.0,968630.0
23,77,1600.0,972685.0
23,78,1300.0,978732.5
23,79,800.0,988785.0
23,80,1200.0,980850.0
23,81,700.0,990912.5
23,82,800.0,988970.0
23,83,800.0,989030.0
23,84,1200.0,981085.0
23,85,1300.0,979142.5
23,86,1700.0,971222.5
23,87,2200.0,961265.0
23,88,1900.0,967333.0
23,89,1400.0,977405.5
23,90,1100.0,983458.0
23,91,1200.0,981505.5
23,92,700.0,991568.0
23,93,900.0,987618.0
23,94,1900.0,967683.0
23,95,1200.0,981740.5
23,96,1300.0,979793.0
23,97,900.0,987833.0
23,98,700.0,991908.0
23,99,900.0,987958.0
23,100,1400.0,978010.5
23,101,600.0,994080.5
23,102,600.0,994155.5
23,103,900.0,988208.0
23,104,900.0,988273.0
23,105,500.0,996328.0
23,106,-500.0,1016378.0
23,107,-800.0,1022450.5
23,108,-1300.0,1032508.0
23,109,-1300.0,1032573.0
23,110,-1600.0,1038645.5
23,111,-900.0,1024693.0
23,112,-300.0,1012748.0
23,113,-300.0,1012788.0
23,114,-100.0,1008848.0
23,115,500.0,996898.0
23,116,800.0,990945.5
23,117,700.0,993023.0
23,118,300.0,1001053.0
23,119,200.0,1003140.5
23,120,-300.0,1013198.0
23,121,300.0,1001253.0
23,122,100.0,1005313.0
23,123,-100.0,1009368.0
23,124,-100.0,1009423.0
23,125,0.0,1007495.5
23,126,-200.0,1011550.5
23,127,-200.0,1011620.5
23,128,-500.0,1017658.0
23,129,400.0,999710.5
23,130,800.0,991750.5
23,131,1200.0,983810.5
23,132,1800.0,971865.5
23,133,1400.0,979920.5
23,134,1200.0,983990.5
23,135,400.0,1000045.5
23,136,1600.0,976090.5
23,137,1800.0,972155.5
23,138,1900.0,970228.0
23,139,2000.0,968285.5
23,140,1900.0,970363.0
23,141,1100.0,986428.0
23,142,1300.0,982478.0
23,143,500.0,998558.0
23,144,600.0,996620.5
23,145,400.0,1000675.5
23,146,300.0,1002733.0
23,147,400.0,1000785.5
23,148,300.0,1002828.0
23,149,300.0,1002888.0
23,150,400.0,1000945.5
23,151,800.0,993005.5
23,152,500.0,999068.0
23,153,300.0,1003118.0
23,154,200.0,1005155.5
23,155,-500.0,1019218.0
23,156,-900.0,1027263.0
23,157,-600.0,1021295.5
23,158,-600.0,1021365.5
23,159,-500.0,1019428.0
23,160,-100.0,1011513.0
23,161,-200.0,1013565.5
23,162,-1000.0,1029645.5
23,163,-1300.0,1035703.0
23,164,-1800.0,1045770.5
23,165,-2100.0,1051848.0
23,166,-1600.0,1041921.0
23,167,-1400.0,1037976.0
23,168,-1800.0,1046031.0
23,169,-1300.0,1036083.5
23,170,-1400.0,1038141.0
23,171,-1700.0,1044193.5
23,172,-2200.0,1054251.0
23,173,-2700.0,1064304.5
23,174,-2500.0,1060368.5
23,175,-2400.0,1058420.5
23,176,-2200.0,1054486.0
23,177,-1100.0,1032546.5
23,178,-1000.0,1030614.0
23,179,-500.0,1020676.5
23,180,-500.0,1020736.5
23,181,-600.0,1022794.0
23,182,-200.0,1014859.0
23,183,-500.0,1020921.5
23,184,100.0,1008971.5
23,185,800.0,995049.0
23,186,300.0,1005126.5
23,187,-600.0,1023199.0
23,188,-700.0,1025256.5
23,189,-700.0,1025326.5
23,190,-300.0,1017401.5
23,191,100.0,1009446.5
23,192,200.0,1007519.0
23,193,300.0,1005566.5
23,194,400.0,1003634.0
23,195,0.0,1011714.0
23,196,-300.0,1017781.5
23,197,-300.0,1017846.5
23,198,-500.0,1021911.5
23,199,300.0,1005961.5
23,200,900.0,994001.5
23,201,900.0,994071.5
23,202,1700.0,978146.5
23,203,1900.0,974181.5
23,204,1700.0,978241.5
23,205,1700.0,978321.5
23,206,2400.0,964374.0
23,207,2300.0,966437.0
23,208,800.0,996507.5
23,209,700.0,998555.0
23,210,1600.0,980632.5
23,211,1900.0,974695.0
23,212,2100.0,970750.0
23,213,1500.0,982792.5
23,214,1400.0,984865.0
23,215,1000.0,992930.0
23,216,600.0,1000985.0
23,217,400.0,1005055.0
23,218,400.0,1005110.0
23,219,400.0,1005170.0
23,220,-100.0,1015242.5
23,221,600.0,1001310.0
23,222,1000.0,993375.0
23,223,1100.0,991432.5
23,224,200.0,1009495.0
23,225,400.0,1005575.0
23,226,400.0,1005640.0
23,227,1600.0,981700.0
23,228,600.0,1001765.0
23,229,600.0,1001825.0
23,230,200.0,1009895.0
23,231,100.0,1011942.5
23,232,-400.0,1022010.0
23,233,-900.0,1032072.5
23,234,-1000.0,1034140.0
23,235,-1500.0,1044177.5
23,236,-800.0,1030240.0
23,237,-1200.0,1038285.0
23,238,-1000.0,1034340.0
23,239,-1200.0,1038390.0
23,240,-1300.0,1040452.5
23,241,-1500.0,1044497.5
23,242,-1400.0,1042555.0
23,243,-2000.0,1054615.0
23,244,-700.0,1028682.5
23,245,0.0,1014760.0
23,246,-100.0,1016817.5
23,247,100.0,1012872.5
23,248,400.0,1006935.0
23,249,700.0,1001012.5
23,250,800.0,999065.0
23,251,1100.0,993127.5
23,252,800.0,999205.0
24,0,10000.0,800000.0
24,1,9200.0,816057.0
24,2,7800.0,844103.0
24,3,7700.0,846165.0
24,4,7300.0,854233.0
24,5,7200.0,856285.0
24,6,6800.0,864358.0
24,7,5200.0,896415.0
24,8,4800.0,904483.0
24,9,4900.0,902536.0
24,10,5100.0,898602.0
24,11,5100.0,898667.0
24,12,4400.0,912706.0
24,13,4400.0,912756.0
24,14,4400.0,912801.0
24,15,4400.0,912871.0
24,16,3800.0,924943.0
24,17,3300.0,935013.0
24,18,2800.0,945073.0
24,19,2800.0,945118.0
24,20,2400.0,953176.0
24,21,1800.0,965240.5
24,22,1000.0,981305.5
24,23,-100.0,1003388.0
24,24,-200.0,1005450.5
24,25,-200.0,1005520.5
24,26,-200.0,1005575.5
24,27,-300.0,1007638.0
24,28,-600.0,1013710.5
24,29,-1000.0,1021785.5
24,30,-300.0,1007853.0
24,31,-1200.0,1025915.5
24,32,-1300.0,1027973.0
24,33,-1100.0,1024028.0
24,34,-800.0,1018090.5
24,35,-600.0,1014145.5
24,36,0.0,1002240.5
24,37,0.0,1002295.5
24,38,-1000.0,1022350.5
24,39,-1100.0,1024403.0
24,40,-300.0,1008458.0
24,41,-500.0,1012513.0
24,42,900.0,984588.0
24,43,700.0,988648.0
24,44,-300.0,1008743.0
24,45,-400.0,1010830.5
24,46,-1400.0,1030895.5
24,47,-1000.0,1022965.5
24,48,-1000.0,1023025.5
24,49,-2300.0,1049103.0
24,50,-1900.0,1041146.0
24,51,-1900.0,1041221.0
24,52,-1700.0,1037306.0
24,53,-1500.0,1033351.0
24,54,-1600.0,1035413.5
24,55,-1500.0,1033476.0
24,56,-2400.0,1051538.5
24,57,-1800.0,1039575.5
24,58,-2200.0,1047645.5
24,59,-2600.0,1055707.0
24,60,-2400.0,1051761.0
24,61,-1700.0,1037817.0
24,62,-1200.0,1027879.5
24,63,-800.0,1019929.5
24,64,-400.0,1011984.5
24,65,300.0,998052.0
24,66,300.0,998127.0
24,67,1200.0,980179.5
24,68,2000.0,964229.5
24,69,2100.0,962302.0
24,70,1500.0,974350.0
24,71,2100.0,962425.0
24,72,1700.0,970473.5
24,73,2500.0,954548.5
24,74,1200.0,980599.5
24,75,1100.0,982672.0
24,76,500.0,994722.0
24,77,200.0,1000774.5
24,78,-100.0,1006847.0
24,79,-100.0,1006907.0
24,80,400.0,996969.5
24,81,300.0,999042.0
24,82,200.0,1001099.5
24,83,-500.0,1015177.0
24,84,-100.0,1007222.0
24,85,-800.0,1021259.5
24,86,-1300.0,1031332.0
24,87,-1700.0,1039402.0
24,88,-1500.0,1035462.0
24,89,-1800.0,1041519.5
24,90,-2300.0,1051587.0
24,91,-1600.0,1037654.0
24,92,-1800.0,1041729.0
24,93,-1500.0,1035796.5
24,94,-1100.0,1027851.5
24,95,-2000.0,1045929.0
24,96,-2300.0,1051996.5
24,97,-2300.0,1052073.5
24,98,-2100.0,1048150.0
24,99,-1100.0,1028230.0
24,100,-800.0,1022282.5
24,101,-700.0,1020345.0
24,102,-800.0,1022407.5
24,103,-1400.0,1034462.5
24,104,-900.0,1024515.0
24,105,-1300.0,1032585.0
24,106,-1700.0,1040650.0
24,107,-1900.0,1044715.0
24,108,-2000.0,1046777.5
24,109,-2100.0,1048855.0
24,110,-1500.0,1036925.0
24,111,-2100.0,1048990.0
24,112,-1400.0,1035040.5
24,113,-900.0,1025113.0
24,114,-1600.0,1039160.5
24,115,-2700.0,1061243.0
24,116,-2100.0,1049320.0
24,117,-2600.0,1059368.0
24,118,-2500.0,1057430.0
24,119,-1500.0,1037480.0
24,120,-2200.0,1051522.5
24,121,-2000.0,1047577.0
24,122,-2000.0,1047632.0
24,123,-2200.0,1051717.0
24,124,-1800.0,1043771.0
24,125,-2500.0,1057818.5
24,126,-1400.0,1035865.5
24,127,-2200.0,1051935.5
24,128,-1900.0,1046009.0
24,129,-1200.0,1032076.5
24,130,-1800.0,1044141.5
24,131,-1400.0,1036211.5
24,132,-1800.0,1044271.5
24,133,-2500.0,1058344.0
24,134,-2900.0,1066396.0
24,135,-1800.0,1044453.0
24,136,-1800.0,1044503.0
24,137,-900.0,1026535.5
24,138,-800.0,1024613.0
24,139,-300.0,1014695.5
24,140,-500.0,1018760.5
24,141,-1400.0,1036823.0
24,142,-2200.0,1052873.0
24,143,-1900.0,1046913.5
24,144,-2700.0,1062978.5
24,145,-1900.0,1047024.5
24,146,-1100.0,1031104.5
24,147,-500.0,1019184.5
24,148,-300.0,1015264.5
24,149,-300.0,1015309.5
24,150,500.0,999359.5
24,151,600.0,997417.0
24,152,700.0,995494.5
24,153,1100.0,987574.5
24,154,1200.0,985627.0
24,155,1000.0,989702.0
24,156,1700.0,975754.5
24,157,1300.0,983844.5
24,158,1400.0,981912.0
24,159,600.0,997992.0
24,160,600.0,998032.0
24,161,800.0,994107.0
24,162,600.0,998172.0
24,163,1100.0,988229.5
24,164,1300.0,984299.5
24,165,1500.0,980359.5
24,166,1500.0,980434.5
24,167,1100.0,988479.5
24,168,1100.0,988529.5
24,169,600.0,998602.0
24,170,100.0,1008649.5
24,171,-700.0,1024714.5
24,172,-1300.0,1036784.5
24,173,-800.0,1026872.0
24,174,-600.0,1022917.0
24,175,-600.0,1022977.0
24,176,-500.0,1021054.5
24,177,-900.0,1029104.5
24,178,-1200.0,1035177.0
24,179,-1600.0,1043242.0
24,180,-1100.0,1033284.5
24,181,-1100.0,1033344.5
24,182,-1200.0,1035432.0
24,183,-2100.0,1053504.5
24,184,-1700.0,1045564.0
24,185,-1200.0,1035621.5
24,186,0.0,1011686.5
24,187,-400.0,1019766.5
24,188,-400.0,1019816.5
24,189,-500.0,1021874.0
24,190,-600.0,1023941.5
24,191,0.0,1011996.5
24,192,-900.0,1030084.0
24,193,-2200.0,1056146.5
24,194,-1400.0,1040216.0
24,195,-1100.0,1034273.5
24,196,-1300.0,1038333.5
24,197,-2300.0,1058403.5
24,198,-1700.0,1046473.5
24,199,-1500.0,1042518.5
24,200,-1500.0,1042593.5
24,201,-1700.0,1046643.5
24,202,-1600.0,1044736.0
24,203,-900.0,1030798.5
24,204,-1000.0,1032851.0
24,205,-100.0,1014888.5
24,206,200.0,1008946.0
24,207,900.0,994988.5
24,208,500.0,1003063.5
24,209,300.0,1007113.5
24,210,600.0,1001181.0
24,211,500.0,1003238.5
24,212,300.0,1007273.5
24,213,300.0,1007323.5
24,214,1100.0,991378.5
24,215,1300.0,987418.5
24,216,1100.0,991483.5
24,217,-100.0,1015563.5
24,218,-500.0,1023618.5
24,219,-800.0,1029681.0
24,220,-700.0,1027773.5
24,221,-200.0,1017816.0
24,222,-300.0,1019878.5
24,223,-200.0,1017951.0
24,224,-400.0,1022011.0
24,225,-800.0,1030066.0
24,226,-1100.0,1036128.5
24,227,-1000.0,1034191.0
24,228,-400.0,1022266.0
24,229,-700.0,1028323.5
24,230,-600.0,1026386.0
24,231,-400.0,1022426.0
24,232,100.0,1012483.5
24,233,0.0,1014541.0
24,234,300.0,1008593.5
24,235,0.0,1014641.0
24,236,200.0,1010691.0
24,237,200.0,1010751.0
24,238,700.0,1000813.5
24,239,400.0,1006876.0
24,240,1200.0,990951.0
24,241,400.0,1007001.0
24,242,1000.0,995051.0
24,243,400.0,1007126.0
24,244,1400.0,987201.0
24,245,400.0,1007261.0
24,246,300.0,1009318.5
24,247,400.0,1007381.0
24,248,-300.0,1021453.5
24,249,800.0,999536.0
24,250,100.0,1013613.5
24,251,300.0,1009678.5
24,252,400.0,1007756.0
